id,title,genre,releaseYear
1,Zootopia,Animation,2016
2,Aladdin,Animation,1992
3,Inception,Sci-Fi,2010
4,The Matrix,Sci-Fi,1999
5,Interstellar,Sci-Fi,2014
6,Arrival,Sci-Fi,2016
7,Blade Runner 2049,Sci-Fi,2017
8,Dune,Sci-Fi,2021
9,The Martian,Sci-Fi,2015
10,Avatar,Sci-Fi,2009
11,Wall E,Animation,2008
12,Toy Story,Animation,1995
13,Finding Nemo,Animation,2003
14,Inside Out,Animation,2015
15,Coco,Animation,2017
16,Spirited Away,Animation,2001
17,Your Name,Animation,2016
18,Frozen,Animation,2013
19,Moana,Animation,2016
20,Shrek,Animation,2001
21,The Lion King,Animation,1994
22,Harry Potter,Fantasy,2001
23,The Lord of the Rings,Fantasy,2001
24,Pirates of the Caribbean,Adventure,2003
25,Jurassic Park,Adventure,1993
26,Indiana Jones,Adventure,1981
27,National Treasure,Adventure,2004
28,Jumanji,Adventure,1995
29,Mission Impossible,Action,1996
30,Top Gun Maverick,Action,2022
31,Mad Max Fury Road,Action,2015
32,John Wick,Action,2014
33,The Dark Knight,Action,2008
34,Gladiator,Action,2000
35,Avengers Endgame,Action,2019
36,Black Panther,Action,2018
37,Forrest Gump,Drama,1994
38,The Shawshank Redemption,Drama,1994
39,The Pursuit of Happyness,Drama,2006
40,La La Land,Romance,2016
41,Titanic,Romance,1997
42,Before Sunrise,Romance,1995
43,The Notebook,Romance,2004
44,About Time,Romance,2013
45,Notting Hill,Romance,1999
46,Love Actually,Romance,2003
47,The Grand Budapest Hotel,Comedy,2014
48,Home Alone,Comedy,1990
49,The Intern,Comedy,2015
50,Mean Girls,Comedy,2004
51,Legally Blonde,Comedy,2001
52,School of Rock,Comedy,2003
53,The Hangover,Comedy,2009
54,Parasite,Thriller,2019
55,Gone Girl,Thriller,2014
56,Shutter Island,Thriller,2010
57,The Silence of the Lambs,Thriller,1991
58,Oldboy,Thriller,2003
59,Memories of Murder,Crime,2003
60,The Godfather,Crime,1972
61,Se7en,Crime,1995
62,Zodiac,Crime,2007
63,Knives Out,Mystery,2019
64,Memento,Mystery,2000
65,The Prestige,Mystery,2006
66,Get Out,Horror,2017
67,A Quiet Place,Horror,2018
68,The Conjuring,Horror,2013
69,Hereditary,Horror,2018
70,Train to Busan,Horror,2016
71,The Social Network,Drama,2010
72,Whiplash,Drama,2014
73,Little Women,Drama,2019
74,Minari,Drama,2020
75,Everything Everywhere All at Once,Sci-Fi,2022
76,Spider Man Into the Spider Verse,Animation,2018
77,Guardians of the Galaxy,Sci-Fi,2014
78,Doctor Strange,Fantasy,2016
79,Pan's Labyrinth,Fantasy,2006
80,The Shape of Water,Fantasy,2017
81,The Devil Wears Prada,Comedy,2006
82,Ocean's Eleven,Crime,2001
83,Catch Me If You Can,Crime,2002
84,The Truman Show,Drama,1998
85,Eternal Sunshine,Romance,2004
86,The Imitation Game,Drama,2014
87,Up,Animation,2009
88,Ratatouille,Animation,2007
89,Soul,Animation,2020
90,A Star Is Born,Romance,2018
91,Crazy Rich Asians,Romance,2018
92,The Proposal,Romance,2009
93,Edge of Tomorrow,Sci-Fi,2014
94,Ex Machina,Sci-Fi,2014
95,Tenet,Sci-Fi,2020
96,Baby Driver,Action,2017
97,The Raid,Action,2011
98,The Bourne Identity,Action,2002
99,1917,Drama,2019
100,The King's Speech,Drama,2010
101,Return to Sydney,Thriller,2015
102,The Season of Harbor,Comedy,2008
103,Valley Theory,Animation,1975
104,Beyond the Witness,Comedy,1990
105,Crimson Days,Drama,1974
106,Inside the Cosmic Memory Chapter 3,Animation,1984
107,Fallen Days,Sci-Fi,2024
108,A Hollow Island,Romance,1986
109,Inside the Fallen Kingdom,Animation,2023
110,Dawn Protocol,Sci-Fi,1986
111,Legend Protocol,Romance,1976
112,A Lunar Kingdom,Drama,1999
113,Iron Signal,Animation,2024
114,The Crimson Castle,Romance,1996
115,The Empire of Boston,Action,2004
116,Before the River,Romance,2002
117,Paris Heart,Animation,1998
118,Before the Legend,Romance,1977
119,The Echo of Amazon,Adventure,1992
120,Inside the Blue Echo,Crime,1972
121,Beyond the Promise,Animation,1972
122,Lunar Fire,Sci-Fi,1980
123,Empire Theory,Sci-Fi,2012
124,Beyond the Echo,Thriller,1982
125,Frontier Theory Case 2,Animation,1994
126,The Puzzle of Venice,Adventure,2008
127,The Signal of Arcadia,Crime,2004
128,The Wild Memory,Animation,1972
129,After Sydney,Crime,2004
130,Circle Protocol File 9,Sci-Fi,2005
131,Memory of Boston,Crime,1998
132,Paris Voyage Part 9,Action,2025
133,Song Protocol,Action,1979
134,Ocean Tower of Nowhere,Sci-Fi,2015
135,Inside the Solar Echo File 6,Sci-Fi,1985
136,River Protocol,Sci-Fi,1988
137,After Lisbon File 2,Action,1975
138,Before the Code,Drama,1972
139,A Velvet Memory,Crime,2006
140,A Golden Carnival File 4,Fantasy,1989
141,The Forest of Moonbase,Thriller,2002
142,The Broken Secret,Drama,2003
143,A Frozen Frontier,Animation,1977
144,A Velvet Night,Drama,1985
145,Wild Days,Animation,1985
146,Tower Protocol Chapter 7,Romance,1987
147,The Silent Quest,Sci-Fi,1975
148,A Ocean Road Case 2,Crime,2014
149,Before the Galaxy,Horror,1986
150,Before the Train,Animation,1997
151,Return to Montana,Mystery,2025
152,First Bridge of Eden,Comedy,1981
153,The Secret of Berlin,Fantasy,2011
154,Beyond the Carnival,Animation,2018
155,Secret Storm,Action,1984
156,Urban Days,Sci-Fi,2009
157,Return to Nowhere,Fantasy,2021
158,The Urban Valley,Sci-Fi,2013
159,Station Protocol File 4,Romance,1995
160,Wild Stranger,Adventure,2011
161,Light Theory,Sci-Fi,1993
162,Secret Galaxy of Seoul,Action,2005
163,Return to Sahara,Adventure,1999
164,A Savage Season Chapter 3,Horror,1974
165,Iceland Message,Drama,1977
166,Before the Station,Romance,2001
167,Harbor Code,Drama,1984
168,Electric Tower of Moonbase,Crime,2015
169,Mirror Theory,Sci-Fi,1985
170,First Days,Adventure,1993
171,Before the Station Chapter 2,Drama,1991
172,Before the Tower,Adventure,2012
173,Beyond the Machine,Animation,1999
174,Return to Montana Chapter 5,Romance,2021
175,Shadow of Seoul,Thriller,1983
176,The Light of Eden,Romance,1994
177,Return to Oslo,Romance,1995
178,Radiant Tower of Montana,Action,1988
179,Parallel Horizon,Crime,2018
180,After Oslo,Sci-Fi,1982
181,A First Ocean,Sci-Fi,2021
182,The Ocean of Lisbon Part 3,Comedy,2023
183,Wild Kingdom of London,Romance,2022
184,Before the Song,Mystery,1980
185,Forest of Avalon Case 5,Mystery,1997
186,Inside the Silent Circle,Crime,1980
187,Beyond the Song,Sci-Fi,2013
188,Brave Days Part 6,Action,1994
189,A Invisible Empire,Animation,2018
190,Wandering Days,Horror,2012
191,Labyrinth Theory,Horror,2004
192,The Lunar City,Comedy,2023
193,Bridge Theory,Animation,2010
194,The Lunar Empire,Crime,1987
195,Frontier Theory,Adventure,1975
196,The Heart of Harbor,Crime,1994
197,Promise Theory,Animation,2020
198,Return to Mars,Sci-Fi,1989
199,Iron Days,Sci-Fi,2009
200,The Voyage of Iceland,Comedy,2019
201,City of Sahara,Adventure,2005
202,The Final Room,Fantasy,1987
203,Before the Horizon,Adventure,2002
204,Gentle Forest of Mars,Drama,2016
205,A Wild Empire,Comedy,1973
206,After Iceland,Animation,1976
207,Solar Circle,Thriller,2018
208,Blue Mirror,Sci-Fi,1989
209,The Planet of Iceland,Sci-Fi,1987
210,Station Theory,Crime,2010
211,Before the Planet,Mystery,1978
212,Secret Theory File 2,Romance,2018
213,Burning Message of Havana Case 9,Action,1972
214,Harbor Castle,Adventure,1980
215,After Lisbon Part 7,Drama,2004
216,Beyond the Ocean,Comedy,2025
217,The Frozen Fire,Thriller,1996
218,Eden Kingdom Case 8,Horror,2011
219,Bridge Protocol,Mystery,2014
220,Mars Shadow,Sci-Fi,1992
221,Inside the Eternal Planet Case 5,Mystery,2010
222,Inside the Last Valley,Animation,2001
223,After Venice,Action,1995
224,A Brave Carnival File 3,Animation,1995
225,Hollow Frontier of Arcadia,Animation,1983
226,Hollow Door of Lisbon,Action,1981
227,Before the Horizon Part 8,Horror,2006
228,Bright Frontier,Horror,2010
229,A Glass Ocean,Drama,2025
230,Eden Castle,Romance,1986
231,A First Forest,Romance,2002
232,The Promise of Harbor Chapter 6,Romance,2003
233,Before the Code Chapter 9,Romance,1972
234,Blue Days,Drama,1997
235,Endless Horizon Part 9,Adventure,1979
236,A Endless Message,Crime,1989
237,Beyond the Shadow,Animation,1974
238,Kyoto Forest,Crime,2001
239,Inside the Forgotten Storm,Action,2009
240,Prague Quest,Romance,1977
241,Forest Theory,Crime,1993
242,Restless Garden,Comedy,1975
243,After Kyoto,Sci-Fi,1974
244,Room Theory,Comedy,1989
245,After Prague,Thriller,2010
246,Beyond the Station,Sci-Fi,2021
247,A Forgotten Road File 7,Thriller,2016
248,After Nowhere,Animation,1972
249,Before the Labyrinth,Animation,2010
250,Distant Bridge,Action,1989
251,Before the Secret File 7,Drama,1984
252,Inside the Lonely Galaxy,Sci-Fi,1978
253,Heart Theory,Animation,1994
254,Inside the Final Garden,Thriller,1977
255,Burning Days,Fantasy,1993
256,After Orion,Adventure,1983
257,The Door of Venice,Fantasy,1984
258,Inside the Neon Valley,Fantasy,2013
259,Season of Havana,Animation,1982
260,Boston Horizon Part 9,Animation,2024
261,After Brooklyn File 6,Adventure,1977
262,Forgotten Days,Comedy,2009
263,Room Protocol,Romance,1999
264,The Door of Kyoto Case 6,Comedy,2016
265,Kingdom Protocol,Animation,1992
266,Strange Labyrinth,Fantasy,1972
267,Boston Light,Thriller,1973
268,Dark Days,Comedy,1997
269,Stranger Theory,Action,2005
270,The Bridge of Nowhere,Crime,1983
271,Forgotten Galaxy,Romance,2014
272,The Electric Secret,Comedy,2007
273,Wild Fire,Romance,1978
274,Beyond the Code,Fantasy,2017
275,After Harbor,Drama,1991
276,Tower Theory,Adventure,1974
277,Sahara Mirror,Comedy,2013
278,A Final City,Animation,1990
279,Last Kingdom of Orion,Romance,1977
280,Silver Mirror of Harbor,Sci-Fi,2015
281,Ancient Days,Animation,1985
282,Secret Theory,Horror,2023
283,Before the Forest,Fantasy,1976
284,After Havana,Drama,1985
285,A Lunar Carnival,Comedy,1984
286,The Carnival of Amazon,Crime,1974
287,Last Days,Romance,2008
288,Season of Iceland,Action,1974
289,Forgotten Song,Comedy,2007
290,Tokyo Room,Drama,2019
291,Brooklyn River,Sci-Fi,1995
292,Lisbon Signal,Horror,2023
293,Before the Secret,Romance,1987
294,Inside the Midnight Stranger,Animation,2022
295,After Atlantis,Crime,1984
296,Quantum Bridge,Romance,2019
297,Beyond the Light,Action,2022
298,After Nevada,Romance,1991
299,Heart Protocol Part 6,Comedy,1986
300,Radiant Mirror of Venice,Drama,2011
301,Distant Days,Crime,1997
302,Before the Ocean,Drama,2007
303,Beyond the Heart,Romance,1997
304,The Forgotten Secret,Animation,1984
305,Return to Amazon,Sci-Fi,1978
306,Stranger Protocol,Romance,1988
307,Return to London,Romance,1991
308,Voyage Theory,Romance,2018
309,Valley Protocol,Animation,2021
310,Berlin Night File 6,Animation,2005
311,The Lost Bridge,Adventure,1988
312,Return to Iceland,Drama,2004
313,A Blue Night,Drama,2024
314,Return to Atlantis,Sci-Fi,2021
315,Beyond the Road,Romance,2001
316,Return to Sydney Part 2,Drama,2022
317,Inside the Solar Storm,Animation,2015
318,Beyond the Dawn,Sci-Fi,2012
319,Galaxy Theory Chapter 7,Adventure,2013
320,Beyond the Empire Chapter 4,Adventure,2010
321,Arcadia City,Sci-Fi,2001
322,A Strange Echo Part 9,Action,1995
323,Restless Station of Havana,Fantasy,2012
324,Return to Eden,Animation,2021
325,Beyond the Quest,Romance,1992
326,The Garden of Seoul,Action,1973
327,The Burning Quest,Romance,1973
328,After Manhattan,Drama,1995
329,Beyond the Voyage,Romance,2022
330,Inside the Wandering Tower,Sci-Fi,1984
331,The Broken Witness,Sci-Fi,1995
332,Inside the Dark Garden,Thriller,1973
333,Royal Days File 8,Drama,1995
334,Before the Frontier,Drama,1988
335,Puzzle Theory,Sci-Fi,1986
336,Inside the Wild Mirror,Comedy,1984
337,A Ocean Carnival,Fantasy,1994
338,Royal Archive,Sci-Fi,1996
339,Galaxy Protocol Part 3,Animation,1990
340,Brooklyn Carnival,Animation,2014
341,Parallel Voyage of Venice,Drama,2012
342,The Eternal Room,Comedy,1981
343,Inside the Savage Door Chapter 4,Adventure,2023
344,A Midnight Shadow File 2,Thriller,1974
345,The Iron Storm,Crime,1984
346,After Sydney Case 4,Drama,2023
347,Prague Garden,Action,1986
348,Electric Days,Action,1982
349,Fallen Ocean of Eden,Romance,1973
350,Harbor Train,Animation,2003
351,Signal Protocol,Horror,2025
352,Voyage of Mars,Action,1972
353,River Theory,Action,2004
354,A Lonely Quest,Crime,1997
355,Return to Nevada,Drama,1993
356,Golden Voyage Case 6,Animation,1994
357,Return to Eden Case 8,Action,2018
358,Manhattan Code,Action,1983
359,The Carnival of Arcadia,Action,2002
360,Return to Mars File 3,Animation,2000
361,Inside the Quantum Message,Action,1984
362,Inside the Royal Night,Sci-Fi,1979
363,Inside the Silver Planet,Fantasy,1999
364,A Silent Storm,Romance,1976
365,After Boston Chapter 7,Sci-Fi,1997
366,City of London,Crime,1995
367,Puzzle of Manhattan,Animation,1989
368,A Silent Forest,Animation,2021
369,Quantum Island of Berlin,Action,1997
370,Dream of Sahara,Animation,1981
371,Atlantis Night,Adventure,1995
372,Beyond the City,Romance,1990
373,A Burning Song,Animation,2024
374,Mars River,Fantasy,1996
375,Radiant Garden of Berlin,Romance,2013
376,Venice Light,Comedy,2006
377,Memory Theory,Action,2019
378,Inside the Parallel Station,Sci-Fi,2006
379,A Electric Station,Action,2002
380,Eden Puzzle,Animation,1978
381,Dark Station of Havana Case 5,Action,1996
382,A Solar Island,Sci-Fi,1976
383,A Silent Labyrinth,Fantasy,1987
384,Beyond the Season,Action,2001
385,Labyrinth Protocol,Animation,1989
386,A Hidden Memory,Comedy,2007
387,Witness Protocol,Animation,2013
388,The Golden Circle,Romance,2017
389,Beyond the Frontier,Romance,2021
390,Puzzle of Oslo,Animation,2001
391,Neon Dawn Part 6,Animation,2018
392,Inside the Cosmic Storm,Action,2010
393,Dark Island of Oslo,Comedy,2014
394,Empire of Atlantis,Crime,1985
395,A Savage Road,Action,1990
396,Road Theory,Crime,1980
397,Return to Paris,Sci-Fi,2020
398,The Last Horizon,Adventure,1984
399,Castle of Boston,Animation,2011
400,Seoul Forest,Animation,1992
401,A Cosmic Shadow,Romance,1985
402,Gentle Valley,Drama,1992
403,Code of Harbor,Romance,1972
404,Inside the Lost Dream,Animation,1977
405,Parallel Voyage,Romance,2016
406,Parallel Days,Animation,2010
407,A Gentle Valley,Mystery,1980
408,Glass Days,Romance,2018
409,Before the Witness,Drama,1974
410,Before the Signal,Action,1989
411,Before the Puzzle File 5,Horror,2008
412,The Quantum Road,Sci-Fi,1994
413,A Endless Stranger,Romance,1998
414,Nowhere Signal,Action,1990
415,Ocean Protocol Case 6,Adventure,2007
416,After Amazon,Animation,1995
417,Garden of Iceland,Animation,1973
418,Before the Valley,Horror,1991
419,After Cairo,Horror,1980
420,Fire Theory,Romance,1978
421,Heart Protocol,Drama,1997
422,Before the Road Part 3,Comedy,1981
423,Silver Garden of London,Action,1981
424,Island Theory,Horror,2005
425,Inside the Silver Voyage,Drama,2020
426,The Valley of Lisbon,Fantasy,1980
427,The Ancient Night,Sci-Fi,2017
428,After Orion Case 8,Drama,2025
429,A Silent Stranger,Action,2020
430,The Legend of Arcadia Part 3,Drama,2015
431,Return to Venice,Action,2025
432,Forgotten Dawn,Animation,1990
433,Silent Days File 2,Crime,1981
434,The Hollow Memory,Fantasy,1972
435,The Velvet Train,Drama,2019
436,Wandering Door of Eden,Thriller,2002
437,Radiant Planet,Animation,1984
438,Station Protocol File 3,Drama,1996
439,Nevada Echo,Action,2023
440,Room Protocol File 4,Drama,2009
441,Manhattan Fire Case 5,Romance,2000
442,Strange Days,Romance,1989
443,Brave Signal Case 8,Sci-Fi,2013
444,Gentle Days,Romance,2005
445,A Lonely Puzzle,Drama,2001
446,Radiant Days Part 9,Fantasy,1995
447,Night Theory,Drama,1982
448,The Train of Montana Part 2,Fantasy,2020
449,Inside the Forgotten Room Part 4,Animation,2008
450,Lisbon Light,Sci-Fi,2002
451,Inside the Red Road,Mystery,2012
452,City Protocol,Action,1994
453,Neon Machine,Sci-Fi,1981
454,Beyond the Secret,Action,2012
455,Beyond the Forest,Crime,1996
456,Eternal Planet of Seoul Part 9,Fantasy,1982
457,Radiant City Part 8,Action,2004
458,Inside the Ocean Empire Case 6,Crime,1991
459,Empire Protocol,Crime,2006
460,Return to Venice Part 5,Fantasy,1978
461,Before the Puzzle,Action,1997
462,Silver Heart of Amazon,Horror,2006
463,A Final Door,Sci-Fi,1997
464,The Mirror of Oslo,Animation,2007
465,The Stranger of Nevada,Mystery,2017
466,Inside the Lonely Light,Horror,2011
467,A Eternal Bridge,Fantasy,1988
468,Havana Bridge,Action,2013
469,Glass Dream,Action,1978
470,A Strange Frontier,Thriller,1975
471,Parallel Fire Chapter 6,Mystery,1985
472,Restless Station of Oslo,Action,2019
473,Season of Brooklyn,Fantasy,1996
474,Harbor Ocean,Romance,1977
475,Final Heart,Drama,2024
476,Code of Sydney,Romance,2020
477,Gentle Room,Comedy,2018
478,The Last Carnival,Drama,1981
479,Tower of Nowhere,Romance,2006
480,Manhattan Legend,Sci-Fi,1980
481,Before the Door Case 2,Thriller,1993
482,Before the Archive,Animation,2004
483,Harbor Memory,Sci-Fi,2019
484,Seoul Road,Action,2013
485,Beyond the Kingdom,Horror,1985
486,Inside the Red Witness,Romance,1979
487,Savage Days,Sci-Fi,1992
488,Song Protocol Part 9,Thriller,2013
489,After Paris,Drama,2008
490,A Lost Valley Chapter 5,Crime,1994
491,A Urban Archive,Romance,2007
492,Before the Night,Animation,1993
493,Inside the Last Light,Action,2020
494,The Dream of Seoul,Sci-Fi,1987
495,Beyond the Fire,Animation,2018
496,Season Theory,Fantasy,1972
497,Archive Theory,Romance,2018
498,The Tower of Oslo,Sci-Fi,1992
499,A Parallel Signal,Action,1994
500,Island Protocol Part 9,Drama,2010
501,The Mirror of Iceland,Fantasy,1975
502,The Train of Moonbase Case 2,Action,1996
503,Beyond the Dream,Fantasy,1974
504,Return to Moonbase,Drama,2002
505,City of Amazon,Comedy,1975
506,Tokyo Heart,Sci-Fi,1987
507,After Seoul,Action,1982
508,Dream Theory,Crime,2015
509,Inside the Distant Voyage,Comedy,1981
510,Neon Labyrinth of Havana,Sci-Fi,1976
511,Castle Theory Chapter 9,Action,2016
512,Bright Light Case 9,Comedy,2004
513,A Hidden Code,Animation,1982
514,Beyond the Door,Action,2001
515,Carnival of Brooklyn,Crime,1974
516,Before the Road,Romance,1989
517,Before the Memory Case 3,Sci-Fi,1988
518,After Boston,Animation,2014
519,Beyond the Archive,Adventure,1984
520,Return to Brooklyn,Animation,1994
521,Cosmic Mirror of Moonbase,Romance,2021
522,A Frozen Castle,Animation,1981
523,A Brave Circle File 2,Action,1980
524,The Forgotten Valley Chapter 2,Drama,1976
525,Blue Castle,Action,1995
526,Parallel Horizon of Tokyo,Animation,1996
527,Solar Room of Havana,Animation,2007
528,The Secret of Tokyo,Romance,2012
529,Paris Ocean,Crime,1980
530,Shadow of Cairo,Crime,2014
531,The Song of Nowhere,Thriller,1979
532,Nowhere Season,Animation,2019
533,Brave Light,Romance,1987
534,Galaxy Theory,Drama,1979
535,Brave Ocean of Lisbon,Fantasy,1975
536,Secret Days,Crime,1981
537,Echo of Havana File 3,Sci-Fi,1974
538,The Galaxy of Eden,Animation,1986
539,Before the Shadow,Horror,2013
540,Return to Manhattan Case 3,Romance,1976
541,Inside the Urban Tower,Thriller,1989
542,Light Protocol Case 2,Drama,2018
543,The Dark Dawn,Crime,1991
544,The Memory of Seoul,Animation,1972
545,Lunar Galaxy,Sci-Fi,1978
546,A Urban Quest Case 3,Sci-Fi,2023
547,London Fire,Romance,1986
548,Legend Theory,Drama,1975
549,The Distant Station,Comedy,2021
550,Tokyo Dream,Comedy,1974
551,Inside the Iron City File 8,Horror,1972
552,Last Ocean,Mystery,1980
553,Lonely Quest,Crime,1981
554,Return to Harbor Case 7,Drama,1999
555,Gentle Door Case 2,Action,2002
556,The First Valley,Action,2020
557,Eternal Days,Fantasy,1981
558,Silent Heart of London,Action,1986
559,Savage Horizon of Montana File 2,Animation,2014
560,Restless Archive Part 6,Animation,1998
561,Seoul River,Crime,2008
562,Oslo River,Animation,1989
563,After London Part 9,Mystery,1994
564,Before the Dream,Drama,1993
565,The Red Labyrinth,Sci-Fi,2025
566,A Gentle Garden,Animation,1999
567,Beyond the Puzzle File 5,Horror,2022
568,The Distant Ocean,Action,2020
569,Paris Tower,Mystery,2004
570,Echo Protocol Case 7,Romance,1979
571,Train Theory,Drama,2002
572,A Glass Machine,Action,1988
573,The Midnight Season Chapter 3,Mystery,2015
574,After Berlin,Sci-Fi,2021
575,Return to Berlin,Animation,1979
576,The Urban Planet,Fantasy,1993
577,Beyond the River,Comedy,1998
578,Empire of Cairo,Romance,1990
579,Brave Days,Drama,2006
580,Lonely Days,Animation,1978
581,Return to Orion,Animation,2019
582,Before the Machine,Romance,2009
583,Light Protocol,Animation,2017
584,The Savage Shadow,Thriller,2002
585,Wandering Voyage,Crime,2016
586,The Tower of Lisbon,Horror,1988
587,Voyage Protocol,Adventure,1976
588,Midnight Days,Horror,1983
589,Solar Tower of Nowhere Chapter 8,Animation,2018
590,Carnival Theory,Action,1982
591,Bridge of Iceland Part 2,Drama,2014
592,Return to Cairo,Fantasy,1976
593,Echo Protocol,Adventure,2012
594,Before the Legend Part 2,Romance,1979
595,Quantum Garden,Action,2019
596,A Velvet Storm Case 3,Romance,1999
597,Return to Havana,Action,1977
598,Inside the Fallen River,Action,1978
599,The Voyage of Avalon,Drama,1983
600,The Cosmic Room,Sci-Fi,2025
601,Lost Days,Fantasy,1977
602,After Moonbase,Animation,2025
603,Beyond the Valley,Sci-Fi,2000
604,The River of Havana,Thriller,1991
605,Brooklyn Promise,Crime,2018
606,Return to Oslo Part 6,Crime,1978
607,Planet Theory,Comedy,1977
608,A Secret City,Drama,1996
609,Dark Mirror,Adventure,2018
610,Inside the Cosmic Train,Action,2010
611,Berlin Room,Action,1993
612,The Room of Avalon,Comedy,2008
613,The Horizon of Atlantis,Animation,2005
614,Season of Amazon Part 9,Horror,2008
615,Parallel Empire,Drama,2003
616,A Fallen Galaxy,Animation,1976
617,Beyond the City Part 8,Animation,1995
618,A Endless Ocean,Drama,2018
619,A Broken Code,Fantasy,1984
620,Glass Valley,Crime,2000
621,Inside the Ancient River,Comedy,1982
622,The Last Tower,Action,1999
623,The Secret Code,Adventure,1999
624,Bright Days,Animation,1990
625,The Message of Eden,Mystery,2024
626,The Road of Mars,Horror,1990
627,The Silent Train Case 8,Comedy,1972
628,Carnival of Lisbon,Adventure,1999
629,Red Days File 6,Action,2022
630,Inside the Secret Room Part 4,Comedy,1993
631,Before the Island,Action,2005
632,Return to London Part 9,Drama,2009
633,Beyond the Island,Romance,1988
634,A Secret Dawn File 2,Action,2000
635,Restless Empire of Oslo,Horror,2002
636,Quantum Valley,Animation,1998
637,The Blue Code,Action,2018
638,The Planet of Harbor,Fantasy,1994
639,Blue Ocean,Romance,2019
640,Distant Witness of Venice,Thriller,1974
641,Crimson Echo File 4,Action,2016
642,The City of Seoul,Mystery,1987
643,After Montana,Animation,2008
644,The Machine of Lisbon,Fantasy,1986
645,Neon Forest,Sci-Fi,2021
646,Storm of Harbor,Animation,1975
647,Wild Code,Fantasy,2009
648,Return to Atlantis Case 8,Romance,1990
649,Dream of Venice,Action,1993
650,Electric Quest,Comedy,2004
651,Road Protocol,Sci-Fi,2021
652,River of Iceland Chapter 9,Sci-Fi,2002
653,Garden Protocol Case 6,Comedy,1975
654,Kyoto Echo,Adventure,1991
655,The Castle of Nowhere,Animation,1988
656,Inside the Radiant Echo,Action,1973
657,Havana Mirror,Animation,1984
658,Cosmic City,Adventure,2021
659,The Dawn of Iceland,Animation,1984
660,Castle of Venice,Comedy,2019
661,A Bright Archive File 8,Crime,1984
662,Midnight Planet,Sci-Fi,2002
663,After Seoul Part 7,Romance,2017
664,The Quest of Orion,Crime,2001
665,Secret of Tokyo,Fantasy,2023
666,The Garden of London,Crime,1991
667,Blue Labyrinth of Paris File 6,Crime,1977
668,Inside the Parallel Message,Romance,1984
669,Urban Frontier of Nevada,Thriller,2009
670,Beyond the Tower,Animation,1996
671,Strange Dawn,Sci-Fi,2000
672,Beyond the Voyage File 6,Crime,2012
673,A Shadow River File 2,Sci-Fi,1977
674,Silver Season,Romance,1989
675,Message Protocol,Fantasy,2005
676,Voyage of Tokyo,Action,2006
677,Inside the Cosmic Dream,Thriller,2000
678,Golden Train of Brooklyn,Sci-Fi,2002
679,A Glass Witness,Drama,1994
680,Restless Days File 8,Action,2019
681,Garden Theory,Romance,1976
682,The Lonely Mirror Part 6,Mystery,2019
683,City Theory,Drama,1999
684,Forest of Cairo,Animation,1981
685,Return to Sahara Chapter 8,Animation,1982
686,Station Protocol,Comedy,1976
687,A Burning Bridge,Sci-Fi,1989
688,Horizon Theory Part 4,Animation,2011
689,The Quest of Moonbase,Horror,2016
690,Before the Kingdom,Comedy,2017
691,A Royal Signal File 3,Adventure,1998
692,The Dream of Havana Part 8,Romance,1986
693,The Radiant Code Part 4,Drama,1987
694,A Radiant Room Chapter 7,Animation,2008
695,Strange Signal,Mystery,1977
696,Inside the Crimson City,Animation,2002
697,Before the Light,Animation,1976
698,Inside the Hidden City,Romance,1976
699,Inside the Quantum Puzzle,Mystery,1987
700,Door Protocol File 2,Crime,1989
701,Final Frontier of Seoul Chapter 8,Mystery,1990
702,Inside the Ocean Light,Comedy,1988
703,The Velvet Secret,Adventure,2006
704,A Eternal Tower,Romance,1996
705,Blue Kingdom of Venice,Horror,1988
706,Sacred Song,Comedy,1978
707,Signal of Prague,Sci-Fi,1989
708,After Mars,Adventure,2024
709,Forgotten Shadow,Sci-Fi,2013
710,The Fire of Avalon,Animation,1977
711,Dream Protocol,Romance,1987
712,Return to Kyoto,Thriller,2009
713,Ocean of Moonbase Case 9,Drama,1985
714,The Forgotten Memory,Sci-Fi,1989
715,Forgotten Days Part 5,Comedy,1973
716,The Frontier of Mars File 5,Action,2021
717,Harbor Galaxy Chapter 9,Romance,2025
718,Before the Forest File 2,Romance,1980
719,Distant Code of Cairo,Mystery,2006
720,Inside the Brave Galaxy,Drama,2011
721,Inside the Lunar Bridge,Crime,2023
722,Eden Forest,Drama,1991
723,Machine Theory,Drama,1992
724,The Sacred Legend Case 6,Sci-Fi,1978
725,Dawn of Orion,Adventure,1980
726,Beyond the Castle,Romance,2020
727,Inside the Hollow Circle,Romance,1989
728,The Archive of Iceland,Romance,1985
729,The Dawn of Eden,Romance,1989
730,Tokyo Planet Part 6,Animation,2000
731,Mars Ocean,Sci-Fi,2002
732,Inside the Secret Kingdom,Crime,2019
733,Valley of Orion,Sci-Fi,2020
734,Sacred Galaxy of Eden Part 2,Sci-Fi,1977
735,Season of Moonbase,Comedy,1997
736,A Broken Kingdom File 7,Drama,2017
737,Room Theory Chapter 2,Animation,1986
738,Dark River of Avalon,Sci-Fi,2002
739,Night of Boston Chapter 5,Comedy,2005
740,The Island of Cairo,Drama,2019
741,Castle of Manhattan,Animation,2022
742,The Savage Fire,Romance,2011
743,Boston Voyage,Drama,1981
744,Return to Avalon,Romance,2010
745,Velvet Planet of Paris,Sci-Fi,2020
746,The Ancient Dream,Horror,1975
747,Beyond the Storm,Animation,2012
748,Iron Echo,Fantasy,2007
749,A Distant Circle File 4,Animation,1977
750,The Planet of Avalon,Action,1997
751,The Frontier of Berlin File 9,Fantasy,2010
752,Before the Voyage,Sci-Fi,2022
753,Inside the Gentle Station,Action,1995
754,The Frontier of Nevada,Comedy,2002
755,Crimson Train of Berlin,Action,1998
756,The Stranger of Brooklyn,Action,1981
757,After Sahara,Horror,1973
758,Silent Dawn of Oslo,Comedy,1976
759,The Lonely Dawn,Sci-Fi,2018
760,Archive Protocol,Drama,1977
761,After Brooklyn,Comedy,2006
762,A Lonely Valley,Thriller,2012
763,Return to Mars Chapter 9,Horror,2024
764,Before the Message,Action,2023
765,A Broken Heart,Sci-Fi,2013
766,Electric Puzzle of Tokyo,Drama,1985
767,Signal Protocol Chapter 7,Horror,2014
768,Inside the Final River,Crime,2018
769,Door Protocol,Action,1990
770,Radiant Days,Action,2000
771,Puzzle Protocol,Animation,1975
772,Dream of Havana,Action,2011
773,Before the Door,Fantasy,2023
774,The Door of Montana,Romance,2014
775,Lonely Horizon of Tokyo,Crime,1993
776,Castle Protocol,Sci-Fi,2014
777,Legend of Prague,Horror,2021
778,Lunar Empire of Nowhere,Sci-Fi,2011
779,Return to Lisbon,Animation,1994
780,Venice Bridge,Animation,1988
781,The Message of London File 2,Crime,2002
782,Inside the Solar Message,Mystery,2018
783,Witness Theory Chapter 8,Animation,1976
784,Mirror of Brooklyn,Action,1998
785,Beyond the Horizon Chapter 3,Sci-Fi,2024
786,After Harbor Part 5,Drama,2008
787,Strange Mirror,Horror,2002
788,Before the Stranger Chapter 6,Drama,1988
789,Inside the Shadow Bridge,Animation,1990
790,The Mirror of Tokyo,Romance,2020
791,Beyond the Room Case 6,Animation,2002
792,The Sacred Valley Case 3,Sci-Fi,2014
793,The Broken Door,Sci-Fi,2013
794,A Radiant Valley,Romance,2023
795,Circle of Iceland,Romance,1979
796,Echo Theory,Romance,2024
797,Return to Lisbon File 2,Animation,1983
798,Tower of Cairo,Romance,1984
799,The Dawn of Sahara,Animation,2022
800,The Season of Eden,Crime,1973
801,The Room of Iceland,Sci-Fi,1994
802,A Savage Tower,Animation,1987
803,Royal Days,Sci-Fi,1987
804,A Velvet Echo,Comedy,2022
805,Kingdom of Moonbase Part 3,Adventure,2007
806,Fallen Train,Drama,2003
807,Cairo Signal,Fantasy,1984
808,A Neon Shadow,Mystery,1976
809,Code of Iceland,Drama,1979
810,Secret Carnival Chapter 8,Action,1974
811,Beyond the Planet,Comedy,1979
812,Royal Night of London,Sci-Fi,2000
813,Train of Sahara,Action,2021
814,Station of Nowhere,Horror,1991
815,Return to Amazon Chapter 8,Animation,1980
816,Silver Valley Case 3,Sci-Fi,1994
817,Beyond the Night,Sci-Fi,1993
818,Ocean Witness of London,Sci-Fi,1973
819,Restless Days,Sci-Fi,2022
820,The Frozen Song,Adventure,2010
821,Beyond the Message,Drama,1981
822,Inside the Neon Mirror,Animation,1989
823,Storm Theory,Action,2006
824,Iron Valley of Venice File 9,Adventure,2001
825,Message Theory Chapter 4,Horror,1972
826,Inside the Distant Planet,Animation,1988
827,Galaxy Theory Part 5,Sci-Fi,2011
828,After Eden,Sci-Fi,1996
829,The Final Valley,Action,1999
830,Silver Days,Animation,1998
831,Return to Sahara File 3,Animation,1984
832,Return to Venice File 7,Comedy,1993
833,Restless Storm Part 2,Horror,2009
834,The Valley of Eden,Sci-Fi,1983
835,The Puzzle of Iceland,Comedy,2007
836,Orion Valley,Romance,2012
837,Code Protocol,Action,1979
838,Moonbase Ocean,Thriller,1981
839,Shadow Days,Sci-Fi,2018
840,Hidden Days,Comedy,1975
841,Burning Heart of Kyoto,Sci-Fi,2001
842,The Room of Kyoto,Sci-Fi,2012
843,The Empire of Prague,Adventure,1979
844,Before the Echo,Drama,2013
845,A Iron Heart,Drama,1998
846,Return to Nevada Part 3,Animation,2002
847,Beyond the Stranger,Animation,2001
848,Inside the Sacred Puzzle,Comedy,2025
849,After London,Thriller,1992
850,The Blue Dream,Thriller,2005
851,Dawn Theory,Crime,2023
852,Storm Protocol,Drama,1984
853,Carnival of Havana,Sci-Fi,2020
854,Before the Fire File 6,Adventure,2024
855,Beyond the Circle,Sci-Fi,2011
856,Signal of Boston,Drama,1989
857,Inside the Golden Mirror,Animation,2016
858,The Song of Boston,Drama,2008
859,Broken Days File 4,Sci-Fi,2005
860,Mars Season Chapter 2,Animation,1985
861,Electric Shadow,Romance,2000
862,Hollow Puzzle,Thriller,2006
863,The Lonely Shadow,Horror,1996
864,The Endless Circle,Crime,1976
865,The Neon Storm,Action,1995
866,The Distant Galaxy,Comedy,2014
867,The Silent Castle,Fantasy,1972
868,Hidden Heart,Sci-Fi,1997
869,Train Theory File 6,Romance,2002
870,The Archive of Manhattan,Fantasy,1986
871,Inside the Final Ocean,Thriller,2017
872,Kingdom Protocol Chapter 2,Drama,1981
873,The Dawn of Sydney,Horror,2007
874,The Restless Machine,Action,1995
875,Inside the Last Room,Crime,2019
876,Inside the Forgotten Signal,Animation,1997
877,Beyond the Fire Part 4,Comedy,1973
878,Moonbase Planet,Romance,1979
879,Mars Legend,Animation,2015
880,A Frozen Kingdom Case 4,Romance,2012
881,Forgotten Machine of Boston,Fantasy,2020
882,Labyrinth of Paris,Comedy,1999
883,Train Protocol,Romance,1986
884,Inside the Bright Heart,Sci-Fi,1992
885,Beyond the Message Case 9,Comedy,2009
886,Lisbon Echo Part 4,Comedy,1990
887,The Strange Voyage Chapter 5,Drama,2004
888,Galaxy of Lisbon,Animation,2013
889,Brooklyn Door,Sci-Fi,1997
890,Puzzle Theory Part 2,Romance,2011
891,Broken Season,Animation,2013
892,Inside the Royal Kingdom,Fantasy,1979
893,Beyond the Code Case 6,Action,2001
894,Horizon Protocol,Animation,2024
895,Carnival of Kyoto,Romance,2003
896,Solar Days,Action,2022
897,A Final Witness,Sci-Fi,1994
898,Sacred Days,Romance,1980
899,Inside the Secret Code,Drama,2012
900,Horizon of Montana,Fantasy,1983
901,Inside the Ancient Signal,Mystery,2002
902,The Voyage of Kyoto,Sci-Fi,1986
903,Inside the Ocean Stranger,Action,1997
904,Inside the Wandering Shadow,Romance,1986
905,Silver Carnival of Manhattan,Sci-Fi,1980
906,Circle of Seoul Chapter 4,Fantasy,1997
907,Red Days,Horror,2005
908,Paris Frontier File 7,Mystery,2018
909,Inside the Gentle Tower,Action,2025
910,Beyond the Memory,Sci-Fi,2022
911,Wild Promise,Animation,1984
912,Montana Ocean,Animation,1994
913,The Shadow Promise Part 7,Comedy,1977
914,Ancient Secret of Sydney,Animation,1986
915,Return to Boston,Comedy,2017
916,A Hidden Dawn,Action,2013
917,A Parallel Promise,Romance,2010
918,Berlin Train Part 6,Sci-Fi,1994
919,Forest Theory File 3,Animation,2018
920,Station Theory Chapter 7,Mystery,1984
921,Atlantis Echo,Animation,2000
922,Quantum Legend,Animation,2014
923,The Velvet Promise,Sci-Fi,1983
924,Inside the Golden Puzzle,Animation,2000
925,The Midnight Night,Action,2001
926,Frozen Days,Fantasy,2007
927,Final Days,Thriller,1999
928,Distant Labyrinth of Tokyo,Adventure,2006
929,Broken Bridge Part 7,Adventure,1976
930,Crimson Code of Avalon Part 6,Animation,2014
931,Return to Manhattan,Fantasy,1995
932,Before the Dawn,Thriller,2012
933,Ancient Road of Montana,Action,2009
934,The Light of Lisbon,Horror,1999
935,Invisible Days,Adventure,2025
936,Inside the Blue Puzzle,Animation,2006
937,Eden Message,Comedy,2016
938,Return to Prague Case 7,Animation,2017
939,Shadow Theory,Crime,1995
940,Forest Protocol,Drama,1997
941,Inside the Last Code Part 7,Drama,1988
942,Before the Castle,Romance,2010
943,Amazon Planet,Adventure,2024
944,Storm of Nevada Chapter 9,Romance,1984
945,Velvet Machine of Kyoto,Crime,2002
946,A Quantum Mirror,Drama,1997
947,Atlantis Road,Adventure,1997
948,Cairo Dawn,Animation,1979
949,Atlantis Ocean,Comedy,2024
950,The Room of Sydney,Sci-Fi,1991
951,After Havana Part 9,Romance,2016
952,The Stranger of Nowhere Part 4,Comedy,1994
953,Hidden Horizon of Eden,Adventure,2006
954,The Tower of Nevada File 2,Romance,2010
955,The Ocean of Venice,Comedy,1974
956,A Invisible Promise,Action,2008
957,Final Ocean,Action,1991
958,London Voyage,Sci-Fi,1973
959,Return to Moonbase Chapter 4,Animation,2019
960,The Lost Puzzle,Action,1999
961,Galaxy Protocol,Comedy,2008
962,Inside the Distant Legend,Drama,2009
963,Inside the Urban Valley,Thriller,2020
964,The Quest of Oslo,Animation,2016
965,Inside the Gentle Night File 2,Romance,1982
966,Machine Theory File 7,Animation,2012
967,A First Song,Animation,2025
968,The Sacred Signal,Comedy,1996
969,The Station of London,Animation,2015
970,Inside the Golden Season Chapter 8,Thriller,2022
971,Dawn of Moonbase,Animation,2000
972,Last Echo of Orion Chapter 6,Horror,1996
973,Silent Days,Drama,2013
974,Shadow Voyage,Drama,1974
975,The Message of Orion,Drama,2021
976,Inside the Final Quest,Romance,1973
977,Savage Road of Nowhere,Action,2024
978,Inside the Shadow Stranger,Crime,1974
979,The Lunar Storm,Horror,2020
980,Mirror of Moonbase,Action,2023
981,After Prague Chapter 5,Thriller,1983
982,Havana Signal,Action,1976
983,The Legend of Cairo,Horror,2021
984,The Train of Nevada Case 7,Action,2012
985,Return to Seoul,Animation,2024
986,Memory Theory Part 7,Action,1972
987,Forest of Lisbon,Drama,2020
988,Inside the Midnight Night,Romance,2008
989,The Neon Signal,Sci-Fi,1972
990,A Royal City,Fantasy,1990
991,After Cairo Chapter 5,Romance,1999
992,Return to Tokyo,Animation,1975
993,Shadow of Harbor,Romance,2017
994,Inside the Urban Dream,Romance,2015
995,A Burning Archive,Drama,2011
996,The Quantum Night,Animation,1980
997,Burning Carnival Part 3,Action,2002
998,Return to Iceland Chapter 8,Thriller,1982
999,Heart of Tokyo,Fantasy,2013
1000,Savage Secret of Sahara Case 2,Animation,1981
1001,A Neon Theater,Romance,1984
1002,The Frozen Shadow,Horror,2020
1003,A Hidden Promise,Mystery,1988
1004,After Harbor Chapter 5,Mystery,1972
1005,Beyond the Frozen Legend,Action,2009
1006,Inside the Lonely River,Mystery,2010
1007,Before the Electric River,Mystery,1983
1008,Iceland Road,Adventure,1984
1009,The Bright River,Animation,2021
1010,Beyond the Electric Code,Comedy,1984
1011,The Ancient Planet,Sci-Fi,1974
1012,Heart Theory Part 8,Animation,1997
1013,Archive Theory Part 3,Adventure,1997
1014,Return to Cairo,Crime,2021
1015,Boston Ocean,Horror,2009
1016,The Silver Horizon Case 11,Action,2016
1017,Return to Tokyo,Mystery,2017
1018,Beyond the Hidden Storm,Comedy,1996
1019,Return to Venice,Comedy,2022
1020,A Urban Dream,Fantasy,1977
1021,Venice Dream,Drama,1985
1022,The Frozen River,Comedy,1990
1023,Before the Silver Garden,Animation,2021
1024,Ocean of Manila,Comedy,1992
1025,Velvet Castle,Animation,2004
1026,After Rome Chapter 5,Comedy,1975
1027,The Voyage of Dublin,Crime,1978
1028,Bright Dream,Comedy,1998
1029,Dream Theory Part 11,Romance,2002
1030,The Ocean of London,Thriller,2010
1031,Gentle Storm Part 9,Fantasy,1981
1032,After Sahara Chapter 7,Animation,1984
1033,Before the Golden Bridge,Horror,1995
1034,Beyond the Burning Machine,Drama,1976
1035,The Heart of Lisbon,Sci-Fi,1982
1036,After Brooklyn Chapter 5,Adventure,1989
1037,Beyond the Velvet Train,Fantasy,1973
1038,Ocean Theory Part 2,Sci-Fi,1973
1039,Tokyo Carnival,Horror,2024
1040,Before the Broken Dream,Drama,1998
1041,Island from Paris,Adventure,1989
1042,A Crystal Mirror,Adventure,1982
1043,Return to Brooklyn,Romance,1978
1044,Return to Seoul,Fantasy,2024
1045,Signal from Berlin,Crime,2007
1046,Mirror from Havana,Mystery,2023
1047,Signal Theory Part 5,Animation,1975
1048,A Rising Ocean,Action,1998
1049,The Wild Secret,Action,1970
1050,The Urban Secret Case 9,Romance,1986
1051,The Last Mirror Case 5,Mystery,1993
1052,The Modern Horizon Case 8,Crime,1999
1053,Beyond the Silent Garden,Animation,1979
1054,Before the Savage Storm,Horror,1991
1055,Lonely Forest Part 5,Crime,1987
1056,The Hidden Theater Case 3,Mystery,1991
1057,Return to Paris,Animation,1990
1058,The Modern Voyage Case 10,Sci-Fi,1974
1059,Legend of Rome,Romance,2025
1060,Code from Dublin,Sci-Fi,2017
1061,The Bridge of Sahara,Thriller,1976
1062,Rising Road,Animation,2024
1063,Rising Mirror Part 7,Drama,2003
1064,The Modern Code,Mystery,1992
1065,Beyond the Savage Planet,Action,2026
1066,Return to Seoul,Adventure,2003
1067,The Legend of Kyoto,Sci-Fi,2015
1068,Return to Seoul,Comedy,1991
1069,Whisper from Brooklyn,Sci-Fi,2013
1070,Inside the Secret Legend,Crime,1998
1071,The Castle of Manila,Thriller,1987
1072,Before the Midnight Whisper,Horror,1979
1073,After Sydney Chapter 3,Animation,2024
1074,The Golden Carnival Case 12,Fantasy,2019
1075,The Memory of Cairo,Mystery,1979
1076,The Rising Whisper Case 3,Romance,2012
1077,Forest of Lisbon,Comedy,1994
1078,Inside the Hidden Galaxy,Comedy,2009
1079,Inside the Neon Carnival,Action,2019
1080,Secret Theory Part 9,Crime,1989
1081,Return to Berlin,Sci-Fi,1986
1082,Inside the Bright Code,Crime,2019
1083,A First Planet,Comedy,2003
1084,The Fallen Storm Case 3,Sci-Fi,1975
1085,The Neon Road Case 7,Romance,1971
1086,A Frozen Island,Sci-Fi,1974
1087,Legend from Sahara,Adventure,1995
1088,The Wild Ocean,Crime,1989
1089,Modern Archive Part 12,Romance,1993
1090,Bridge from Seoul,Fantasy,2024
1091,Cairo Archive,Mystery,1999
1092,City of Avalon,Thriller,2014
1093,Mirror from Sydney,Adventure,2006
1094,A Rising Planet,Animation,1981
1095,The Castle of Iceland,Comedy,1991
1096,Beyond the Golden City,Romance,1999
1097,Return to Kyoto,Action,2007
1098,City Theory Part 8,Action,1999
1099,Inside the Midnight Secret,Sci-Fi,2009
1100,Before the Ancient Secret,Action,2000
1101,Return to Brooklyn,Action,1987
1102,Beyond the Frozen Memory,Romance,2003
1103,Crystal Promise Part 4,Crime,1993
1104,Before the Quantum Road,Fantasy,1989
1105,Signal from Sydney,Drama,1997
1106,After Dublin Chapter 6,Comedy,2009
1107,The Velvet Mirror,Sci-Fi,2011
1108,Prague City,Thriller,2011
1109,Before the Bright River,Animation,1999
1110,Storm from Brooklyn,Romance,2020
1111,Garden Theory Part 3,Crime,1982
1112,Return to Harbor,Drama,1973
1113,The Velvet Code,Sci-Fi,2019
1114,The First Garden,Thriller,2026
1115,Galaxy from Cairo,Adventure,2022
1116,The Scarlet Signal,Crime,1988
1117,The Carnival of Avalon,Animation,1992
1118,Galaxy Theory Part 2,Romance,2016
1119,The River of Venice,Mystery,2003
1120,Beyond the Last Heart,Fantasy,2021
1121,Inside the Quantum Forest,Crime,1987
1122,After Manila Chapter 6,Romance,1995
1123,Horizon from Havana,Animation,1988
1124,After Boston Chapter 7,Romance,1998
1125,The Modern Carnival,Comedy,2000
1126,Lisbon Memory,Crime,1982
1127,Harbor Ocean,Romance,2011
1128,Inside the Rising Carnival,Animation,2015
1129,The Silent City Case 9,Comedy,1973
1130,Storm from Cairo,Animation,1986
1131,The Urban Horizon Case 8,Animation,1988
1132,The Secret Castle Case 12,Romance,2005
1133,After Sydney Chapter 5,Adventure,1977
1134,Mirror from Mars,Romance,2012
1135,Beyond the Rising Storm,Mystery,1991
1136,Neon Forest Part 8,Crime,1989
1137,A Silver Storm,Thriller,2021
1138,After Sydney Chapter 7,Adventure,1979
1139,The Modern Code,Sci-Fi,1974
1140,Carnival from Prague,Sci-Fi,2005
1141,The Castle of Brooklyn,Mystery,2003
1142,Inside the Rising Promise,Crime,1977
1143,First Island Part 3,Romance,1977
1144,Beyond the Burning Memory,Horror,2015
1145,Signal Theory Part 8,Crime,2008
1146,Galaxy of Berlin,Crime,1997
1147,City of Venice,Fantasy,2023
1148,The First Whisper Case 8,Thriller,1974
1149,Whisper of Atlantis,Drama,1984
1150,Before the Ancient Memory,Adventure,2008
1151,The Secret Voyage,Romance,1973
1152,Gentle Mirror Part 6,Animation,2017
1153,Beyond the Gentle Night,Sci-Fi,1981
1154,Before the Secret Promise,Action,2014
1155,The Train of London,Drama,1980
1156,Ancient Dream,Romance,2017
1157,The Bright Memory Case 11,Crime,2011
1158,Rising Galaxy,Fantasy,2026
1159,The Theater of Brooklyn,Comedy,2013
1160,The Road of London,Mystery,1990
1161,The Neon Garden Case 7,Comedy,1996
1162,The Golden Forest,Drama,1980
1163,The Crystal Storm,Fantasy,2023
1164,Beyond the Savage Mirror,Thriller,2015
1165,After Berlin Chapter 4,Action,1998
1166,Return to Paris,Comedy,1970
1167,The Wild Heart Case 7,Romance,2014
1168,Before the Urban Galaxy,Fantasy,2017
1169,Promise of Paris,Animation,2002
1170,After Venice Chapter 8,Thriller,1980
1171,Before the Burning Galaxy,Adventure,2008
1172,The Lost Storm Case 8,Sci-Fi,1988
1173,Boston Whisper,Thriller,2017
1174,After Brooklyn Chapter 9,Crime,2009
1175,A Lonely Storm,Crime,1975
1176,Beyond the Golden Legend,Thriller,2014
1177,Scarlet Heart,Horror,1976
1178,The Lost Carnival,Drama,2000
1179,The Secret of Boston,Mystery,1976
1180,The Golden Machine,Mystery,2001
1181,Whisper of Cairo,Thriller,2001
1182,After Boston Chapter 5,Fantasy,1981
1183,A First Whisper,Mystery,1972
1184,Return to Mars,Adventure,1977
1185,The Wild Night Case 7,Thriller,2018
1186,Beyond the Hidden Whisper,Romance,2001
1187,After Seoul Chapter 2,Fantasy,1972
1188,Inside the Velvet Planet,Adventure,1987
1189,Galaxy from Tokyo,Fantasy,1971
1190,Neon Mirror,Crime,1983
1191,Heart of Kyoto,Crime,2006
1192,Dream Theory Part 5,Crime,1974
1193,The Final Night Case 10,Action,1971
1194,The Bridge of Sydney,Thriller,1991
1195,After Cairo Chapter 11,Mystery,2026
1196,Return to Manila,Romance,2012
1197,The Electric Horizon Case 5,Sci-Fi,1994
1198,Before the Lost Heart,Adventure,1991
1199,Train from Sydney,Action,1981
1200,Dublin Galaxy,Thriller,2005
1201,The Theater of Sydney,Adventure,1991
1202,Lisbon Island,Drama,1976
1203,Beyond the Rising Archive,Romance,1993
1204,Signal of London,Horror,1985
1205,A First Whisper,Romance,1982
1206,Return to Dublin,Adventure,2010
1207,After Brooklyn Chapter 5,Animation,1997
1208,Beyond the Silver Voyage,Crime,2022
1209,Beyond the Golden Garden,Horror,2025
1210,Storm from Dublin,Crime,2008
1211,The Galaxy of Avalon,Comedy,1992
1212,Machine from Cairo,Crime,2007
1213,Mirror of Boston,Horror,2015
1214,Horizon Theory Part 5,Fantasy,2002
1215,After Atlantis Chapter 12,Fantasy,2018
1216,The Final River,Comedy,1971
1217,Beyond the Endless Voyage,Adventure,2014
1218,The Velvet Planet Case 7,Crime,1996
1219,Sahara Code,Animation,1989
1220,The Dark Archive Case 3,Thriller,1999
1221,The Wild City Case 4,Fantasy,1970
1222,Inside the Neon Storm,Action,2023
1223,Road from Cairo,Crime,1992
1224,Return to Tokyo,Fantasy,1981
1225,Whisper from Mars,Drama,1999
1226,Planet from Mars,Mystery,2002
1227,The Horizon of Prague,Crime,2021
1228,A Velvet Theater,Adventure,1986
1229,A Silent Heart,Thriller,1980
1230,Dark Dream,Comedy,2013
1231,Theater of Lisbon,Fantasy,2025
1232,Galaxy from Rome,Sci-Fi,1999
1233,Carnival of Nevada,Animation,1993
1234,Inside the Quantum Garden,Animation,1980
1235,The Galaxy of Venice,Drama,1996
1236,The Midnight Ocean,Horror,1989
1237,Theater Theory Part 7,Animation,1972
1238,The Frozen Mirror Case 3,Adventure,1990
1239,Return to Sahara,Action,1977
1240,The Silent Road,Action,1988
1241,City Theory Part 9,Crime,1993
1242,The Lonely Voyage,Horror,1980
1243,Before the Wild Bridge,Comedy,2025
1244,The Modern Code,Animation,2005
1245,The Gentle Bridge,Adventure,2024
1246,Inside the Burning Machine,Mystery,2024
1247,A Fallen Empire,Fantasy,2006
1248,Storm of Brooklyn,Comedy,2008
1249,The Whisper of Kyoto,Horror,1985
1250,Before the Velvet Road,Animation,1987
1251,Train of London,Drama,2000
1252,The Electric Promise Case 11,Crime,2018
1253,Royal Code,Sci-Fi,2006
1254,The Secret of Tokyo,Fantasy,1993
1255,A Gentle Machine,Adventure,2020
1256,Inside the Lost Signal,Romance,2012
1257,Secret of Boston,Sci-Fi,1986
1258,After Prague Chapter 10,Comedy,1979
1259,Voyage Theory Part 12,Fantasy,2017
1260,Before the Bright Shadow,Romance,1972
1261,Return to Prague,Horror,1973
1262,The Lonely Memory,Romance,2000
1263,Night of Brooklyn,Animation,2020
1264,Archive from Atlantis,Comedy,1990
1265,Promise Theory Part 4,Drama,1991
1266,Beyond the Hidden Mirror,Mystery,2021
1267,Golden Bridge Part 6,Romance,1982
1268,Royal Storm Part 12,Action,1980
1269,Wild Signal Part 3,Romance,2002
1270,Before the Rising Signal,Fantasy,2024
1271,Island Theory Part 2,Mystery,1991
1272,Fallen Whisper,Drama,1992
1273,The Last Memory,Horror,2012
1274,Atlantis Heart,Thriller,2022
1275,Before the Burning Train,Crime,2006
1276,Inside the Urban Galaxy,Thriller,2022
1277,Endless Machine Part 12,Sci-Fi,1994
1278,The Promise of Nevada,Mystery,1970
1279,Theater Theory Part 10,Action,1971
1280,Ancient Castle Part 3,Comedy,2025
1281,Before the Secret Promise,Sci-Fi,2002
1282,The Savage Legend Case 8,Fantasy,2018
1283,Inside the Quantum Shadow,Sci-Fi,2012
1284,The Dream of Iceland,Crime,1985
1285,Before the Urban Legend,Comedy,1992
1286,The Bright Carnival,Drama,1982
1287,After Nevada Chapter 4,Mystery,2013
1288,Velvet Garden,Drama,2000
1289,Island of Sahara,Horror,1988
1290,Before the Golden Shadow,Action,2025
1291,Whisper from Berlin,Mystery,2022
1292,Beyond the Neon Secret,Horror,2000
1293,The Final Code Case 2,Drama,2013
1294,Shadow of Manila,Crime,2000
1295,Inside the Crystal Bridge,Crime,1994
1296,Tokyo Train,Crime,2013
1297,Lonely Mirror Part 3,Adventure,2020
1298,Shadow Theory Part 4,Sci-Fi,1997
1299,The Velvet River Case 6,Mystery,2022
1300,Final Castle Part 3,Horror,2026
1301,Return to Harbor,Adventure,1990
1302,Inside the Endless Mirror,Fantasy,1987
1303,Return to Kyoto,Comedy,1998
1304,Inside the Last Empire,Romance,1985
1305,The Silent Archive,Horror,2018
1306,The Archive of Kyoto,Action,2011
1307,Galaxy from Avalon,Adventure,2016
1308,Return to Dublin,Mystery,2016
1309,Galaxy from Manila,Fantasy,2006
1310,The Silver Signal,Horror,2007
1311,Brooklyn Empire,Horror,1978
1312,The Dream of Boston,Thriller,2001
1313,Beyond the Wild Planet,Horror,1989
1314,The Ancient Train Case 6,Crime,1976
1315,Storm of Iceland,Animation,1976
1316,Inside the Crystal Planet,Crime,1988
1317,Frozen Theater Part 6,Crime,1985
1318,Lonely Garden,Horror,2015
1319,Before the Wild Bridge,Thriller,1971
1320,A Velvet Ocean,Comedy,1971
1321,The Last Archive,Mystery,2009
1322,Beyond the Dark Planet,Adventure,1995
1323,The Gentle Carnival,Romance,1984
1324,After Kyoto Chapter 4,Comedy,1990
1325,The Last Castle,Animation,2026
1326,After Iceland Chapter 2,Adventure,2022
1327,The Golden Dream Case 9,Thriller,1975
1328,Road of Prague,Romance,2008
1329,The Final Voyage Case 6,Animation,2026
1330,After Mars Chapter 8,Horror,2003
1331,Signal Theory Part 2,Horror,2015
1332,The Silver Machine,Adventure,2004
1333,The First Empire Case 4,Horror,1982
1334,After Berlin Chapter 2,Crime,2022
1335,Atlantis Night,Crime,1974
1336,Storm from Sahara,Sci-Fi,1975
1337,The Island of Harbor,Thriller,2023
1338,Beyond the Fallen Heart,Adventure,1994
1339,Horizon Theory Part 2,Fantasy,2014
1340,Dark Castle,Horror,1988
1341,Kyoto Heart,Mystery,2019
1342,Archive from Lisbon,Fantasy,1996
1343,The Garden of Harbor,Action,2019
1344,Inside the Fallen Island,Animation,2011
1345,Electric Train Part 2,Adventure,1976
1346,Castle of Cairo,Adventure,1993
1347,A Velvet Empire,Animation,1981
1348,Galaxy of Sahara,Comedy,1990
1349,Beyond the Crystal Voyage,Mystery,1994
1350,The Fallen Memory,Comedy,1979
1351,Fallen Legend Part 8,Action,2009
1352,The Forest of Harbor,Animation,1991
1353,Before the Last Storm,Thriller,1992
1354,Beyond the Royal Road,Thriller,2001
1355,Before the Bright Empire,Drama,2016
1356,Midnight Shadow,Adventure,1979
1357,Beyond the Gentle Castle,Action,1973
1358,Brooklyn Dream,Action,1995
1359,Velvet Voyage Part 7,Sci-Fi,2014
1360,A Secret Train,Animation,1973
1361,Voyage from Paris,Thriller,2013
1362,A Electric Horizon,Adventure,1975
1363,Planet Theory Part 3,Action,2021
1364,Return to Iceland,Romance,1973
1365,Machine of Harbor,Thriller,1994
1366,Inside the Frozen Machine,Fantasy,2012
1367,Berlin Signal,Crime,2004
1368,Beyond the Broken River,Adventure,2011
1369,The Lost Galaxy,Thriller,1986
1370,Forest from Mars,Sci-Fi,1997
1371,Crystal River Part 8,Crime,2004
1372,Inside the Endless Galaxy,Mystery,2017
1373,The Scarlet Planet Case 3,Horror,2004
1374,After Lisbon Chapter 10,Horror,1990
1375,A Silent Night,Comedy,1985
1376,The Gentle Galaxy,Action,1975
1377,The Golden Whisper,Action,1970
1378,Inside the Dark Voyage,Drama,2003
1379,Before the Final Secret,Mystery,1986
1380,Inside the Royal Promise,Fantasy,2025
1381,Castle of Havana,Adventure,1996
1382,Return to Manila,Sci-Fi,2020
1383,The Crystal Voyage,Fantasy,1994
1384,Archive of Seoul,Drama,1979
1385,The Bright Mirror,Action,2006
1386,Castle Theory Part 11,Adventure,2017
1387,Hidden Island,Fantasy,2026
1388,Before the Savage Heart,Adventure,1993
1389,Beyond the Crystal Galaxy,Sci-Fi,1985
1390,The Urban Code Case 6,Sci-Fi,1991
1391,Legend from Prague,Thriller,2022
1392,The Burning Ocean Case 8,Sci-Fi,2004
1393,Beyond the Hidden Memory,Animation,1992
1394,The Voyage of Havana,Fantasy,2014
1395,Return to London,Horror,1987
1396,After Tokyo Chapter 3,Crime,2003
1397,Whisper from Mars,Comedy,2023
1398,Boston Heart,Sci-Fi,1993
1399,Return to Manila,Horror,2001
1400,Lost Storm,Sci-Fi,2014
1401,Road from Lisbon,Thriller,1983
1402,Lost Secret,Thriller,1979
1403,A Savage Planet,Crime,2026
1404,Before the Bright Ocean,Horror,2018
1405,Road of Sahara,Drama,2013
1406,Burning Horizon,Drama,1983
1407,Beyond the Fallen Whisper,Adventure,1997
1408,The Final Train Case 10,Animation,1977
1409,Inside the Endless Carnival,Thriller,2004
1410,Gentle Storm Part 12,Sci-Fi,2002
1411,The Neon Shadow Case 3,Mystery,2019
1412,Road from Seoul,Romance,1985
1413,The Frozen Whisper Case 6,Comedy,2024
1414,Dublin Whisper,Horror,1978
1415,Mirror of Boston,Mystery,2012
1416,Code of Manila,Thriller,1992
1417,Return to Brooklyn,Fantasy,2008
1418,Inside the Midnight Memory,Sci-Fi,1983
1419,Before the Dark Code,Mystery,2005
1420,Venice Ocean,Drama,2002
1421,Before the Lost Night,Adventure,1974
1422,After Avalon Chapter 5,Thriller,1971
1423,Theater Theory Part 9,Comedy,2021
1424,The Final Signal,Fantasy,1979
1425,Forest of Mars,Drama,2013
1426,A Hidden Carnival,Adventure,2003
1427,Return to Sahara,Comedy,2009
1428,Silent Dream,Sci-Fi,2016
1429,Return to Kyoto,Action,2000
1430,Midnight Whisper Part 11,Thriller,2001
1431,Beyond the Dark Forest,Romance,2023
1432,Scarlet Planet,Sci-Fi,2009
1433,Horizon from Tokyo,Animation,2014
1434,Return to Venice,Thriller,1987
1435,A Velvet Planet,Action,2024
1436,Ocean of Harbor,Thriller,2018
1437,Signal from Berlin,Action,1997
1438,The Burning Garden,Romance,2020
1439,Inside the Burning Code,Fantasy,1990
1440,Legend of Sydney,Romance,1971
1441,Return to Iceland,Drama,1979
1442,Rising Mirror,Adventure,2018
1443,First City Part 12,Fantasy,1970
1444,Bridge of Atlantis,Fantasy,2026
1445,The Road of Paris,Sci-Fi,2014
1446,Wild Bridge Part 9,Horror,2026
1447,A Frozen Archive,Adventure,2002
1448,Machine of Mars,Mystery,2006
1449,Theater of Seoul,Action,1991
1450,Harbor Promise,Adventure,2020
1451,The Midnight Signal Case 7,Adventure,1984
1452,Ocean from Nevada,Fantasy,1986
1453,Scarlet Train Part 4,Crime,2011
1454,Horizon Theory Part 6,Thriller,1977
1455,The Legend of Boston,Comedy,2021
1456,Before the Velvet Legend,Drama,2016
1457,London Memory,Comedy,2026
1458,Inside the Crystal Mirror,Action,2022
1459,Inside the Dark Mirror,Drama,1998
1460,Galaxy Theory Part 3,Romance,2001
1461,Silent River,Romance,1971
1462,Return to London,Sci-Fi,2021
1463,Broken Castle,Mystery,2000
1464,Beyond the Lost Machine,Drama,2008
1465,Dark Empire Part 10,Action,2003
1466,Brooklyn Mirror,Mystery,2009
1467,Beyond the Lonely Voyage,Thriller,2025
1468,Return to Iceland,Crime,1991
1469,The Archive of Boston,Crime,2002
1470,After Nevada Chapter 9,Mystery,2010
1471,After Iceland Chapter 12,Comedy,2011
1472,Ocean Theory Part 9,Horror,2008
1473,Inside the Gentle Machine,Romance,2000
1474,Whisper Theory Part 2,Drama,2000
1475,A Endless Train,Sci-Fi,2014
1476,Shadow of Mars,Comedy,2024
1477,Before the Modern Signal,Comedy,2014
1478,Inside the Bright Bridge,Comedy,2012
1479,Inside the Secret Code,Crime,1994
1480,Before the Secret Galaxy,Sci-Fi,2007
1481,Mirror Theory Part 3,Mystery,1991
1482,A Burning Theater,Horror,2009
1483,The Quantum Memory,Comedy,1989
1484,Return to Boston,Adventure,1972
1485,The Silent Promise,Sci-Fi,2022
1486,Garden from London,Drama,1993
1487,A Quantum Promise,Sci-Fi,1995
1488,The Quantum River Case 3,Crime,1984
1489,Night from Sydney,Sci-Fi,2009
1490,Inside the Broken Castle,Adventure,2020
1491,The Hidden Horizon,Drama,1983
1492,The Silent Archive,Mystery,1971
1493,Signal from Sydney,Fantasy,1978
1494,River from Sydney,Thriller,2025
1495,Machine of Sahara,Thriller,2006
1496,Planet from Boston,Crime,2007
1497,The Horizon of Sahara,Comedy,2000
1498,The Silent River Case 3,Thriller,1984
1499,The Train of Dublin,Action,1975
1500,Horizon Theory Part 7,Animation,2002
1501,Beyond the Lonely Mirror,Action,2022
1502,The Final Secret Case 3,Sci-Fi,2021
1503,Before the Velvet Machine,Adventure,1994
1504,City from London,Fantasy,1975
1505,Before the Rising Signal,Romance,1991
1506,Dream of Iceland,Action,1987
1507,Signal Theory Part 7,Comedy,1999
1508,The Ancient Shadow,Crime,2016
1509,Inside the Lost Galaxy,Sci-Fi,1973
1510,Before the Silent Galaxy,Romance,1981
1511,The Velvet Castle,Horror,2017
1512,Heart Theory Part 2,Sci-Fi,2012
1513,Machine from Kyoto,Sci-Fi,1977
1514,Before the Electric Ocean,Adventure,2001
1515,A Rising Voyage,Action,1994
1516,Inside the Fallen Castle,Thriller,2025
1517,Beyond the Modern Castle,Adventure,1997
1518,Beyond the First Ocean,Sci-Fi,1988
1519,Castle from Atlantis,Horror,2001
1520,Cairo Bridge,Thriller,2013
1521,Return to Sydney,Comedy,2010
1522,After Iceland Chapter 12,Action,1984
1523,A Frozen Garden,Sci-Fi,2023
1524,Train of Brooklyn,Romance,2003
1525,Castle of Avalon,Comedy,1977
1526,After Atlantis Chapter 6,Drama,1971
1527,Memory from Mars,Fantasy,2021
1528,The Ancient Signal Case 9,Horror,1988
1529,Garden from Sydney,Mystery,1982
1530,Inside the Velvet Shadow,Adventure,2008
1531,Bridge Theory Part 10,Crime,2010
1532,Beyond the Last Planet,Fantasy,2017
1533,Ocean Theory Part 12,Romance,2005
1534,The Train of Seoul,Animation,2023
1535,Night from Mars,Adventure,2022
1536,Return to Manila,Thriller,1972
1537,Heart Theory Part 7,Sci-Fi,2021
1538,Urban City Part 4,Sci-Fi,1997
1539,Inside the Secret Ocean,Drama,2009
1540,A Last Theater,Adventure,2004
1541,Beyond the Wild Code,Fantasy,2004
1542,Whisper Theory Part 4,Comedy,1980
1543,The Modern Ocean Case 2,Thriller,1986
1544,The Burning Night Case 11,Mystery,1980
1545,The Quantum Theater,Sci-Fi,1982
1546,Return to Kyoto,Comedy,1999
1547,Broken City,Adventure,2016
1548,Inside the Wild Night,Sci-Fi,2010
1549,Beyond the Silver Forest,Comedy,2004
1550,Beyond the Wild Machine,Romance,1981
1551,After Atlantis Chapter 3,Adventure,2013
1552,Planet from Rome,Adventure,1990
1553,Atlantis River,Action,2024
1554,Before the Burning Theater,Horror,1983
1555,Signal of Cairo,Animation,1982
1556,The Neon Road Case 7,Crime,1978
1557,Before the Silent Theater,Drama,2014
1558,Before the First Signal,Drama,1979
1559,Code Theory Part 6,Horror,2019
1560,The Broken Legend Case 12,Romance,2010
1561,Secret Code Part 5,Romance,1986
1562,The Forest of Tokyo,Thriller,1990
1563,Legend from London,Adventure,2017
1564,A Savage Garden,Comedy,1975
1565,Frozen Planet Part 9,Crime,1973
1566,Return to Iceland,Horror,1991
1567,The Garden of London,Crime,2022
1568,The River of Lisbon,Sci-Fi,2011
1569,The Archive of Venice,Horror,2001
1570,Return to Seoul,Animation,1998
1571,Road Theory Part 6,Comedy,2011
1572,After Venice Chapter 12,Thriller,1976
1573,Inside the Rising Empire,Sci-Fi,1970
1574,First Galaxy Part 12,Adventure,1992
1575,Night of Avalon,Drama,1974
1576,Electric Carnival,Animation,2020
1577,The Midnight City,Fantasy,2003
1578,After London Chapter 6,Comedy,2013
1579,Inside the Final Horizon,Sci-Fi,2013
1580,Ocean from Prague,Fantasy,2025
1581,Inside the Velvet Theater,Romance,1991
1582,Boston Bridge,Comedy,1980
1583,The Signal of Manila,Sci-Fi,1997
1584,The Fallen Memory Case 9,Action,1974
1585,Inside the Final Planet,Adventure,2013
1586,Return to Rome,Crime,2022
1587,Crystal Garden Part 5,Sci-Fi,2023
1588,Electric Signal Part 2,Thriller,1987
1589,The Train of Brooklyn,Drama,2017
1590,A Royal Island,Crime,1972
1591,Scarlet Dream Part 2,Action,1979
1592,Beyond the Savage Heart,Fantasy,2006
1593,Return to Brooklyn,Animation,1986
1594,Avalon Mirror,Fantasy,1987
1595,Before the Endless Archive,Comedy,1998
1596,Mirror of Dublin,Fantasy,2019
1597,The Empire of Lisbon,Mystery,2025
1598,The Gentle Secret,Horror,2011
1599,Return to Prague,Comedy,2002
1600,Before the Rising Forest,Fantasy,1971
1601,Silver Archive Part 9,Crime,1998
1602,Forest from Lisbon,Fantasy,1975
1603,Bridge Theory Part 2,Drama,2024
1604,The Legend of Seoul,Action,2003
1605,Bridge from Iceland,Action,2006
1606,The Theater of London,Mystery,2004
1607,Before the Bright Signal,Mystery,1980
1608,Return to Prague,Adventure,1978
1609,Before the Modern Road,Romance,2004
1610,Return to Sydney,Action,1971
1611,After Iceland Chapter 11,Sci-Fi,1987
1612,The Savage Forest,Fantasy,1984
1613,Ancient Voyage,Crime,1973
1614,Night Theory Part 6,Action,2012
1615,After Sahara Chapter 5,Drama,1985
1616,A First Road,Crime,2015
1617,Beyond the Crystal Code,Fantasy,2000
1618,Shadow of Iceland,Sci-Fi,2020
1619,A Silent Garden,Animation,1992
1620,Secret Horizon Part 6,Comedy,2000
1621,Shadow of Tokyo,Adventure,2011
1622,Galaxy Theory Part 2,Crime,2012
1623,First Castle,Drama,1978
1624,Crystal Code Part 8,Crime,1992
1625,Hidden Ocean,Thriller,1986
1626,Modern Castle Part 5,Comedy,1971
1627,After Paris Chapter 5,Romance,2004
1628,Beyond the Hidden Voyage,Thriller,2003
1629,A Midnight Garden,Animation,1981
1630,After Dublin Chapter 9,Action,2021
1631,The Road of Atlantis,Mystery,1982
1632,The Signal of Paris,Thriller,1995
1633,Return to Atlantis,Action,1992
1634,Fallen Carnival,Sci-Fi,1978
1635,A Crystal Train,Romance,1993
1636,Before the Lost City,Action,1992
1637,Return to Prague,Thriller,2005
1638,Empire of Lisbon,Horror,1972
1639,Inside the Savage Promise,Drama,1993
1640,City from Dublin,Crime,2003
1641,Beyond the Ancient Signal,Romance,2024
1642,A Lonely Machine,Drama,2022
1643,The Final Horizon Case 6,Romance,1991
1644,A First Empire,Drama,2000
1645,Return to Harbor,Action,2016
1646,Kyoto Storm,Comedy,1991
1647,The Modern Road Case 2,Horror,1988
1648,Modern Storm Part 2,Action,1999
1649,The Velvet Signal Case 6,Sci-Fi,1994
1650,Ancient Island,Adventure,2001
1651,The Garden of Cairo,Animation,1990
1652,Train from Havana,Fantasy,2017
1653,Road of Tokyo,Sci-Fi,1974
1654,Last Theater Part 8,Animation,2012
1655,Theater from Iceland,Fantasy,2014
1656,The Shadow of Avalon,Horror,1987
1657,A Broken Galaxy,Romance,1986
1658,The Final Bridge,Horror,2009
1659,Ocean Theory Part 9,Horror,1983
1660,The Machine of Brooklyn,Sci-Fi,1971
1661,The Last Theater Case 3,Fantasy,1987
1662,Nevada Heart,Romance,1975
1663,The Crystal Planet,Comedy,1975
1664,The Empire of Sydney,Sci-Fi,1993
1665,The Night of Prague,Animation,1976
1666,The Planet of Dublin,Romance,2018
1667,Castle from Nevada,Crime,2025
1668,Electric Secret Part 11,Sci-Fi,2026
1669,The Frozen City Case 4,Thriller,1982
1670,Promise from Manila,Sci-Fi,1988
1671,Horizon from Boston,Sci-Fi,2020
1672,A First Storm,Adventure,2015
1673,Havana Voyage,Action,2012
1674,Horizon from Lisbon,Comedy,1971
1675,Machine from Harbor,Adventure,1980
1676,Carnival of Brooklyn,Animation,1973
1677,The Bright Secret Case 3,Adventure,1990
1678,Inside the Lost Castle,Drama,1997
1679,River Theory Part 11,Adventure,2018
1680,After Seoul Chapter 5,Comedy,2025
1681,River of Nevada,Thriller,2007
1682,The Silent Dream Case 11,Action,2022
1683,The Crystal Mirror,Adventure,1971
1684,Before the Ancient Planet,Romance,2025
1685,Inside the Fallen Galaxy,Mystery,1973
1686,Inside the Urban Voyage,Sci-Fi,2013
1687,Quantum Voyage Part 6,Romance,1986
1688,Code of Prague,Thriller,1971
1689,Manila River,Adventure,1982
1690,Mirror of Sydney,Mystery,2001
1691,The Night of Paris,Animation,1992
1692,The Neon Ocean Case 2,Comedy,1995
1693,After Rome Chapter 5,Animation,2015
1694,First Ocean,Sci-Fi,1996
1695,After Iceland Chapter 2,Adventure,2022
1696,The City of Boston,Comedy,1980
1697,Before the Secret Planet,Drama,2015
1698,The Scarlet Road,Drama,1974
1699,Inside the Secret Heart,Drama,1995
1700,Last City Part 5,Comedy,2019
1701,The Savage Ocean,Adventure,2000
1702,Before the Rising Voyage,Drama,2017
1703,Rome Machine,Animation,2001
1704,Archive of Kyoto,Comedy,1974
1705,Beyond the Scarlet Memory,Fantasy,1991
1706,After Brooklyn Chapter 3,Horror,1993
1707,Electric Code Part 6,Drama,1980
1708,Heart of Berlin,Crime,1999
1709,Legend from Harbor,Animation,1984
1710,The Midnight Promise,Thriller,2025
1711,Before the Savage Machine,Crime,1993
1712,Return to Venice,Sci-Fi,2019
1713,Endless City,Animation,2019
1714,The Electric Island Case 7,Sci-Fi,2019
1715,After Mars Chapter 9,Crime,2006
1716,The Mirror of Atlantis,Sci-Fi,1993
1717,Before the Neon Train,Comedy,2020
1718,A Silver Bridge,Comedy,1970
1719,Beyond the Rising Night,Comedy,2026
1720,Mirror of Havana,Drama,1998
1721,Whisper of Kyoto,Animation,1973
1722,Golden Mirror Part 7,Romance,1983
1723,The Galaxy of Rome,Thriller,1993
1724,River Theory Part 8,Sci-Fi,1984
1725,The Castle of Berlin,Action,1987
1726,A Electric Forest,Comedy,1991
1727,Return to Boston,Sci-Fi,1981
1728,Beyond the First Code,Adventure,2010
1729,The Dream of Boston,Romance,1994
1730,Shadow Theory Part 12,Thriller,1974
1731,The Code of Seoul,Drama,1971
1732,Forest from Harbor,Horror,1972
1733,Return to Lisbon,Action,1986
1734,Silver Heart,Crime,1983
1735,Return to Mars,Romance,1985
1736,The Lonely Promise Case 7,Action,2007
1737,Beyond the Silver Code,Comedy,1988
1738,Bright Planet,Thriller,2020
1739,Final Empire Part 11,Sci-Fi,1996
1740,Before the Golden City,Romance,2005
1741,Shadow of Venice,Thriller,2012
1742,After Manila Chapter 12,Thriller,1988
1743,The Secret Storm Case 9,Animation,2016
1744,Before the Savage Island,Mystery,1973
1745,Inside the Hidden Train,Romance,1970
1746,Inside the Lonely Forest,Drama,2005
1747,Return to Rome,Adventure,2015
1748,The First Horizon,Crime,2001
1749,Return to Prague,Sci-Fi,1973
1750,After Sahara Chapter 12,Drama,2014
1751,A Fallen Heart,Romance,2000
1752,Frozen Planet Part 8,Comedy,2006
1753,Voyage of Kyoto,Animation,1988
1754,Legend of Berlin,Animation,2009
1755,Quantum Castle Part 12,Adventure,2003
1756,Inside the Last Promise,Crime,2001
1757,Crystal Night Part 4,Horror,2016
1758,Cairo Carnival,Romance,1977
1759,Inside the Savage City,Comedy,2026
1760,Nevada River,Horror,1981
1761,The Bridge of Paris,Sci-Fi,2003
1762,After Sahara Chapter 8,Fantasy,1975
1763,Beyond the Urban Machine,Drama,2004
1764,Whisper from London,Sci-Fi,1989
1765,The Secret Promise,Drama,1979
1766,Galaxy Theory Part 12,Thriller,2026
1767,Mirror from Kyoto,Animation,1992
1768,Inside the Midnight Promise,Mystery,1978
1769,Whisper of Kyoto,Animation,1986
1770,Inside the Quantum Storm,Mystery,2003
1771,The Ancient Carnival Case 12,Comedy,2010
1772,Inside the Scarlet Planet,Horror,1975
1773,Island of Sahara,Horror,2023
1774,Return to Boston,Adventure,2000
1775,Island Theory Part 10,Horror,1998
1776,Beyond the Dark Dream,Drama,2020
1777,The Neon Galaxy Case 11,Comedy,1995
1778,Beyond the Savage Secret,Romance,1979
1779,Beyond the First Road,Thriller,1991
1780,The Island of Paris,Thriller,1992
1781,The Urban Empire Case 6,Horror,2001
1782,The Secret Road,Thriller,1975
1783,After Brooklyn Chapter 3,Thriller,1975
1784,Bright Secret,Crime,2006
1785,Dublin Forest,Action,1993
1786,Beyond the Gentle River,Romance,1989
1787,Return to Venice,Animation,1982
1788,A Silver Castle,Drama,1982
1789,A Midnight Memory,Thriller,2024
1790,Secret Theory Part 3,Adventure,2001
1791,Empire from Kyoto,Horror,2021
1792,City Theory Part 8,Adventure,1996
1793,Before the Frozen Mirror,Comedy,1987
1794,Return to Harbor,Adventure,2008
1795,Beyond the Neon Dream,Adventure,2019
1796,Modern Castle Part 2,Horror,2001
1797,Mirror from Sahara,Crime,2010
1798,A Velvet Shadow,Sci-Fi,2018
1799,Shadow Theory Part 4,Crime,1971
1800,Return to Tokyo,Sci-Fi,2018
1801,Lonely Planet Part 4,Action,2009
1802,Empire Theory Part 8,Comedy,2014
1803,Velvet Garden Part 5,Adventure,1976
1804,The Crystal Code Case 8,Action,2015
1805,After Dublin Chapter 6,Mystery,1976
1806,Inside the Ancient Dream,Thriller,2021
1807,Return to Brooklyn,Romance,2003
1808,First Archive Part 12,Mystery,2018
1809,Beyond the Bright Bridge,Mystery,1976
1810,A Silent Road,Action,2025
1811,Return to Dublin,Animation,2026
1812,Venice Night,Romance,2000
1813,Havana Ocean,Drama,1984
1814,Beyond the Hidden Forest,Fantasy,1985
1815,Lonely Secret Part 8,Horror,1992
1816,Return to Manila,Action,1981
1817,A Modern Train,Fantasy,1985
1818,Horizon of Tokyo,Sci-Fi,2020
1819,Crystal Memory,Mystery,2014
1820,The Scarlet Storm,Sci-Fi,1989
1821,Voyage from Berlin,Adventure,1996
1822,The Code of Seoul,Comedy,1983
1823,The Island of Sydney,Sci-Fi,1996
1824,Inside the Frozen Machine,Horror,2026
1825,Return to Tokyo,Sci-Fi,1996
1826,A Golden Empire,Action,1973
1827,Burning Castle Part 4,Sci-Fi,2003
1828,Inside the Midnight Code,Mystery,2019
1829,Royal Bridge Part 8,Fantasy,2010
1830,Inside the Savage Empire,Fantasy,1975
1831,The Archive of Manila,Adventure,1980
1832,Voyage of Berlin,Thriller,1991
1833,Secret of Paris,Drama,2020
1834,Return to Atlantis,Action,1988
1835,Midnight Voyage Part 10,Sci-Fi,1984
1836,The Urban Secret,Crime,2001
1837,The Dark Shadow,Animation,1987
1838,Royal Mirror,Mystery,2000
1839,London Forest,Fantasy,1990
1840,Return to Lisbon,Drama,2006
1841,The Road of Cairo,Horror,2012
1842,Return to Kyoto,Mystery,1978
1843,The First Garden,Sci-Fi,2006
1844,Wild Road Part 11,Mystery,1993
1845,Signal Theory Part 3,Comedy,1988
1846,A First Horizon,Crime,2011
1847,A Secret Bridge,Animation,2025
1848,Tokyo Promise,Action,2001
1849,Inside the Broken Night,Comedy,2012
1850,Return to Manila,Mystery,1996
1851,Last Garden,Animation,1974
1852,Urban Legend,Horror,2025
1853,Before the Ancient Dream,Romance,1972
1854,The Legend of Prague,Thriller,1987
1855,Rising Ocean Part 10,Comedy,2026
1856,The Bridge of Avalon,Drama,1991
1857,The Voyage of Prague,Adventure,2017
1858,The Train of Mars,Thriller,1991
1859,Whisper of Seoul,Drama,1980
1860,Nevada Whisper,Mystery,2005
1861,A Fallen Shadow,Romance,1973
1862,Before the Quantum Machine,Action,1976
1863,Beyond the Silent Island,Crime,1992
1864,Before the Urban Empire,Sci-Fi,1983
1865,Before the Rising Forest,Adventure,1983
1866,Garden Theory Part 6,Adventure,2011
1867,After Lisbon Chapter 9,Romance,2002
1868,After Iceland Chapter 10,Drama,2005
1869,A Ancient Galaxy,Mystery,1992
1870,Crystal Shadow Part 5,Thriller,2017
1871,A Quantum Legend,Romance,1976
1872,Return to Brooklyn,Comedy,1975
1873,Venice Dream,Action,1985
1874,Code from Berlin,Mystery,2013
1875,The Modern Bridge Case 3,Mystery,2006
1876,The Endless Code,Action,1997
1877,The Legend of Mars,Horror,1993
1878,Avalon Bridge,Thriller,2003
1879,Lonely Island,Comedy,2010
1880,Ocean from Cairo,Sci-Fi,2015
1881,Before the Burning Secret,Adventure,1972
1882,The City of Dublin,Horror,1970
1883,A Scarlet Mirror,Comedy,2010
1884,Quantum Shadow Part 4,Adventure,2016
1885,The Bright River,Fantasy,2009
1886,Signal of Sahara,Horror,1991
1887,Ancient Castle,Comedy,1990
1888,Inside the Dark River,Action,2004
1889,The Theater of London,Thriller,1994
1890,Inside the Dark City,Action,2013
1891,Havana Shadow,Mystery,1998
1892,The Legend of Rome,Comedy,2023
1893,After London Chapter 10,Sci-Fi,1971
1894,Return to Sahara,Sci-Fi,1985
1895,The Last Dream,Thriller,1980
1896,Return to Seoul,Mystery,2026
1897,Dream from Rome,Horror,1997
1898,The Gentle Heart,Horror,1989
1899,Inside the Lonely Island,Fantasy,1975
1900,A Silver Signal,Horror,1975
1901,After Avalon Chapter 11,Horror,2019
1902,Return to Harbor,Romance,2006
1903,After Prague Chapter 6,Fantasy,1997
1904,Legend of Lisbon,Romance,1996
1905,Before the Electric Planet,Adventure,1989
1906,Return to Atlantis,Mystery,2016
1907,Paris Galaxy,Mystery,1996
1908,Midnight Horizon Part 2,Animation,2020
1909,Theater Theory Part 6,Animation,1997
1910,Return to Paris,Comedy,1971
1911,Night from Sahara,Sci-Fi,2026
1912,Burning Empire,Drama,2013
1913,After Nevada Chapter 4,Sci-Fi,1993
1914,The Endless Heart Case 6,Crime,1988
1915,After Dublin Chapter 6,Animation,1991
1916,After Cairo Chapter 10,Fantasy,1981
1917,Voyage Theory Part 8,Horror,2010
1918,Before the Dark Code,Adventure,1992
1919,City Theory Part 12,Mystery,1988
1920,After Nevada Chapter 10,Sci-Fi,1999
1921,A Crystal Whisper,Adventure,2006
1922,Archive Theory Part 11,Sci-Fi,1999
1923,Before the Modern Planet,Fantasy,1976
1924,Golden Road Part 4,Animation,1983
1925,A Dark Empire,Horror,1984
1926,The Castle of Brooklyn,Fantasy,1992
1927,Mars Machine,Romance,1999
1928,The Lonely Archive,Action,1978
1929,Beyond the Silver Legend,Adventure,1980
1930,Dark Signal Part 3,Romance,1982
1931,Beyond the First Carnival,Drama,1986
1932,Inside the Rising Code,Action,1997
1933,Before the Crystal Mirror,Fantasy,2021
1934,The Code of Lisbon,Horror,1979
1935,Venice Storm,Drama,1997
1936,Memory Theory Part 4,Thriller,2011
1937,Galaxy from Mars,Sci-Fi,2022
1938,Inside the Ancient Whisper,Romance,1981
1939,Frozen Carnival Part 2,Crime,1975
1940,Return to Iceland,Drama,1981
1941,Before the Urban Empire,Fantasy,2022
1942,The Ancient Forest Case 5,Horror,2001
1943,Mirror of Sahara,Romance,1992
1944,Beyond the Royal Signal,Animation,2012
1945,The Gentle Island Case 12,Action,1971
1946,Before the Bright Road,Mystery,1999
1947,Ocean Theory Part 8,Drama,2001
1948,A Gentle Mirror,Animation,2025
1949,Inside the Lost Voyage,Thriller,1983
1950,Inside the Lost Voyage,Romance,2014
1951,Beyond the Silent Code,Fantasy,2023
1952,The Quantum Horizon,Mystery,2026
1953,The Gentle Memory,Mystery,1984
1954,Beyond the Neon Train,Animation,2015
1955,After Seoul Chapter 12,Crime,2012
1956,Train Theory Part 12,Sci-Fi,1993
1957,The Legend of Iceland,Crime,1976
1958,The Final Forest,Drama,2000
1959,Castle Theory Part 9,Mystery,2002
1960,The Heart of Paris,Thriller,1985
1961,Empire of Cairo,Fantasy,1975
1962,Before the Midnight Voyage,Comedy,2000
1963,The Broken Castle,Thriller,2020
1964,Dark Whisper Part 9,Drama,1976
1965,Heart from Cairo,Sci-Fi,2004
1966,After Avalon Chapter 3,Crime,1990
1967,A Wild Road,Sci-Fi,2002
1968,City Theory Part 7,Crime,1975
1969,The Broken Theater,Comedy,1996
1970,The Velvet City,Thriller,1989
1971,Return to Nevada,Fantasy,2023
1972,Before the Fallen Garden,Fantasy,2014
1973,Beyond the Urban Secret,Fantasy,2011
1974,Frozen Forest,Animation,1983
1975,Inside the Crystal Archive,Action,1978
1976,Archive of Venice,Mystery,2004
1977,Inside the Lost Code,Thriller,1997
1978,Return to Lisbon,Romance,1988
1979,Secret Train Part 4,Fantasy,1984
1980,Before the Golden Voyage,Romance,1988
1981,Planet Theory Part 5,Drama,1976
1982,Return to Paris,Mystery,2002
1983,The Secret Empire Case 10,Sci-Fi,1981
1984,Venice Night,Drama,1974
1985,Prague Theater,Thriller,1996
1986,Inside the Final Machine,Romance,1993
1987,Garden Theory Part 6,Action,2006
1988,Island of Sydney,Crime,1990
1989,Train from Nevada,Drama,2007
1990,Before the Dark Signal,Romance,2013
1991,After London Chapter 11,Fantasy,2010
1992,Memory of Harbor,Comedy,1980
1993,Ancient Whisper Part 5,Thriller,2000
1994,Golden Code Part 10,Drama,1979
1995,The Secret Island,Mystery,2002
1996,Mirror of Manila,Fantasy,1991
1997,Ancient Train Part 10,Adventure,2018
1998,Inside the Burning Whisper,Adventure,2020
1999,Beyond the Hidden Legend,Sci-Fi,2009
2000,Secret Heart Part 2,Mystery,1996
2001,Planet from Iceland,Comedy,2003
2002,Boston Promise,Romance,2022
2003,The Dark Theater Case 4,Action,2021
2004,Inside the Rising Memory,Romance,2008
2005,The Garden of Dublin,Sci-Fi,2004
2006,The Lost Horizon,Crime,1971
2007,After Kyoto Chapter 12,Comedy,1991
2008,The Endless Archive,Action,1982
2009,Electric Planet Part 4,Fantasy,2024
2010,The Legend of Havana,Comedy,1989
2011,Before the Secret Night,Mystery,2015
2012,Beyond the Neon Storm,Drama,1982
2013,City of Berlin,Drama,2011
2014,Archive of Kyoto,Mystery,1976
2015,The Empire of Brooklyn,Fantasy,1970
2016,Before the Golden Train,Romance,1984
2017,After Berlin Chapter 10,Adventure,2006
2018,The Quantum Heart,Action,2018
2019,The Planet of Seoul,Thriller,1985
2020,The Royal Island Case 11,Horror,1980
2021,The Velvet Voyage Case 6,Adventure,2025
2022,The Bright Memory,Animation,2010
2023,Before the Velvet Planet,Horror,2015
2024,Endless Archive Part 3,Mystery,2009
2025,Inside the Quantum Signal,Mystery,1979
2026,After Boston Chapter 7,Mystery,2022
2027,The City of Havana,Animation,2024
2028,Heart of Iceland,Sci-Fi,2016
2029,Before the Crystal Horizon,Comedy,1982
2030,Voyage Theory Part 6,Drama,2011
2031,A Silent Galaxy,Mystery,1990
2032,Before the Golden River,Comedy,2006
2033,The Ancient Forest Case 5,Thriller,2013
2034,The Train of Venice,Horror,2025
2035,The Fallen Island,Crime,2014
2036,Before the Secret Planet,Mystery,2009
2037,Before the Lonely Archive,Fantasy,1989
2038,Return to Seoul,Fantasy,1983
2039,Archive Theory Part 6,Comedy,1991
2040,Signal of Dublin,Thriller,2024
2041,Inside the Electric Promise,Crime,1975
2042,The Savage Theater Case 3,Horror,2017
2043,River Theory Part 8,Horror,1999
2044,Return to Boston,Mystery,1999
2045,Before the Endless Storm,Drama,1979
2046,Return to Rome,Action,2011
2047,A Burning Storm,Fantasy,1979
2048,Modern Machine Part 9,Thriller,1974
2049,The Broken Dream Case 2,Thriller,2010
2050,Night Theory Part 3,Crime,2013
2051,A Velvet Road,Sci-Fi,2004
2052,The Modern Horizon,Action,1996
2053,Before the First Castle,Crime,2011
2054,The Secret of Nevada,Romance,1995
2055,Storm of Cairo,Comedy,1974
2056,The Wild Memory Case 7,Animation,1995
2057,Wild Horizon Part 8,Fantasy,1981
2058,Horizon from Brooklyn,Sci-Fi,2013
2059,A Silent Garden,Romance,2009
2060,City from Brooklyn,Crime,2006
2061,The Final Dream,Romance,2002
2062,Scarlet Planet,Crime,2012
2063,Theater from Avalon,Adventure,2023
2064,Beyond the Bright Dream,Thriller,2016
2065,Theater of Prague,Fantasy,1992
2066,Empire of Venice,Mystery,2008
2067,Machine from Cairo,Thriller,1982
2068,Lost Train,Romance,2011
2069,Planet from Rome,Animation,2019
2070,Velvet Memory Part 9,Animation,1995
2071,Before the Final Planet,Romance,1973
2072,Beyond the Secret Forest,Comedy,2017
2073,Horizon from Harbor,Drama,2009
2074,Return to Tokyo,Horror,2018
2075,Inside the Velvet Planet,Comedy,2019
2076,A Royal Secret,Horror,2000
2077,After Manila Chapter 10,Mystery,2007
2078,A Quantum Castle,Romance,1984
2079,Return to London,Horror,1986
2080,The Urban Dream,Comedy,2000
2081,The Scarlet Promise Case 7,Drama,1972
2082,Velvet Night Part 6,Comedy,2000
2083,Lonely Code Part 12,Crime,2023
2084,Before the Lost Ocean,Horror,1984
2085,Return to Venice,Drama,1995
2086,Golden Theater,Mystery,2015
2087,After Berlin Chapter 2,Animation,2019
2088,Beyond the Wild Signal,Thriller,1993
2089,Scarlet Dream Part 12,Drama,1980
2090,Frozen Empire,Fantasy,2009
2091,After Manila Chapter 5,Action,2012
2092,Inside the Savage River,Animation,2010
2093,After Berlin Chapter 8,Action,1993
2094,Last Secret,Animation,2000
2095,Modern Whisper Part 2,Drama,1984
2096,The Fallen Galaxy Case 5,Horror,2017
2097,Road Theory Part 6,Animation,2024
2098,The Horizon of Atlantis,Horror,1972
2099,A Crystal Storm,Mystery,2022
2100,Code from Dublin,Thriller,1979
2101,Before the Lost Storm,Adventure,1992
2102,Garden of Dublin,Drama,1992
2103,The Last Mirror,Thriller,2025
2104,After Rome Chapter 8,Mystery,2013
2105,After Rome Chapter 9,Drama,1979
2106,The Castle of Venice,Adventure,2008
2107,Before the Midnight Empire,Fantasy,1983
2108,The Whisper of Boston,Sci-Fi,2022
2109,The Dream of Cairo,Adventure,1977
2110,Secret from Berlin,Romance,2001
2111,Ocean of Kyoto,Crime,1987
2112,After London Chapter 5,Comedy,2003
2113,After Sydney Chapter 12,Horror,1975
2114,Voyage of Kyoto,Sci-Fi,2024
2115,The Secret Planet,Mystery,2021
2116,The Savage Storm,Comedy,1996
2117,The Forest of Lisbon,Drama,1995
2118,Machine Theory Part 8,Action,1993
2119,Before the Savage Voyage,Action,1974
2120,After Sydney Chapter 7,Animation,2023
2121,City from Iceland,Horror,1980
2122,The Fallen Signal Case 11,Thriller,2008
2123,The Silver Memory,Sci-Fi,2010
2124,After Venice Chapter 6,Drama,1971
2125,Avalon River,Horror,1985
2126,After Boston Chapter 11,Fantasy,1994
2127,The Secret Galaxy Case 8,Sci-Fi,2004
2128,Empire Theory Part 5,Comedy,2012
2129,Before the Secret Garden,Comedy,1983
2130,A Last Mirror,Adventure,1972
2131,Kyoto Mirror,Drama,1980
2132,Train from London,Adventure,1974
2133,The Royal Horizon Case 10,Horror,2001
2134,Inside the Urban Carnival,Comedy,2011
2135,Secret Train Part 5,Horror,1973
2136,The Royal Code,Crime,1976
2137,Whisper of Cairo,Comedy,1988
2138,The Secret Mirror Case 12,Romance,2017
2139,After Mars Chapter 2,Horror,2014
2140,The Secret Signal Case 8,Comedy,2019
2141,Modern Dream Part 2,Action,2000
2142,Boston Machine,Sci-Fi,1988
2143,A Rising Carnival,Drama,1988
2144,Seoul Night,Thriller,2010
2145,After Rome Chapter 12,Comedy,2003
2146,The Dark Forest Case 6,Thriller,1989
2147,Inside the Silver Night,Sci-Fi,2021
2148,The Electric Castle,Drama,2022
2149,Beyond the Scarlet Memory,Drama,1983
2150,A Scarlet Secret,Horror,2026
2151,Harbor Empire,Thriller,2000
2152,Inside the Scarlet Forest,Sci-Fi,2013
2153,Night Theory Part 4,Animation,2006
2154,Ocean of Venice,Sci-Fi,2005
2155,Before the Quantum Machine,Thriller,2006
2156,Dublin Legend,Fantasy,1981
2157,A Royal Archive,Adventure,1981
2158,Signal Theory Part 9,Adventure,2015
2159,Bright Shadow Part 7,Comedy,2013
2160,After Prague Chapter 8,Drama,1975
2161,Before the Rising Code,Fantasy,2024
2162,Heart Theory Part 2,Thriller,2012
2163,Return to Harbor,Mystery,2025
2164,Dublin Island,Drama,1993
2165,Paris Planet,Horror,2022
2166,Velvet Bridge,Comedy,2010
2167,Planet from Seoul,Action,1997
2168,A Electric Signal,Romance,2001
2169,The Royal Bridge,Crime,2021
2170,Forest of Nevada,Fantasy,1999
2171,Before the Bright Night,Fantasy,1976
2172,Gentle Forest,Sci-Fi,1986
2173,Before the Endless Garden,Crime,1984
2174,Promise from Berlin,Romance,1977
2175,Inside the Silent Legend,Sci-Fi,1988
2176,Modern Dream,Sci-Fi,1979
2177,Beyond the Neon Machine,Thriller,2009
2178,Dublin Voyage,Comedy,1971
2179,After Brooklyn Chapter 9,Fantasy,1985
2180,Beyond the Quantum City,Crime,1988
2181,Dark Memory,Crime,1986
2182,Final Train,Romance,1998
2183,After London Chapter 9,Horror,1974
2184,The Broken Machine Case 5,Drama,2005
2185,Nevada Signal,Thriller,1971
2186,After Paris Chapter 2,Thriller,1977
2187,Island of Dublin,Mystery,2024
2188,Before the Ancient Memory,Animation,1977
2189,The Frozen City,Horror,1972
2190,Hidden Forest,Thriller,1982
2191,After Venice Chapter 7,Mystery,2005
2192,Inside the Gentle Secret,Drama,2001
2193,Beyond the First Shadow,Horror,2020
2194,A Midnight Train,Horror,1986
2195,Velvet Legend Part 11,Adventure,1978
2196,Beyond the Hidden Island,Romance,2024
2197,Fallen Storm Part 9,Romance,2013
2198,A Urban Memory,Mystery,1986
2199,Planet from Dublin,Animation,1983
2200,Cairo Horizon,Fantasy,1992
2201,The Endless Galaxy Case 5,Horror,1997
2202,Inside the Dark Memory,Romance,2015
2203,After Avalon Chapter 8,Action,1983
2204,The Last Empire,Action,2013
2205,Inside the Savage Carnival,Drama,2011
2206,Carnival from Boston,Sci-Fi,1981
2207,Avalon Archive,Sci-Fi,1993
2208,The Ancient Archive Case 6,Sci-Fi,1991
2209,Beyond the Golden Machine,Animation,1994
2210,Return to Atlantis,Animation,1989
2211,Rising Memory,Drama,1989
2212,Return to London,Romance,1970
2213,Inside the Lost Machine,Mystery,1977
2214,Inside the Wild Ocean,Drama,2006
2215,After Venice Chapter 2,Thriller,2016
2216,The Urban City,Thriller,2022
2217,Before the Fallen Voyage,Fantasy,2016
2218,Tokyo Signal,Action,1977
2219,River of Lisbon,Crime,1983
2220,Midnight Code Part 7,Crime,1970
2221,Return to Lisbon,Action,1972
2222,Bridge from Cairo,Action,1973
2223,Before the Neon Carnival,Fantasy,1985
2224,The Savage Mirror Case 5,Animation,1996
2225,Before the Urban Secret,Mystery,2014
2226,Carnival from Harbor,Horror,1995
2227,A Endless Dream,Drama,1985
2228,Train from Cairo,Sci-Fi,1977
2229,Inside the Wild Code,Adventure,1988
2230,Beyond the First Empire,Mystery,2007
2231,A Golden Machine,Animation,2001
2232,First Galaxy,Comedy,2001
2233,Before the Modern Castle,Fantasy,2007
2234,The Scarlet Garden,Animation,2001
2235,Horizon Theory Part 10,Action,2012
2236,Before the Savage Train,Animation,2012
2237,Garden of Harbor,Animation,1993
2238,Return to Prague,Adventure,2025
2239,Island Theory Part 11,Romance,2006
2240,The Train of Avalon,Fantasy,1980
2241,Island from Mars,Fantasy,2002
2242,Fallen Legend,Action,1978
2243,The Secret of Harbor,Horror,2013
2244,Beyond the Crystal Ocean,Crime,1986
2245,Bright Night Part 5,Romance,1970
2246,The Royal Forest,Drama,2009
2247,The Road of Paris,Drama,1984
2248,Beyond the Rising City,Fantasy,1972
2249,The Broken Promise Case 3,Action,1976
2250,After Paris Chapter 6,Thriller,2021
2251,Silent Castle,Fantasy,1981
2252,Before the Savage Night,Horror,1996
2253,Inside the Silver Galaxy,Horror,1986
2254,The Modern Train,Comedy,1987
2255,The Last Horizon Case 8,Romance,2020
2256,First Promise,Comedy,1978
2257,The Island of Tokyo,Sci-Fi,2012
2258,Beyond the Final Galaxy,Action,1976
2259,Heart from Avalon,Mystery,1985
2260,Shadow Theory Part 6,Horror,2003
2261,Galaxy of London,Mystery,1975
2262,The Bridge of Prague,Crime,1975
2263,The Code of Dublin,Drama,1996
2264,Heart of Atlantis,Action,2023
2265,The Broken Train Case 10,Horror,1984
2266,Silent Whisper,Action,2012
2267,After Tokyo Chapter 2,Comedy,1983
2268,Before the Scarlet Forest,Adventure,1975
2269,Galaxy Theory Part 3,Fantasy,1972
2270,Return to Cairo,Horror,1996
2271,Bridge of Prague,Drama,1983
2272,The Hidden Planet Case 2,Crime,2001
2273,Beyond the First Legend,Drama,1983
2274,Return to Havana,Comedy,2013
2275,The Crystal River,Action,1982
2276,Before the Crystal Signal,Action,2002
2277,The Rising Heart,Mystery,2005
2278,Beyond the Lost Signal,Adventure,1983
2279,Rome Ocean,Romance,2004
2280,Inside the Endless Promise,Mystery,2003
2281,Return to Brooklyn,Romance,1976
2282,The Road of Brooklyn,Drama,1988
2283,Before the Final Storm,Fantasy,2021
2284,Velvet Legend Part 8,Horror,1998
2285,Promise Theory Part 3,Romance,2020
2286,Return to Tokyo,Thriller,2000
2287,The Electric River Case 3,Thriller,1987
2288,The Ocean of Dublin,Comedy,1977
2289,After Seoul Chapter 2,Action,2002
2290,Train from Sydney,Drama,1975
2291,Dream of Brooklyn,Crime,2024
2292,Royal Bridge Part 3,Animation,2017
2293,Whisper Theory Part 4,Sci-Fi,1984
2294,Ancient Mirror,Thriller,2001
2295,The Midnight Dream Case 2,Thriller,2024
2296,Voyage from Nevada,Adventure,2010
2297,Quantum Heart Part 9,Mystery,2026
2298,Island of Lisbon,Drama,1987
2299,Manila Shadow,Fantasy,2018
2300,Memory from Iceland,Action,1977
2301,Train from Brooklyn,Fantasy,2015
2302,Return to Prague,Crime,1983
2303,Before the Lonely Road,Romance,1997
2304,Silent Promise Part 2,Fantasy,1991
2305,The Shadow of Kyoto,Comedy,1987
2306,Memory Theory Part 5,Drama,1974
2307,After Rome Chapter 8,Comedy,1991
2308,A Bright Galaxy,Sci-Fi,2020
2309,A Ancient Train,Comedy,2000
2310,The Gentle Garden Case 8,Crime,2007
2311,A Silent Storm,Action,1973
2312,Burning Island,Comedy,2008
2313,Secret from Avalon,Animation,1983
2314,Planet of Manila,Comedy,2021
2315,Before the Silent Island,Adventure,2006
2316,Inside the Dark Road,Sci-Fi,2005
2317,After Rome Chapter 11,Animation,1984
2318,A Lost Promise,Comedy,2021
2319,Return to Dublin,Crime,1985
2320,A Royal Carnival,Action,1977
2321,After Kyoto Chapter 8,Romance,2023
2322,Machine from Rome,Mystery,1987
2323,Dark Planet,Adventure,1992
2324,Theater Theory Part 10,Horror,2018
2325,Dream Theory Part 11,Action,2024
2326,The Gentle Archive Case 11,Sci-Fi,1987
2327,A Secret Night,Horror,1995
2328,Carnival from London,Fantasy,1978
2329,Train of Mars,Crime,1994
2330,Before the Silent Bridge,Romance,2006
2331,A Broken Planet,Romance,1990
2332,Return to Sahara,Thriller,2017
2333,After Boston Chapter 8,Adventure,1989
2334,The Planet of Brooklyn,Drama,2001
2335,The Lost City,Drama,1993
2336,Beyond the Gentle Bridge,Sci-Fi,2004
2337,After Harbor Chapter 7,Sci-Fi,1990
2338,Neon Castle Part 6,Mystery,2003
2339,The Frozen City Case 10,Sci-Fi,2007
2340,After Berlin Chapter 8,Crime,1980
2341,Inside the Gentle Castle,Adventure,2003
2342,Broken River Part 9,Horror,1989
2343,A Final Signal,Drama,1987
2344,Signal of Venice,Drama,1976
2345,The Modern Whisper,Comedy,2014
2346,A Velvet Storm,Crime,2008
2347,The Modern Garden,Adventure,1970
2348,Return to Mars,Adventure,1970
2349,Return to Boston,Comedy,2004
2350,The Mirror of Havana,Thriller,1974
2351,Mars Legend,Animation,1992
2352,Legend of Manila,Horror,1984
2353,Beyond the Crystal River,Drama,1996
2354,Theater from Brooklyn,Romance,1986
2355,Inside the Scarlet Whisper,Adventure,2008
2356,The Endless Promise,Drama,1977
2357,The Midnight Galaxy,Thriller,1984
2358,The Whisper of Mars,Adventure,1996
2359,The Silver Road Case 9,Comedy,2009
2360,Frozen Train Part 8,Mystery,2014
2361,Ancient Night Part 12,Sci-Fi,1970
2362,The Royal Train,Romance,1985
2363,Dark Island,Comedy,2012
2364,Atlantis Whisper,Thriller,2002
2365,Modern Castle Part 9,Adventure,1976
2366,The Scarlet Night Case 3,Comedy,1975
2367,Return to Havana,Adventure,1975
2368,The Savage Secret Case 6,Fantasy,1988
2369,Road Theory Part 10,Action,2012
2370,After Boston Chapter 11,Mystery,1991
2371,Theater Theory Part 5,Thriller,1987
2372,Return to Nevada,Sci-Fi,2022
2373,Lonely City,Sci-Fi,1986
2374,Before the Silent Carnival,Drama,2018
2375,Inside the Hidden Ocean,Horror,1979
2376,Return to Harbor,Horror,2009
2377,Beyond the Last Galaxy,Crime,2019
2378,The Frozen Empire Case 7,Horror,2014
2379,Beyond the Frozen Promise,Fantasy,2014
2380,The River of Prague,Drama,1993
2381,Voyage Theory Part 2,Adventure,1977
2382,Mirror of Lisbon,Crime,1985
2383,The Heart of Seoul,Action,1983
2384,After Seoul Chapter 8,Comedy,1991
2385,The Dark River,Drama,2022
2386,Return to Prague,Comedy,1997
2387,A Lost Ocean,Thriller,1987
2388,Ancient Memory,Romance,1986
2389,Seoul Archive,Mystery,2026
2390,Inside the Urban City,Drama,2021
2391,Mirror of Prague,Mystery,1997
2392,Beyond the Silver Memory,Drama,2025
2393,The Heart of Paris,Romance,2008
2394,Return to Nevada,Animation,2014
2395,Lost Night Part 3,Animation,2022
2396,A Royal River,Romance,1986
2397,Brooklyn Code,Crime,1997
2398,Before the Modern City,Adventure,1984
2399,Memory Theory Part 10,Animation,2004
2400,After London Chapter 12,Action,1995
2401,The Scarlet Road Case 4,Comedy,2018
2402,Inside the Lost Signal,Thriller,2013
2403,Whisper from Avalon,Romance,1983
2404,Before the Royal Storm,Drama,1971
2405,Return to Sahara,Crime,1983
2406,Inside the Ancient Heart,Comedy,2016
2407,Beyond the Electric Night,Sci-Fi,1974
2408,Silent Shadow,Horror,2002
2409,Inside the Last Night,Animation,1987
2410,Return to Havana,Drama,2017
2411,Electric Theater,Drama,2007
2412,After Harbor Chapter 7,Fantasy,2003
2413,The Scarlet Mirror Case 7,Mystery,1972
2414,The Neon Archive Case 7,Thriller,1970
2415,Tokyo Secret,Crime,1982
2416,A Electric Storm,Horror,2010
2417,The Quantum Bridge,Animation,1971
2418,A Bright Archive,Crime,1974
2419,Beyond the Frozen Signal,Mystery,2008
2420,Garden Theory Part 3,Action,1999
2421,Carnival Theory Part 9,Drama,1974
2422,The Lost Planet Case 8,Romance,2016
2423,Tokyo Archive,Fantasy,1995
2424,Inside the Wild Heart,Mystery,1978
2425,Before the First City,Adventure,1992
2426,The Ancient Castle,Fantasy,1978
2427,First Castle Part 2,Sci-Fi,2022
2428,Beyond the Savage Island,Comedy,2019
2429,Inside the Final Mirror,Comedy,1992
2430,Promise from Manila,Drama,2006
2431,Island of Havana,Animation,2010
2432,A Crystal Dream,Action,1972
2433,Bridge from Boston,Mystery,1980
2434,Archive of Mars,Fantasy,1984
2435,Avalon Mirror,Mystery,2023
2436,First Legend Part 4,Drama,2020
2437,Garden of Lisbon,Action,2000
2438,After Nevada Chapter 10,Mystery,1979
2439,The Carnival of Sydney,Crime,2020
2440,Return to Seoul,Romance,2022
2441,The Wild Island,Drama,2000
2442,Code Theory Part 5,Horror,1978
2443,Inside the Secret Train,Animation,1983
2444,Return to London,Animation,2021
2445,A Rising Promise,Sci-Fi,1988
2446,Inside the Lonely Machine,Horror,2015
2447,Cairo Promise,Comedy,2012
2448,Secret of Cairo,Horror,2022
2449,A Savage Castle,Comedy,1981
2450,Scarlet Machine,Sci-Fi,2020
2451,Wild Archive,Crime,1975
2452,Whisper from Venice,Mystery,2004
2453,Inside the Hidden Empire,Thriller,2000
2454,Night of Tokyo,Horror,2023
2455,Ancient Legend Part 10,Mystery,2026
2456,Golden Code Part 10,Adventure,2016
2457,Beyond the Crystal Code,Drama,1985
2458,Crystal Galaxy Part 2,Sci-Fi,2003
2459,Voyage from Mars,Romance,2005
2460,Return to Seoul,Mystery,1983
2461,After Sahara Chapter 10,Mystery,2017
2462,First Night,Comedy,1982
2463,Memory Theory Part 3,Horror,1993
2464,Before the Silent Whisper,Thriller,2006
2465,Havana Shadow,Horror,1992
2466,Inside the Wild Whisper,Drama,1980
2467,The Endless Whisper,Sci-Fi,2000
2468,The Promise of Berlin,Animation,1996
2469,Theater Theory Part 7,Horror,1994
2470,Return to Avalon,Comedy,2023
2471,Inside the First Garden,Romance,1974
2472,Neon Castle Part 4,Fantasy,1996
2473,Dream Theory Part 11,Fantasy,2022
2474,After Venice Chapter 11,Sci-Fi,1989
2475,The Golden Machine,Romance,2010
2476,Return to Mars,Comedy,2024
2477,Venice Voyage,Action,2007
2478,After Manila Chapter 8,Horror,1995
2479,Endless City Part 8,Action,1996
2480,The Endless Heart Case 5,Fantasy,2002
2481,Secret Theory Part 12,Thriller,2012
2482,The Fallen Road,Mystery,2018
2483,Before the Hidden Carnival,Sci-Fi,2017
2484,The First Galaxy Case 7,Comedy,1978
2485,Island of Dublin,Mystery,1974
2486,Planet from Manila,Sci-Fi,2005
2487,Boston Signal,Romance,1985
2488,Lost Whisper Part 7,Comedy,1977
2489,The Empire of Sahara,Drama,1970
2490,City of Tokyo,Comedy,2001
2491,Machine of Venice,Mystery,2023
2492,Inside the Silver Castle,Comedy,1979
2493,Inside the Lost Garden,Drama,1988
2494,Fallen Dream,Drama,1998
2495,A Endless Night,Mystery,1979
2496,Before the Scarlet River,Romance,2007
2497,Return to Prague,Action,2026
2498,Garden of Dublin,Animation,1983
2499,Beyond the Frozen Legend,Sci-Fi,2025
2500,The Secret of Venice,Adventure,2006
2501,Inside the Silent Archive,Thriller,2011
2502,Return to Brooklyn,Horror,1970
2503,Carnival of Avalon,Drama,1994
2504,Return to London,Fantasy,1990
2505,Galaxy of Prague,Romance,1998
2506,Beyond the Frozen Memory,Animation,2017
2507,Beyond the Midnight Mirror,Animation,2024
2508,The Neon Heart,Adventure,1985
2509,Golden Code Part 9,Romance,1979
2510,Before the Neon Planet,Fantasy,2022
2511,A Midnight Night,Action,2017
2512,Inside the Velvet Secret,Sci-Fi,2016
2513,Inside the First Legend,Romance,1998
2514,Secret Promise Part 12,Crime,1994
2515,Inside the Lost Dream,Thriller,1971
2516,Ancient Ocean Part 9,Mystery,1998
2517,Beyond the Royal Night,Horror,2008
2518,Dublin Empire,Mystery,2008
2519,Crystal Road,Adventure,1985
2520,Inside the Silver Carnival,Drama,2026
2521,Lisbon Memory,Horror,1987
2522,Beyond the Lost Train,Mystery,2008
2523,Bridge Theory Part 10,Fantasy,1974
2524,The Savage Voyage Case 2,Crime,2022
2525,The Hidden Legend,Thriller,2008
2526,Inside the Crystal Machine,Thriller,1994
2527,Cairo Voyage,Horror,2016
2528,Before the Bright Memory,Horror,1973
2529,A Silver Shadow,Action,1992
2530,Beyond the Scarlet Whisper,Comedy,2017
2531,Inside the Hidden Secret,Horror,2023
2532,The City of Cairo,Romance,1998
2533,Neon Forest Part 8,Crime,2021
2534,Mars Garden,Adventure,1975
2535,The Dream of Prague,Sci-Fi,2009
2536,Return to Iceland,Fantasy,1999
2537,The Ocean of Kyoto,Crime,1970
2538,River of Nevada,Romance,1976
2539,Empire of Manila,Adventure,2012
2540,The Burning Heart Case 3,Fantasy,1980
2541,The Empire of Dublin,Mystery,1973
2542,The Rising Voyage Case 8,Crime,1982
2543,Bridge from Havana,Drama,2016
2544,A Final Code,Fantasy,2022
2545,Endless Train,Thriller,1987
2546,The Velvet Carnival,Animation,1997
2547,The Midnight Forest Case 9,Romance,2015
2548,Broken Shadow Part 2,Mystery,1977
2549,Boston Code,Thriller,2012
2550,Gentle Road,Sci-Fi,2005
2551,Before the Frozen Whisper,Fantasy,2005
2552,The Electric Bridge,Romance,1996
2553,Urban Night Part 4,Thriller,1979
2554,Galaxy from Tokyo,Drama,2008
2555,Before the Burning Garden,Comedy,2011
2556,After Dublin Chapter 2,Crime,1970
2557,Secret Theory Part 4,Adventure,1983
2558,Whisper from Berlin,Adventure,1981
2559,Golden Road Part 2,Crime,1973
2560,After Sydney Chapter 8,Crime,1995
2561,The Velvet Code Case 11,Adventure,2022
2562,Before the Frozen Storm,Mystery,2001
2563,After Atlantis Chapter 8,Thriller,2011
2564,Return to Havana,Thriller,2015
2565,Harbor Castle,Crime,1979
2566,Voyage Theory Part 3,Crime,2021
2567,A Savage Secret,Adventure,2003
2568,Castle of Kyoto,Sci-Fi,2004
2569,A Bright Storm,Fantasy,2010
2570,The Ancient Ocean Case 8,Fantasy,2016
2571,After Lisbon Chapter 12,Mystery,1977
2572,Empire of Sahara,Horror,2009
2573,Lonely Road Part 2,Adventure,2002
2574,The Galaxy of Sahara,Comedy,1998
2575,Beyond the Gentle Archive,Adventure,2025
2576,Before the Hidden Horizon,Action,2021
2577,Bridge from Atlantis,Thriller,2005
2578,The Train of Cairo,Fantasy,1991
2579,Return to Berlin,Comedy,1993
2580,The Hidden Castle,Sci-Fi,1980
2581,The Urban Empire Case 10,Action,2008
2582,Berlin Signal,Action,2002
2583,Return to Brooklyn,Adventure,1990
2584,After Prague Chapter 9,Fantasy,2005
2585,A Royal Voyage,Sci-Fi,1973
2586,Inside the Fallen Machine,Crime,1994
2587,Kyoto Voyage,Mystery,1970
2588,Beyond the Silent Horizon,Thriller,1991
2589,The Modern Voyage,Drama,2016
2590,Whisper Theory Part 6,Mystery,2006
2591,Bridge Theory Part 3,Thriller,2024
2592,Theater Theory Part 5,Crime,2011
2593,After Paris Chapter 12,Thriller,1989
2594,A Golden Memory,Adventure,2026
2595,The Endless Empire,Action,2011
2596,Ocean Theory Part 3,Mystery,2007
2597,Manila Machine,Horror,2006
2598,Beyond the Silver River,Fantasy,2024
2599,The Legend of Nevada,Sci-Fi,2010
2600,Inside the Electric Signal,Mystery,1986
2601,Midnight Voyage,Drama,2017
2602,Night of Cairo,Sci-Fi,1999
2603,Before the Hidden Secret,Adventure,1974
2604,Sahara Heart,Sci-Fi,1974
2605,Dream Theory Part 11,Thriller,2004
2606,Final Dream Part 9,Sci-Fi,1977
2607,Inside the Midnight Whisper,Sci-Fi,1994
2608,Before the Modern Train,Crime,1994
2609,Before the Velvet Forest,Animation,1981
2610,After Sahara Chapter 5,Drama,1972
2611,Return to Nevada,Horror,1998
2612,Train Theory Part 7,Romance,1994
2613,Before the Modern Galaxy,Thriller,2024
2614,Before the Broken Signal,Romance,1997
2615,Beyond the Broken Bridge,Comedy,2025
2616,After Manila Chapter 2,Drama,2012
2617,After Dublin Chapter 8,Adventure,2011
2618,A Lonely Carnival,Action,1996
2619,Planet from Sydney,Fantasy,1973
2620,Before the Velvet Horizon,Action,2002
2621,Return to Seoul,Animation,2021
2622,Endless Memory Part 8,Mystery,2000
2623,Return to Rome,Sci-Fi,2006
2624,Beyond the Neon Horizon,Crime,2012
2625,Legend from London,Comedy,2005
2626,Beyond the Silent Theater,Mystery,1972
2627,Before the Last Empire,Adventure,2007
2628,Iceland Island,Thriller,1999
2629,Return to Kyoto,Drama,1991
2630,Before the Secret Planet,Mystery,1981
2631,Before the Quantum Voyage,Action,1992
2632,Machine from Avalon,Fantasy,2016
2633,The Neon Ocean,Romance,1980
2634,Scarlet Whisper Part 12,Fantasy,2006
2635,Inside the Velvet Night,Adventure,2006
2636,The Silver Island,Sci-Fi,1971
2637,Inside the Golden Forest,Drama,2011
2638,Inside the Silent Galaxy,Animation,2006
2639,Return to Kyoto,Comedy,1989
2640,The Silver Signal,Crime,2018
2641,The Fallen Carnival,Action,2004
2642,Gentle Promise Part 11,Sci-Fi,2001
2643,The Silver Voyage Case 4,Comedy,2001
2644,Before the Urban Forest,Fantasy,2016
2645,Code of Seoul,Action,1982
2646,After Lisbon Chapter 2,Horror,1970
2647,The Rising Code,Crime,1977
2648,Nevada Garden,Crime,2003
2649,After Nevada Chapter 11,Fantasy,1970
2650,Ocean from Prague,Horror,1980
2651,The Mirror of Nevada,Comedy,1990
2652,Code from Sydney,Thriller,2007
2653,Return to Nevada,Comedy,1993
2654,Inside the Midnight Signal,Drama,2019
2655,Return to Iceland,Adventure,1982
2656,Code from London,Comedy,2025
2657,Return to London,Thriller,1991
2658,The Road of Berlin,Crime,1979
2659,Horizon from Sydney,Thriller,1976
2660,Machine from Rome,Mystery,1990
2661,The City of Paris,Thriller,2001
2662,Brooklyn Bridge,Adventure,1979
2663,Heart Theory Part 4,Thriller,2011
2664,The Secret of Havana,Horror,2004
2665,The Fallen Promise Case 7,Animation,2008
2666,The Last Code Case 2,Mystery,2024
2667,Planet of Manila,Comedy,1992
2668,Beyond the Midnight Night,Comedy,2014
2669,Return to Berlin,Horror,2022
2670,Beyond the Silent River,Sci-Fi,1995
2671,First Promise,Fantasy,2003
2672,Code of Havana,Drama,2011
2673,After Venice Chapter 10,Drama,2015
2674,A Secret City,Thriller,1992
2675,Inside the Bright Train,Thriller,2005
2676,The Scarlet Whisper,Fantasy,2012
2677,The Bright Code,Crime,1997
2678,Before the Velvet Ocean,Animation,2001
2679,Archive of Iceland,Fantasy,1988
2680,Lonely Forest Part 6,Animation,2026
2681,Promise from Berlin,Fantasy,2022
2682,Heart from Iceland,Fantasy,2014
2683,Beyond the Velvet Legend,Crime,2000
2684,After Harbor Chapter 11,Mystery,2012
2685,The Quantum River,Thriller,1986
2686,Electric Shadow,Mystery,2022
2687,Beyond the Golden Planet,Romance,1990
2688,Inside the Modern Signal,Thriller,1999
2689,Return to Cairo,Drama,2000
2690,Velvet Storm,Animation,1993
2691,Return to Lisbon,Crime,1987
2692,Forest of Venice,Comedy,1977
2693,Return to Dublin,Adventure,2023
2694,Before the Rising Road,Adventure,2020
2695,The Last Garden Case 2,Comedy,2018
2696,Hidden Archive Part 4,Horror,1989
2697,Mirror of Seoul,Animation,2019
2698,A First Night,Horror,1990
2699,After Lisbon Chapter 11,Romance,2011
2700,Beyond the Dark Horizon,Animation,2003
2701,Beyond the Crystal Archive,Adventure,2010
2702,Beyond the Royal Whisper,Thriller,2017
2703,Before the Modern Promise,Comedy,1973
2704,Lonely Empire,Comedy,2004
2705,Return to Boston,Comedy,2026
2706,Road Theory Part 5,Thriller,1976
2707,Before the Neon Mirror,Sci-Fi,2001
2708,Rome Legend,Horror,2011
2709,Berlin Legend,Action,1998
2710,Return to Seoul,Horror,2005
2711,A Savage Forest,Thriller,2022
2712,The Bright Legend Case 3,Mystery,2008
2713,Before the Silent Archive,Drama,2017
2714,Beyond the Lonely Storm,Fantasy,2019
2715,Forest from Rome,Thriller,1977
2716,The First Whisper Case 12,Adventure,1988
2717,The Secret Signal Case 2,Horror,2008
2718,Inside the Modern Castle,Drama,1976
2719,Island Theory Part 2,Adventure,1996
2720,After Sydney Chapter 12,Fantasy,1970
2721,Beyond the Golden Bridge,Romance,1988
2722,Sahara Planet,Animation,1987
2723,Crystal Signal Part 7,Thriller,1984
2724,Return to Venice,Comedy,1991
2725,A Bright Archive,Fantasy,2022
2726,Midnight Shadow Part 5,Thriller,1982
2727,First City Part 6,Mystery,2023
2728,The Secret of Seoul,Action,2026
2729,Quantum Bridge,Romance,2020
2730,Beyond the Velvet Train,Horror,2016
2731,Broken Castle Part 6,Sci-Fi,2010
2732,Avalon Archive,Comedy,2020
2733,Galaxy Theory Part 2,Sci-Fi,1997
2734,Before the Gentle Archive,Romance,2005
2735,Paris Voyage,Animation,1987
2736,A Urban Galaxy,Mystery,1973
2737,Return to Cairo,Thriller,1981
2738,Before the First Dream,Animation,2001
2739,Inside the Bright Dream,Sci-Fi,1979
2740,Before the Last Bridge,Animation,1979
2741,A Crystal Shadow,Horror,2023
2742,Before the Broken Heart,Comedy,2025
2743,Promise Theory Part 8,Thriller,1998
2744,After Havana Chapter 3,Crime,1974
2745,The Ancient Promise,Action,2024
2746,After Havana Chapter 9,Fantasy,1985
2747,Avalon Train,Comedy,2024
2748,Boston Archive,Animation,2001
2749,Savage Road,Action,1996
2750,Return to Nevada,Comedy,1993
2751,Beyond the Royal Signal,Mystery,2023
2752,Whisper Theory Part 2,Action,1987
2753,Return to Prague,Animation,2015
2754,Return to Dublin,Animation,1991
2755,Beyond the Rising Night,Romance,1986
2756,The Velvet Voyage,Sci-Fi,2002
2757,The Carnival of Nevada,Crime,1997
2758,Havana Signal,Crime,1981
2759,Secret from Avalon,Adventure,1989
2760,Before the Savage Mirror,Thriller,2013
2761,Garden from Avalon,Horror,1990
2762,Train of Iceland,Romance,2011
2763,After Atlantis Chapter 10,Fantasy,1998
2764,The Velvet Forest,Crime,2025
2765,Before the Quantum Heart,Animation,1974
2766,The Planet of Manila,Fantasy,2015
2767,Inside the First Storm,Horror,2026
2768,Inside the Wild Ocean,Adventure,2013
2769,Rome Shadow,Mystery,1991
2770,Inside the Velvet Machine,Crime,2005
2771,The Velvet Galaxy,Drama,1992
2772,A Bright Ocean,Romance,2023
2773,The Endless Train Case 4,Drama,1987
2774,Theater from Iceland,Horror,1992
2775,A Velvet Horizon,Mystery,1986
2776,Empire Theory Part 9,Animation,2002
2777,Beyond the Lonely Whisper,Animation,2021
2778,Horizon from Boston,Crime,2016
2779,Secret Theory Part 8,Sci-Fi,2007
2780,Return to London,Adventure,2021
2781,Brooklyn Voyage,Crime,1979
2782,Inside the Endless Garden,Drama,1971
2783,A Rising Promise,Horror,2020
2784,Nevada Voyage,Adventure,1995
2785,Whisper of Prague,Drama,1974
2786,Quantum Planet Part 12,Romance,2008
2787,Inside the Burning Forest,Mystery,2024
2788,The Electric Memory Case 5,Thriller,1982
2789,The Royal Island Case 5,Crime,2014
2790,The Broken Shadow,Drama,1989
2791,The Galaxy of Brooklyn,Animation,1974
2792,The Final Secret,Fantasy,1982
2793,Before the Dark Signal,Horror,2026
2794,Storm of Prague,Horror,2009
2795,Bright City Part 6,Drama,2002
2796,The Mirror of Manila,Adventure,2014
2797,Return to Nevada,Sci-Fi,2000
2798,Hidden Empire,Mystery,2019
2799,After Nevada Chapter 8,Drama,1983
2800,Whisper from Iceland,Fantasy,2003
2801,Galaxy from Avalon,Mystery,1977
2802,Last Train Part 2,Thriller,1975
2803,Before the Electric Castle,Animation,1993
2804,Return to Prague,Fantasy,2012
2805,Empire from Tokyo,Crime,2023
2806,Beyond the Silent Ocean,Fantasy,2023
2807,After Cairo Chapter 11,Action,2004
2808,First Whisper,Fantasy,1990
2809,A Final City,Horror,2022
2810,The Dream of Boston,Animation,1995
2811,Return to Manila,Mystery,2017
2812,Return to Atlantis,Animation,2017
2813,Beyond the Scarlet Archive,Adventure,1996
2814,The Savage Signal Case 11,Action,2005
2815,The Theater of Lisbon,Horror,2014
2816,Horizon Theory Part 6,Animation,1983
2817,The Storm of London,Romance,2009
2818,Theater Theory Part 9,Horror,1973
2819,Final Castle,Fantasy,1981
2820,Rome Signal,Romance,2008
2821,The Bright Ocean Case 7,Comedy,1996
2822,Mirror from Kyoto,Animation,2002
2823,Neon Ocean,Adventure,2025
2824,Return to Iceland,Animation,1998
2825,The Secret City,Comedy,2021
2826,Return to Avalon,Sci-Fi,2026
2827,The Silver Mirror Case 2,Action,1973
2828,River of Avalon,Action,1990
2829,Inside the Modern Legend,Romance,1978
2830,A Modern Legend,Thriller,1970
2831,The Legend of Lisbon,Drama,1986
2832,Mirror from Havana,Action,1970
2833,A Rising Galaxy,Mystery,2013
2834,Endless River Part 2,Crime,2002
2835,Inside the Hidden Road,Sci-Fi,1987
2836,Before the Wild Shadow,Thriller,1984
2837,After Havana Chapter 12,Fantasy,2021
2838,Garden Theory Part 3,Adventure,1981
2839,The Urban Castle,Drama,1974
2840,After Havana Chapter 4,Romance,2018
2841,The Promise of Iceland,Adventure,1991
2842,After London Chapter 10,Adventure,2012
2843,Memory Theory Part 11,Animation,2018
2844,The Hidden Promise,Mystery,1982
2845,Last Shadow,Action,2006
2846,Return to Nevada,Sci-Fi,1988
2847,Ancient Dream Part 11,Fantasy,2020
2848,Return to Havana,Romance,1982
2849,Machine Theory Part 2,Crime,2022
2850,The Storm of Avalon,Adventure,2025
2851,Return to Rome,Action,1989
2852,Inside the Secret Storm,Crime,2023
2853,Train from Berlin,Comedy,1982
2854,The Rising Empire,Animation,2011
2855,Before the Bright Signal,Animation,1974
2856,Signal from Dublin,Adventure,1972
2857,Island of Harbor,Crime,1976
2858,The Frozen Theater,Crime,1975
2859,A Scarlet Signal,Animation,1981
2860,The Fallen Legend Case 10,Thriller,1977
2861,The Promise of Dublin,Adventure,2001
2862,Golden Road Part 3,Animation,2008
2863,Galaxy of Brooklyn,Fantasy,1997
2864,Venice Code,Action,2009
2865,Train of Sahara,Action,2010
2866,River from Seoul,Horror,2019
2867,Gentle Forest,Thriller,1995
2868,City Theory Part 12,Action,1997
2869,Before the Royal Road,Animation,2018
2870,The Lonely Forest Case 11,Romance,1995
2871,Before the Gentle Garden,Thriller,2016
2872,Machine from Prague,Action,1992
2873,A Golden Dream,Fantasy,1974
2874,Garden Theory Part 3,Fantasy,1987
2875,Fallen Theater Part 11,Sci-Fi,2018
2876,A Final Castle,Fantasy,1989
2877,The Dark Mirror,Crime,1976
2878,The Wild Road Case 6,Mystery,2011
2879,A Bright Galaxy,Thriller,2022
2880,Inside the Royal Archive,Mystery,1986
2881,Machine Theory Part 5,Romance,1982
2882,The Quantum Night Case 12,Comedy,1992
2883,Before the Final Machine,Comedy,2009
2884,First Whisper,Thriller,1995
2885,After Rome Chapter 2,Action,2003
2886,A Electric Horizon,Mystery,2011
2887,Secret Theory Part 9,Adventure,2009
2888,The Memory of Nevada,Thriller,2000
2889,Inside the Modern Shadow,Romance,2009
2890,Beyond the Savage Whisper,Comedy,1994
2891,Brooklyn Secret,Action,1991
2892,Modern Voyage Part 9,Action,2011
2893,Beyond the Royal Forest,Romance,1982
2894,A Ancient Galaxy,Mystery,2020
2895,Code Theory Part 7,Drama,1990
2896,Before the Final Theater,Romance,2013
2897,Beyond the Gentle Shadow,Mystery,1972
2898,The Scarlet Garden Case 11,Animation,1998
2899,Venice City,Comedy,2022
2900,Carnival of Iceland,Crime,2014
2901,Return to Boston,Sci-Fi,2010
2902,A Broken Empire,Animation,2018
2903,The Ancient Code Case 5,Romance,1996
2904,Lost Machine Part 3,Fantasy,1985
2905,The Carnival of Havana,Comedy,1986
2906,Return to Tokyo,Action,2025
2907,A Modern Ocean,Sci-Fi,1993
2908,Inside the Wild Secret,Adventure,1974
2909,Beyond the Bright Island,Comedy,2022
2910,The Shadow of Havana,Drama,2011
2911,A Ancient Code,Sci-Fi,2018
2912,Return to Iceland,Crime,2026
2913,A Urban Bridge,Horror,1997
2914,Return to Berlin,Sci-Fi,1994
2915,The Frozen Horizon,Crime,1983
2916,After Boston Chapter 10,Comedy,2018
2917,After Brooklyn Chapter 6,Animation,1989
2918,Castle Theory Part 5,Action,2005
2919,Code from Seoul,Fantasy,2026
2920,A Endless Night,Thriller,2008
2921,Garden from Manila,Comedy,1971
2922,Whisper from Brooklyn,Action,2011
2923,Inside the Electric Galaxy,Drama,2026
2924,Secret Galaxy Part 9,Animation,2023
2925,Promise Theory Part 4,Adventure,2018
2926,Ancient Horizon Part 2,Adventure,2013
2927,Planet Theory Part 4,Fantasy,1993
2928,After Boston Chapter 8,Horror,1978
2929,The Golden Mirror Case 11,Crime,2014
2930,Royal Horizon,Comedy,1983
2931,Dream of Nevada,Animation,1971
2932,Royal Ocean Part 3,Drama,1990
2933,After Nevada Chapter 4,Thriller,1971
2934,The Wild Garden,Crime,2020
2935,Galaxy Theory Part 2,Fantasy,1974
2936,Return to Brooklyn,Romance,2023
2937,Signal Theory Part 3,Mystery,1984
2938,Harbor Carnival,Sci-Fi,1992
2939,Before the Secret Signal,Action,2021
2940,The Rising Road Case 4,Animation,1985
2941,The Island of Tokyo,Sci-Fi,2000
2942,A Royal Secret,Adventure,1972
2943,Silent Road,Adventure,1987
2944,The Scarlet Empire Case 9,Horror,1995
2945,Beyond the Velvet Voyage,Crime,2023
2946,Crystal Planet Part 10,Drama,1987
2947,The Silent Island,Comedy,1992
2948,The Urban Garden,Animation,2010
2949,The Crystal Machine Case 10,Crime,1999
2950,Train from Avalon,Romance,1974
2951,The Last Forest,Comedy,2000
2952,After Seoul Chapter 5,Adventure,1975
2953,Inside the Wild Galaxy,Sci-Fi,1989
2954,Inside the Dark Heart,Drama,1984
2955,Final Road Part 8,Adventure,1995
2956,Prague Signal,Fantasy,2001
2957,Secret Island Part 12,Sci-Fi,2005
2958,After Iceland Chapter 11,Comedy,1991
2959,Whisper from Berlin,Action,1973
2960,River Theory Part 11,Adventure,1991
2961,Castle from Sydney,Adventure,1988
2962,Rising City Part 4,Mystery,1977
2963,Before the Dark Garden,Horror,2010
2964,Manila Horizon,Fantasy,1987
2965,Inside the Royal Heart,Animation,1997
2966,The Royal Horizon Case 6,Horror,1973
2967,After Kyoto Chapter 8,Mystery,2023
2968,Secret from Venice,Action,2022
2969,Storm from Cairo,Sci-Fi,1988
2970,Dream from Iceland,Sci-Fi,1978
2971,Inside the Gentle Train,Thriller,2007
2972,The Bright Forest,Drama,2023
2973,Signal from Cairo,Action,1976
2974,The Rising Ocean Case 10,Action,2002
2975,Nevada Signal,Fantasy,1999
2976,Night from Boston,Thriller,1991
2977,Ancient Carnival Part 9,Fantasy,1995
2978,Midnight Garden,Adventure,2002
2979,Before the Savage Garden,Sci-Fi,1996
2980,Last Horizon,Sci-Fi,2011
2981,First Storm Part 10,Fantasy,2008
2982,Archive of Venice,Mystery,2012
2983,Beyond the Golden Ocean,Fantasy,2000
2984,The Last Heart Case 7,Romance,2014
2985,Bridge from Harbor,Fantasy,2013
2986,Manila Mirror,Romance,2025
2987,Return to Sahara,Sci-Fi,1973
2988,Crystal Night,Crime,1974
2989,Mars Heart,Mystery,1986
2990,Crystal Legend,Sci-Fi,1974
2991,Code of Sydney,Adventure,2013
2992,Theater Theory Part 10,Mystery,1992
2993,A Burning Heart,Mystery,2016
2994,The Bright Shadow Case 5,Fantasy,1973
2995,After Sydney Chapter 2,Adventure,2003
2996,A Electric Shadow,Action,1974
2997,Train from Atlantis,Mystery,1996
2998,The Savage Theater,Thriller,1991
2999,The Secret of Avalon,Drama,2020
3000,The Crystal Bridge Case 5,Crime,2022
3001,A Neon Whisper,Crime,2025
3002,Midnight Train Part 7,Drama,1983
3003,Memory from Berlin,Adventure,1973
3004,Night Theory Part 11,Comedy,2006
3005,Brooklyn Machine,Mystery,2004
3006,Brooklyn River,Animation,2009
3007,Midnight Shadow Part 2,Comedy,2005
3008,The Carnival of London,Sci-Fi,2019
3009,The Rising Memory Case 11,Adventure,1991
3010,Rome Garden,Adventure,1997
3011,Last Signal,Horror,2010
3012,Beyond the Secret City,Animation,1993
3013,The Ocean of Boston,Sci-Fi,1997
3014,The Savage Memory,Thriller,2007
3015,Broken Night,Animation,1999
3016,Urban Ocean,Comedy,1972
3017,Theater of Paris,Mystery,1982
3018,Inside the Bright Code,Thriller,1971
3019,Mars Castle,Romance,2009
3020,Crystal Dream,Drama,1973
3021,Beyond the Bright Garden,Fantasy,2021
3022,Inside the Dark Signal,Drama,1997
3023,Archive of Avalon,Drama,1981
3024,Bridge Theory Part 7,Fantasy,2026
3025,Atlantis Heart,Comedy,1981
3026,Return to Iceland,Animation,1972
3027,Neon Dream,Thriller,1979
3028,Horizon of Tokyo,Sci-Fi,2004
3029,Before the Bright Secret,Romance,2011
3030,The Endless Archive,Animation,1975
3031,Return to Nevada,Crime,2010
3032,After Venice Chapter 9,Crime,1990
3033,Inside the Dark Galaxy,Romance,2018
3034,Return to Tokyo,Drama,1997
3035,Shadow from Kyoto,Animation,2017
3036,Beyond the Endless Garden,Horror,2017
3037,Before the Golden Forest,Action,1993
3038,The Dream of Cairo,Comedy,1987
3039,Midnight Train Part 4,Horror,2010
3040,Inside the Hidden Castle,Action,1984
3041,The Rising Archive Case 12,Action,1996
3042,Return to Avalon,Animation,1972
3043,Havana Memory,Mystery,1975
3044,Inside the Endless Whisper,Sci-Fi,2001
3045,Carnival Theory Part 12,Romance,2025
3046,Inside the Velvet Empire,Horror,1978
3047,The Bright Mirror,Drama,1983
3048,Inside the Burning Heart,Crime,2008
3049,The Ocean of Seoul,Horror,1980
3050,Horizon from London,Fantasy,1971
3051,Promise from Prague,Animation,2023
3052,Return to Kyoto,Romance,2003
3053,After Cairo Chapter 2,Sci-Fi,2022
3054,Heart from Iceland,Mystery,2002
3055,Island Theory Part 7,Adventure,1987
3056,After Kyoto Chapter 11,Mystery,2013
3057,Return to Cairo,Adventure,2010
3058,Shadow from Kyoto,Thriller,1979
3059,Brooklyn Empire,Fantasy,1976
3060,A Bright Ocean,Comedy,1982
3061,Royal Dream Part 9,Mystery,2025
3062,The Horizon of Mars,Animation,2024
3063,Royal Bridge,Sci-Fi,2022
3064,Silent Empire Part 7,Fantasy,2010
3065,The Gentle Galaxy Case 9,Drama,2009
3066,Broken Galaxy Part 12,Comedy,1980
3067,First Storm Part 9,Mystery,2004
3068,A Secret Mirror,Adventure,2001
3069,Inside the Wild Horizon,Action,1986
3070,Before the Golden City,Animation,1977
3071,River Theory Part 12,Mystery,2011
3072,Before the Scarlet Carnival,Comedy,1986
3073,Castle Theory Part 3,Action,1989
3074,Hidden Island,Action,1981
3075,A Modern Ocean,Crime,1984
3076,The Rising Island Case 10,Horror,2012
3077,Theater from Kyoto,Sci-Fi,2014
3078,Avalon City,Adventure,1986
3079,The Crystal Ocean Case 7,Drama,1970
3080,Forest of Kyoto,Thriller,1981
3081,Quantum Island,Animation,1984
3082,Paris Code,Drama,2011
3083,Return to Prague,Comedy,1972
3084,Iceland Bridge,Comedy,1990
3085,Inside the Scarlet Legend,Thriller,1992
3086,After Tokyo Chapter 11,Drama,1988
3087,After Boston Chapter 2,Animation,2011
3088,Return to Seoul,Animation,2008
3089,Dream from Iceland,Sci-Fi,1976
3090,After Cairo Chapter 11,Mystery,2018
3091,The Broken Train,Mystery,1996
3092,Rome Bridge,Crime,1976
3093,Whisper Theory Part 4,Action,1989
3094,Before the Lost Signal,Drama,2025
3095,The Final Carnival,Thriller,2010
3096,The Silent Island,Thriller,2010
3097,After Sydney Chapter 11,Adventure,1983
3098,Code of Havana,Crime,1997
3099,Before the Wild Forest,Sci-Fi,1995
3100,Before the Frozen Heart,Crime,1993
3101,The Last Forest,Romance,1987
3102,Urban Secret,Sci-Fi,1978
3103,Legend from Tokyo,Horror,1977
3104,Golden Forest,Romance,2003
3105,Return to Venice,Drama,1979
3106,Return to Atlantis,Crime,2002
3107,Dream from Prague,Mystery,2001
3108,Silent Machine Part 7,Horror,1977
3109,Inside the Ancient Signal,Mystery,1976
3110,Beyond the Velvet Night,Adventure,1996
3111,Inside the Frozen River,Comedy,1996
3112,Secret Theory Part 2,Sci-Fi,2004
3113,Before the Burning Night,Crime,2002
3114,A Lost Whisper,Horror,1978
3115,The Bright Island Case 10,Comedy,1989
3116,Return to Brooklyn,Mystery,2009
3117,Inside the First Forest,Thriller,1987
3118,Inside the Gentle Archive,Adventure,2018
3119,The Gentle Shadow Case 5,Sci-Fi,2003
3120,A Ancient Planet,Comedy,2020
3121,Atlantis River,Thriller,1984
3122,The First Code Case 11,Thriller,2018
3123,Beyond the Last Machine,Fantasy,1979
3124,Horizon from Venice,Comedy,1980
3125,The Machine of Manila,Thriller,2019
3126,Frozen Archive Part 9,Adventure,2026
3127,Heart Theory Part 5,Drama,1975
3128,Carnival Theory Part 3,Fantasy,2026
3129,A Ancient Galaxy,Horror,2023
3130,Lisbon Storm,Crime,2021
3131,Beyond the Dark Train,Fantasy,2012
3132,London Memory,Romance,1993
3133,Before the Gentle Storm,Thriller,2023
3134,Signal of Paris,Drama,2001
3135,Secret of Berlin,Mystery,2006
3136,The Ancient Signal Case 10,Crime,1971
3137,After Dublin Chapter 3,Romance,1985
3138,The Midnight Empire,Romance,1983
3139,Road of Harbor,Sci-Fi,2006
3140,Mirror from Tokyo,Drama,1993
3141,After Venice Chapter 7,Sci-Fi,2000
3142,The Code of Avalon,Romance,2016
3143,Beyond the Rising City,Action,1986
3144,Whisper Theory Part 9,Adventure,2026
3145,Manila Voyage,Animation,2014
3146,Return to Berlin,Adventure,2010
3147,Whisper Theory Part 3,Romance,1984
3148,The Gentle Galaxy Case 11,Horror,1987
3149,Inside the Savage Legend,Thriller,2010
3150,After Cairo Chapter 2,Drama,1980
3151,Venice Secret,Action,2001
3152,Ancient Island,Action,1998
3153,The Galaxy of Kyoto,Drama,2025
3154,The Hidden Island,Adventure,1972
3155,Promise Theory Part 2,Action,1987
3156,Rising Theater,Thriller,2008
3157,Road of Rome,Comedy,2020
3158,The Silent Signal,Drama,1992
3159,A Ancient Legend,Crime,2011
3160,The Rising Planet Case 9,Animation,2022
3161,Beyond the Electric Castle,Adventure,1990
3162,Train Theory Part 6,Animation,1975
3163,Storm from Brooklyn,Fantasy,2018
3164,London Ocean,Sci-Fi,2024
3165,Beyond the Royal Galaxy,Fantasy,2021
3166,Shadow Theory Part 9,Horror,1978
3167,Beyond the Lonely Mirror,Adventure,1996
3168,The Burning River,Mystery,2015
3169,Voyage of Boston,Romance,2019
3170,Inside the Bright Horizon,Horror,2020
3171,Archive of Seoul,Drama,2024
3172,Signal of Brooklyn,Mystery,2026
3173,The Forest of Harbor,Thriller,2006
3174,The Road of Sahara,Romance,2013
3175,Inside the Fallen Memory,Action,1987
3176,Wild Signal Part 6,Sci-Fi,1982
3177,Train Theory Part 3,Action,2015
3178,Return to Tokyo,Sci-Fi,2019
3179,Promise of Iceland,Comedy,1970
3180,Fallen Theater,Animation,1993
3181,Beyond the Last Voyage,Thriller,1972
3182,Horizon Theory Part 8,Thriller,2015
3183,Sahara Mirror,Animation,2011
3184,The Urban Mirror,Drama,2005
3185,Inside the Bright Ocean,Romance,1976
3186,Lisbon Empire,Adventure,1974
3187,Rising Empire Part 4,Fantasy,1996
3188,The Frozen River Case 4,Horror,1985
3189,Lost Legend Part 9,Action,1997
3190,Empire Theory Part 7,Sci-Fi,1970
3191,Before the Endless Secret,Fantasy,1981
3192,Signal Theory Part 12,Mystery,2017
3193,The Hidden River,Romance,2018
3194,Neon Bridge Part 3,Comedy,2023
3195,Before the Lonely Castle,Mystery,1993
3196,Gentle Whisper Part 5,Comedy,2004
3197,Before the Neon Secret,Animation,2023
3198,Urban Bridge,Comedy,1972
3199,After Prague Chapter 4,Crime,1983
3200,Return to Cairo,Fantasy,1990
3201,Beyond the Lost Promise,Mystery,2010
3202,The Crystal Code Case 3,Adventure,2018
3203,Return to Dublin,Mystery,2011
3204,Galaxy from Harbor,Horror,1998
3205,Silent Garden Part 6,Crime,2016
3206,Endless Horizon Part 7,Thriller,2007
3207,Inside the Broken Carnival,Comedy,2020
3208,Forest from Havana,Horror,2000
3209,Return to Mars,Romance,1987
3210,Before the Wild Night,Romance,1982
3211,Before the Final Empire,Horror,2017
3212,The Lost Galaxy Case 2,Thriller,2000
3213,The Archive of Boston,Crime,1972
3214,The Endless Machine,Animation,1984
3215,Return to Rome,Animation,1998
3216,Garden of Nevada,Action,2025
3217,The Castle of Lisbon,Crime,1996
3218,Beyond the Modern Planet,Drama,2011
3219,Return to Brooklyn,Sci-Fi,1998
3220,After Manila Chapter 12,Action,2012
3221,Before the Velvet Heart,Fantasy,1971
3222,The Promise of Berlin,Mystery,2020
3223,A Broken Bridge,Animation,1995
3224,Secret Night Part 6,Adventure,2002
3225,The Burning Train Case 8,Thriller,1973
3226,The Road of Rome,Comedy,1971
3227,Memory from Kyoto,Horror,2013
3228,Beyond the Hidden Voyage,Crime,1982
3229,Rome Road,Action,1992
3230,Inside the Final Secret,Drama,1996
3231,Signal from Atlantis,Comedy,2006
3232,Dream of Tokyo,Drama,1972
3233,Inside the Modern Island,Crime,2010
3234,The Rising Dream Case 11,Adventure,1997
3235,Hidden Promise Part 9,Adventure,1997
3236,A Velvet Castle,Comedy,1992
3237,Beyond the Scarlet Mirror,Romance,1971
3238,Silent Train,Adventure,1997
3239,Garden Theory Part 4,Action,2013
3240,The Machine of Cairo,Fantasy,2009
3241,Machine of Boston,Animation,1989
3242,Final Train Part 2,Animation,1993
3243,Return to Prague,Romance,1972
3244,Electric Night,Crime,2006
3245,Brooklyn Code,Crime,1976
3246,Beyond the Scarlet Night,Romance,2018
3247,The Last Bridge Case 4,Adventure,2017
3248,Theater from Nevada,Adventure,1985
3249,Inside the Frozen Code,Horror,1997
3250,Modern Horizon Part 2,Sci-Fi,2009
3251,Frozen Secret,Horror,1998
3252,Before the Neon Secret,Romance,1998
3253,Midnight Garden,Drama,1989
3254,Voyage from Venice,Romance,1980
3255,A Neon Horizon,Comedy,1974
3256,Lonely Road,Comedy,1996
3257,Road of Manila,Comedy,1987
3258,The Train of Nevada,Crime,1974
3259,Night of Prague,Drama,1992
3260,After Avalon Chapter 11,Horror,2007
3261,The Golden Ocean,Sci-Fi,2019
3262,The City of Prague,Animation,2007
3263,The Dark Horizon Case 10,Comedy,2022
3264,The Gentle River,Romance,1986
3265,Beyond the Modern Memory,Horror,2000
3266,Return to Havana,Fantasy,2008
3267,Return to Cairo,Mystery,2005
3268,Berlin Island,Animation,2000
3269,The Neon Garden Case 4,Sci-Fi,1973
3270,Inside the Rising City,Thriller,1998
3271,Brooklyn Promise,Mystery,2005
3272,Secret Machine,Fantasy,2003
3273,Golden Night,Romance,1985
3274,Legend Theory Part 10,Horror,2006
3275,Crystal Promise Part 8,Drama,1975
3276,Machine from Brooklyn,Animation,2021
3277,Dream Theory Part 5,Comedy,2007
3278,Before the First Planet,Fantasy,1988
3279,Whisper Theory Part 9,Animation,2015
3280,Atlantis Forest,Romance,1974
3281,Return to Berlin,Thriller,1982
3282,Return to Atlantis,Sci-Fi,1985
3283,The Garden of Prague,Animation,2016
3284,Heart from Prague,Action,1987
3285,After Berlin Chapter 2,Crime,2019
3286,A Endless Whisper,Horror,2015
3287,Lost Heart Part 3,Comedy,1993
3288,The Dark Road Case 7,Horror,1970
3289,The Quantum Garden Case 4,Romance,2012
3290,The Hidden River,Horror,1994
3291,Broken River Part 3,Thriller,1998
3292,Beyond the Electric Carnival,Crime,1973
3293,Storm of Seoul,Romance,1975
3294,Return to Cairo,Mystery,2010
3295,Shadow Theory Part 2,Drama,2019
3296,Horizon of London,Adventure,2023
3297,Before the Ancient Archive,Crime,1986
3298,Empire from Berlin,Drama,1972
3299,Return to Harbor,Animation,1981
3300,Final Ocean,Crime,1999
3301,The Bright Shadow,Action,2000
3302,Beyond the Bright Storm,Horror,2000
3303,The Heart of Dublin,Fantasy,2001
3304,Return to Sahara,Comedy,1997
3305,After London Chapter 8,Drama,1975
3306,Frozen Signal,Adventure,1996
3307,Lost Train Part 6,Action,1996
3308,Beyond the Burning Train,Adventure,1989
3309,Train of Paris,Adventure,1975
3310,The Lost Machine Case 4,Horror,2001
3311,Lost Mirror Part 10,Fantasy,2001
3312,Lisbon Dream,Fantasy,1980
3313,Return to Paris,Comedy,1996
3314,Sahara Empire,Animation,2003
3315,Crystal Code Part 11,Sci-Fi,1975
3316,A Neon Signal,Action,2005
3317,Garden of Sahara,Thriller,2018
3318,After Venice Chapter 9,Drama,2019
3319,Savage Archive,Comedy,2024
3320,Bright Memory Part 5,Action,2025
3321,Inside the Lonely Theater,Comedy,1979
3322,Beyond the Fallen Voyage,Action,1987
3323,Beyond the Bright Train,Adventure,1974
3324,Carnival from Havana,Adventure,2001
3325,After Manila Chapter 8,Drama,2001
3326,Storm of Iceland,Drama,1992
3327,After Seoul Chapter 8,Action,2019
3328,After Brooklyn Chapter 11,Sci-Fi,1972
3329,Before the First Machine,Animation,2025
3330,Paris Galaxy,Crime,2025
3331,The Royal Dream Case 8,Action,2014
3332,Beyond the Silver Carnival,Sci-Fi,1987
3333,Inside the Midnight Legend,Thriller,1981
3334,Electric Theater Part 5,Romance,1988
3335,Before the Burning Dream,Comedy,2009
3336,Frozen Theater Part 11,Fantasy,2012
3337,Empire Theory Part 2,Fantasy,1970
3338,Legend from Lisbon,Horror,2013
3339,The Shadow of Sydney,Adventure,1977
3340,Theater Theory Part 5,Comedy,1975
3341,The Dark Heart,Crime,1982
3342,Inside the Frozen Empire,Mystery,2006
3343,Before the Savage Memory,Horror,2024
3344,Ocean Theory Part 7,Sci-Fi,1971
3345,Shadow Theory Part 9,Action,1986
3346,The Hidden Secret Case 9,Comedy,2012
3347,Return to Iceland,Fantasy,1983
3348,Return to Sahara,Adventure,1989
3349,Return to Havana,Action,2007
3350,Inside the Royal Machine,Thriller,1974
3351,Inside the Ancient Dream,Mystery,1997
3352,Beyond the Silent Signal,Sci-Fi,2022
3353,Avalon Empire,Animation,2012
3354,The Train of Dublin,Sci-Fi,2014
3355,After Berlin Chapter 11,Drama,1975
3356,The Final Signal Case 11,Mystery,1971
3357,The Last Secret,Mystery,2021
3358,Frozen Planet,Horror,1975
3359,Ocean of Lisbon,Mystery,2000
3360,Beyond the Crystal Shadow,Mystery,1971
3361,The Silent Theater Case 7,Horror,1983
3362,Beyond the Quantum Road,Crime,1974
3363,The Frozen Signal,Thriller,1991
3364,Road from Tokyo,Comedy,1974
3365,A Electric Machine,Mystery,1990
3366,A Quantum Forest,Thriller,2014
3367,Silver Garden Part 11,Drama,1970
3368,A Lost Shadow,Mystery,1970
3369,The Midnight Storm Case 2,Fantasy,2004
3370,After Boston Chapter 5,Romance,1979
3371,Scarlet Storm Part 10,Romance,1999
3372,Rome Archive,Sci-Fi,2023
3373,Beyond the Silver Castle,Crime,1987
3374,A Quantum Shadow,Thriller,2026
3375,The Theater of Berlin,Action,2024
3376,The Neon Empire Case 12,Drama,1998
3377,The Burning Secret Case 4,Sci-Fi,2013
3378,The Ocean of Tokyo,Mystery,2013
3379,A Burning Island,Fantasy,1985
3380,After Paris Chapter 6,Horror,1997
3381,A Fallen Secret,Adventure,1976
3382,Before the Modern Galaxy,Horror,1987
3383,The Crystal Empire Case 3,Drama,1994
3384,Neon Promise,Romance,1982
3385,Before the Electric Empire,Animation,2004
3386,Garden of Harbor,Romance,2002
3387,Silver Code,Mystery,1994
3388,Before the Frozen River,Action,1997
3389,Theater Theory Part 3,Fantasy,1974
3390,Return to Avalon,Sci-Fi,2023
3391,The Gentle Secret Case 12,Adventure,1991
3392,Road from Sahara,Action,1989
3393,After London Chapter 7,Adventure,1993
3394,Beyond the Lost Ocean,Fantasy,2011
3395,Storm of Avalon,Fantasy,2008
3396,The Whisper of Paris,Romance,1997
3397,Return to Avalon,Horror,2002
3398,Tokyo Garden,Action,1984
3399,Mirror from Kyoto,Comedy,1984
3400,Before the Royal Train,Adventure,2020
3401,Final Island,Romance,1994
3402,The Bridge of Sydney,Drama,1973
3403,Venice River,Mystery,2013
3404,Beyond the Last Machine,Adventure,1999
3405,A Endless Carnival,Mystery,2001
3406,Beyond the Final Machine,Thriller,2005
3407,The Midnight Train,Thriller,2025
3408,Wild Heart Part 12,Mystery,2020
3409,Carnival from Manila,Horror,2015
3410,After Havana Chapter 12,Adventure,2010
3411,The Machine of Rome,Action,2019
3412,Secret of Seoul,Drama,1995
3413,Before the Modern Secret,Mystery,1984
3414,Silent Whisper,Action,1981
3415,Ancient Castle Part 8,Animation,2021
3416,Mirror Theory Part 3,Mystery,1995
3417,Heart from Kyoto,Crime,1994
3418,A Royal Promise,Adventure,2004
3419,Storm Theory Part 6,Romance,1975
3420,Return to Avalon,Thriller,2003
3421,The Mirror of Seoul,Adventure,1974
3422,Inside the Midnight Storm,Action,1970
3423,Velvet Galaxy Part 6,Thriller,2017
3424,Golden Bridge Part 9,Sci-Fi,2025
3425,Havana Road,Drama,2010
3426,The Silver Memory,Romance,1990
3427,The Bright Signal,Romance,2016
3428,After Harbor Chapter 4,Mystery,2008
3429,A Fallen Secret,Comedy,2006
3430,The Ancient Planet Case 12,Sci-Fi,2018
3431,Inside the Savage Theater,Drama,1993
3432,Empire from London,Mystery,1994
3433,After Mars Chapter 4,Adventure,1980
3434,Return to Sydney,Drama,2015
3435,Return to Mars,Adventure,2018
3436,Beyond the Neon Archive,Adventure,1975
3437,The Lost Horizon,Crime,2001
3438,After Dublin Chapter 9,Mystery,1989
3439,Archive from Dublin,Drama,2000
3440,Signal Theory Part 12,Action,1990
3441,Beyond the Quantum Train,Adventure,2003
3442,Inside the Crystal Voyage,Fantasy,2019
3443,A Broken Storm,Comedy,2004
3444,The Secret Island,Crime,2022
3445,A Gentle River,Fantasy,2015
3446,Galaxy from Brooklyn,Drama,2012
3447,Secret Theory Part 4,Romance,1971
3448,Velvet River,Thriller,2002
3449,A Secret River,Fantasy,1977
3450,Lisbon Forest,Thriller,2009
3451,Bright Theater Part 2,Thriller,1997
3452,Beyond the Burning Ocean,Drama,2008
3453,Before the Fallen Whisper,Thriller,1981
3454,The Rising Promise,Fantasy,1992
3455,Beyond the Neon Ocean,Romance,1997
3456,Modern Mirror Part 10,Crime,2018
3457,The Scarlet Mirror,Mystery,2023
3458,The Whisper of Havana,Sci-Fi,1983
3459,Cairo Forest,Animation,2022
3460,Iceland Carnival,Horror,1985
3461,A Savage Secret,Romance,1970
3462,The Silent Train,Crime,1980
3463,The Hidden Forest Case 9,Drama,1981
3464,Seoul Heart,Action,1983
3465,Beyond the Quantum Garden,Comedy,2017
3466,Inside the Bright Forest,Sci-Fi,1995
3467,The Golden River Case 12,Thriller,1985
3468,The Secret Night,Romance,2007
3469,Before the Silent Dream,Mystery,2026
3470,Dream of Dublin,Crime,2014
3471,Before the Gentle Whisper,Action,1970
3472,Rising Road,Horror,1970
3473,Return to Sydney,Crime,2000
3474,Beyond the Neon Carnival,Horror,1993
3475,The Galaxy of Atlantis,Romance,2003
3476,Heart Theory Part 11,Fantasy,1997
3477,Inside the First Shadow,Fantasy,1974
3478,Return to Rome,Sci-Fi,2009
3479,Neon River,Mystery,1982
3480,Voyage from Havana,Comedy,1990
3481,A Dark Island,Fantasy,2010
3482,The Savage Forest,Animation,2014
3483,Inside the Frozen Memory,Comedy,2011
3484,Endless Ocean Part 3,Fantasy,1992
3485,Whisper Theory Part 5,Crime,2011
3486,Road from Avalon,Thriller,1971
3487,Hidden Road Part 8,Crime,1987
3488,Final Storm Part 3,Horror,1996
3489,Manila Road,Mystery,1983
3490,Shadow Theory Part 4,Animation,1973
3491,Before the Crystal Mirror,Fantasy,1991
3492,Royal River Part 10,Adventure,2015
3493,Before the Silver Signal,Sci-Fi,1970
3494,Beyond the Electric Promise,Romance,1970
3495,Return to Lisbon,Romance,1991
3496,After Sahara Chapter 8,Comedy,1987
3497,Secret Voyage,Action,2001
3498,The Island of Avalon,Drama,1985
3499,Silent Empire Part 3,Horror,2023
3500,Train of Manila,Comedy,2017
3501,Return to Venice,Fantasy,2022
3502,Secret Night,Adventure,1985
3503,Endless Train Part 4,Crime,2011
3504,Silent Machine,Comedy,1990
3505,Crystal Shadow,Mystery,2016
3506,Horizon from Avalon,Fantasy,1973
3507,Memory of Harbor,Fantasy,2014
3508,Carnival from Manila,Animation,1971
3509,Midnight Storm,Comedy,2025
3510,Inside the Bright Machine,Horror,2023
3511,The Endless Secret,Romance,2011
3512,Road Theory Part 3,Romance,1998
3513,Inside the Neon Storm,Animation,1978
3514,Nevada Galaxy,Crime,2022
3515,Inside the Frozen Memory,Horror,2014
3516,Road Theory Part 11,Adventure,2017
3517,Secret Shadow,Horror,1993
3518,A Royal Secret,Sci-Fi,1980
3519,Fallen Road Part 5,Comedy,2011
3520,Lisbon Carnival,Crime,2000
3521,City of Boston,Sci-Fi,1990
3522,Island of Tokyo,Comedy,1989
3523,The Archive of Harbor,Romance,1989
3524,Inside the Ancient City,Animation,2018
3525,Crystal Castle Part 2,Mystery,1994
3526,Inside the Last Bridge,Animation,2014
3527,Before the Urban Bridge,Mystery,1997
3528,The Scarlet Castle Case 3,Adventure,1989
3529,Mirror Theory Part 9,Crime,2017
3530,Empire of Nevada,Fantasy,1989
3531,The Bright Memory Case 6,Thriller,2002
3532,Return to Brooklyn,Thriller,2009
3533,Return to Boston,Drama,2001
3534,Beyond the Velvet Train,Sci-Fi,1999
3535,Lonely Planet,Adventure,2009
3536,A Ancient River,Thriller,2013
3537,Before the Lost Castle,Comedy,1999
3538,Return to London,Thriller,2002
3539,Harbor Forest,Fantasy,1980
3540,Before the Electric Empire,Drama,1992
3541,Return to Atlantis,Adventure,1987
3542,Dark Ocean Part 10,Sci-Fi,2001
3543,Castle from Atlantis,Adventure,2021
3544,Beyond the Golden Shadow,Romance,1977
3545,The Dark Code Case 12,Action,1997
3546,Inside the Quantum Planet,Horror,1987
3547,A Broken Road,Crime,2017
3548,A Midnight Galaxy,Animation,2000
3549,Garden Theory Part 3,Comedy,1970
3550,After Havana Chapter 11,Drama,1980
3551,The Electric Heart,Sci-Fi,2019
3552,Beyond the Golden Road,Animation,2001
3553,Archive of Paris,Fantasy,2023
3554,A Midnight Ocean,Mystery,1976
3555,Secret from Lisbon,Crime,2003
3556,Before the Lost City,Action,1971
3557,Beyond the Final Heart,Action,1974
3558,Beyond the Modern Empire,Animation,1973
3559,After Seoul Chapter 3,Crime,1983
3560,Before the Endless Whisper,Drama,1985
3561,Return to Brooklyn,Animation,1978
3562,Inside the Golden Castle,Comedy,2016
3563,Return to Venice,Fantasy,2022
3564,Memory from Paris,Horror,1979
3565,A Urban Empire,Action,1997
3566,The First Shadow,Sci-Fi,1979
3567,Beyond the Secret Road,Drama,2008
3568,Wild Train Part 7,Comedy,2011
3569,Carnival Theory Part 9,Thriller,1973
3570,Return to Atlantis,Crime,1985
3571,A Rising Road,Drama,2019
3572,Beyond the Final Empire,Drama,1978
3573,Heart from Cairo,Comedy,1973
3574,Return to Havana,Fantasy,2006
3575,Before the Lost Archive,Sci-Fi,2026
3576,Inside the Velvet Promise,Sci-Fi,1982
3577,Beyond the Silver Theater,Thriller,2005
3578,Mirror from London,Romance,2022
3579,The Bright Bridge Case 10,Adventure,1980
3580,Forest from Paris,Thriller,1975
3581,City Theory Part 11,Sci-Fi,1973
3582,Garden of Paris,Romance,1982
3583,A Modern Machine,Mystery,1983
3584,After Sahara Chapter 7,Crime,1972
3585,After Paris Chapter 5,Drama,2023
3586,Legend Theory Part 10,Comedy,2021
3587,Horizon from Avalon,Comedy,2013
3588,A Broken Promise,Comedy,1977
3589,Return to Harbor,Horror,1970
3590,Beyond the Endless Legend,Thriller,1986
3591,Planet of Rome,Mystery,1982
3592,Inside the Silent Heart,Sci-Fi,2002
3593,The Quantum Theater,Adventure,2015
3594,Inside the Quantum Bridge,Drama,1990
3595,A Quantum Galaxy,Comedy,1972
3596,River Theory Part 5,Crime,1976
3597,After Iceland Chapter 7,Drama,2022
3598,Train Theory Part 7,Drama,1977
3599,Broken Island Part 12,Romance,1993
3600,Inside the Fallen River,Horror,2002
3601,Return to Lisbon,Thriller,2021
3602,Before the Endless Machine,Sci-Fi,1977
3603,Return to Sahara,Thriller,2003
3604,Machine Theory Part 5,Action,1992
3605,Return to Seoul,Sci-Fi,1984
3606,Before the Silver Heart,Thriller,2021
3607,The Final Road,Adventure,2021
3608,Horizon Theory Part 9,Fantasy,2006
3609,Memory from Rome,Thriller,2014
3610,Rising Island Part 4,Drama,1996
3611,Wild Horizon Part 10,Drama,1989
3612,The First Storm,Sci-Fi,1978
3613,The Mirror of Cairo,Thriller,2020
3614,The Neon Voyage Case 11,Sci-Fi,2001
3615,Mirror Theory Part 7,Mystery,1970
3616,Inside the First Voyage,Adventure,2009
3617,The Whisper of Mars,Action,1984
3618,Return to Atlantis,Thriller,2007
3619,Burning Forest,Comedy,1995
3620,Train from Paris,Crime,1986
3621,Return to Brooklyn,Drama,1981
3622,Before the Hidden Dream,Horror,1986
3623,Garden from Havana,Drama,2021
3624,Final Legend,Adventure,1991
3625,Inside the Fallen Mirror,Drama,1999
3626,Return to London,Thriller,2019
3627,Before the Bright Legend,Comedy,2023
3628,Storm from Manila,Crime,1980
3629,After Rome Chapter 2,Sci-Fi,2013
3630,The Gentle Code,Mystery,2014
3631,Ocean from Havana,Thriller,2026
3632,Night of Nevada,Mystery,2009
3633,Archive of Kyoto,Drama,2012
3634,The Broken Garden Case 10,Adventure,2024
3635,The Modern Code Case 12,Comedy,1986
3636,Beyond the Quantum Machine,Fantasy,1971
3637,Inside the Fallen Storm,Action,2003
3638,Road from Sahara,Mystery,1985
3639,Legend of Sydney,Mystery,1987
3640,A Lonely Galaxy,Action,1992
3641,The Gentle Carnival Case 12,Action,2018
3642,Dream from Sydney,Animation,2025
3643,After Harbor Chapter 2,Fantasy,2023
3644,Inside the Endless Ocean,Comedy,1976
3645,Crystal Machine,Horror,2019
3646,Inside the Silent City,Romance,2002
3647,After Mars Chapter 10,Adventure,1993
3648,The Neon Storm Case 3,Action,2024
3649,The Modern Promise Case 4,Comedy,1990
3650,Bright Memory,Crime,1988
3651,The Crystal River,Romance,1975
3652,A First Dream,Mystery,1984
3653,Broken Planet Part 3,Action,1971
3654,Island of Mars,Drama,1989
3655,Avalon Road,Drama,2002
3656,Dream Theory Part 11,Adventure,2017
3657,The Silver Machine,Romance,1981
3658,Silver Theater,Animation,1977
3659,Machine Theory Part 4,Adventure,1979
3660,Garden of Boston,Thriller,2002
3661,Beyond the Bright Forest,Mystery,1971
3662,Signal Theory Part 6,Horror,1987
3663,After Kyoto Chapter 12,Crime,1974
3664,Return to Dublin,Mystery,2015
3665,Carnival Theory Part 4,Action,1991
3666,Empire of Nevada,Adventure,2026
3667,After Sydney Chapter 2,Romance,2001
3668,A Secret Machine,Drama,1994
3669,The Endless Code,Mystery,1986
3670,Lost Code,Animation,1978
3671,Signal from Tokyo,Horror,1994
3672,Secret Dream,Sci-Fi,2022
3673,After Seoul Chapter 12,Sci-Fi,1990
3674,After Sydney Chapter 7,Crime,1972
3675,Bridge from Tokyo,Comedy,2019
3676,Beyond the Rising Castle,Thriller,2003
3677,Return to Iceland,Fantasy,1980
3678,Secret from Cairo,Adventure,2003
3679,Archive of Havana,Comedy,2019
3680,Legend from Havana,Comedy,1971
3681,London Dream,Fantasy,1985
3682,Secret Theory Part 6,Adventure,2020
3683,The Night of Iceland,Crime,1978
3684,Beyond the Final Island,Horror,1979
3685,Theater Theory Part 9,Mystery,2004
3686,Scarlet Carnival,Horror,1996
3687,Frozen Archive Part 10,Crime,2022
3688,Inside the Burning Ocean,Adventure,1990
3689,Before the Gentle Legend,Animation,1978
3690,Return to Sahara,Animation,2019
3691,Train Theory Part 10,Crime,1977
3692,The Ancient Promise Case 12,Animation,1976
3693,The Silent Planet,Thriller,1984
3694,Harbor Storm,Comedy,2000
3695,Castle of Iceland,Action,2005
3696,Garden from Prague,Horror,1988
3697,The Lonely Galaxy Case 12,Horror,2005
3698,Code from Lisbon,Romance,2020
3699,Night Theory Part 9,Sci-Fi,1981
3700,Train from Manila,Comedy,1989
3701,City from Cairo,Mystery,1971
3702,After Sydney Chapter 8,Drama,1996
3703,After Lisbon Chapter 10,Horror,2000
3704,Galaxy from Havana,Thriller,2000
3705,Galaxy of Brooklyn,Romance,2026
3706,The Secret Machine,Comedy,2008
3707,After Venice Chapter 3,Romance,1985
3708,Lonely Forest,Thriller,1981
3709,After Venice Chapter 7,Sci-Fi,2024
3710,Mirror from Dublin,Romance,1998
3711,After Sahara Chapter 3,Romance,1990
3712,Garden from Sahara,Adventure,2021
3713,Havana Road,Action,2009
3714,Dark Machine,Comedy,2009
3715,The Island of Atlantis,Fantasy,2007
3716,Last Promise,Mystery,2025
3717,Wild Carnival,Fantasy,1990
3718,Island from Nevada,Drama,2022
3719,Beyond the Neon Voyage,Action,1997
3720,A Wild Archive,Sci-Fi,2024
3721,Seoul Planet,Drama,2013
3722,The Road of Rome,Horror,2012
3723,A Lost Horizon,Drama,1987
3724,Forest of Cairo,Adventure,2005
3725,Horizon from Venice,Thriller,2017
3726,Inside the Burning Carnival,Drama,1991
3727,Bridge Theory Part 6,Fantasy,1988
3728,Promise of Harbor,Drama,1981
3729,Midnight Night,Horror,2017
3730,The Velvet Code Case 10,Comedy,2021
3731,The Train of Prague,Thriller,2023
3732,Dream from Berlin,Drama,1975
3733,The Garden of Lisbon,Mystery,2000
3734,A Broken Garden,Adventure,1992
3735,Carnival of Berlin,Comedy,2011
3736,Voyage Theory Part 11,Thriller,2022
3737,The Electric Voyage Case 10,Thriller,1970
3738,The Bright Forest,Comedy,1989
3739,A Burning Signal,Thriller,2024
3740,After Atlantis Chapter 12,Fantasy,1980
3741,Theater Theory Part 6,Romance,1981
3742,Venice Planet,Animation,2003
3743,Machine from Sahara,Action,1981
3744,Island Theory Part 2,Drama,2009
3745,The Quantum Archive,Horror,2014
3746,A Savage Road,Thriller,1970
3747,Bridge from Harbor,Thriller,1974
3748,Inside the Rising Carnival,Drama,2021
3749,Inside the Rising Galaxy,Romance,2020
3750,Return to Nevada,Crime,1995
3751,Whisper Theory Part 2,Mystery,2026
3752,Promise from Cairo,Romance,1983
3753,Inside the Crystal Voyage,Animation,1977
3754,Forest Theory Part 2,Fantasy,1999
3755,Beyond the Lonely Machine,Drama,1986
3756,After Seoul Chapter 9,Romance,2013
3757,Dream from Seoul,Comedy,2010
3758,After Brooklyn Chapter 12,Horror,1972
3759,Memory of Kyoto,Romance,1990
3760,Code of Kyoto,Animation,1986
3761,Inside the Silver Whisper,Sci-Fi,2020
3762,Return to Rome,Comedy,1984
3763,The Neon Whisper,Romance,2018
3764,The Electric Whisper,Mystery,1976
3765,The Bridge of Rome,Horror,1985
3766,The Frozen Garden Case 3,Sci-Fi,1993
3767,The Night of Mars,Crime,1992
3768,Galaxy of Nevada,Drama,1985
3769,Empire from London,Crime,2015
3770,Before the Midnight Train,Mystery,2009
3771,The Broken Mirror,Mystery,1991
3772,After Venice Chapter 8,Fantasy,1994
3773,Shadow from Kyoto,Romance,1983
3774,The Midnight Machine Case 6,Mystery,1998
3775,Castle from Dublin,Adventure,1983
3776,Before the First Heart,Animation,2013
3777,Carnival Theory Part 10,Adventure,1989
3778,Shadow Theory Part 10,Drama,2020
3779,Castle from Brooklyn,Horror,1998
3780,Last Galaxy,Romance,1991
3781,The Gentle Galaxy Case 4,Fantasy,2018
3782,Gentle Night Part 11,Action,1971
3783,The Promise of Tokyo,Horror,1970
3784,The Horizon of Berlin,Mystery,2005
3785,Legend Theory Part 5,Horror,1974
3786,Before the Endless Code,Drama,2000
3787,After Manila Chapter 3,Thriller,1992
3788,A Endless Mirror,Drama,2003
3789,A Silent Legend,Crime,1993
3790,Signal of Avalon,Horror,1980
3791,The First Memory Case 5,Drama,1977
3792,Dream of Brooklyn,Thriller,1971
3793,Silver River Part 5,Animation,1986
3794,Inside the Silent Signal,Drama,2011
3795,After Kyoto Chapter 8,Crime,2003
3796,The Bright Secret,Mystery,1981
3797,A Urban Code,Romance,2017
3798,Hidden River,Action,2014
3799,Inside the Royal Code,Romance,1979
3800,Beyond the Endless Memory,Mystery,1995
3801,Code of Sahara,Action,1976
3802,Scarlet Bridge,Mystery,1973
3803,Machine from Berlin,Mystery,1983
3804,Rising Dream,Action,1981
3805,Inside the Midnight Carnival,Fantasy,1999
3806,Midnight City Part 3,Mystery,2003
3807,Before the Ancient Road,Mystery,2020
3808,Planet Theory Part 9,Action,2012
3809,The Ocean of Sydney,Animation,1984
3810,Return to Tokyo,Action,1983
3811,Inside the Velvet Shadow,Romance,1983
3812,Fallen Theater,Drama,2012
3813,River Theory Part 11,Horror,2002
3814,Wild Secret,Animation,1999
3815,Inside the Last Bridge,Action,2016
3816,Beyond the Gentle City,Mystery,1981
3817,Machine Theory Part 7,Horror,1998
3818,Inside the First Archive,Animation,1982
3819,After Kyoto Chapter 10,Comedy,2002
3820,A Scarlet Forest,Sci-Fi,2002
3821,A Neon Dream,Fantasy,2003
3822,The Ancient Forest Case 7,Sci-Fi,2010
3823,Before the Silent City,Sci-Fi,2023
3824,Burning Forest Part 5,Fantasy,2005
3825,Bright Secret,Comedy,1983
3826,After Harbor Chapter 8,Drama,2018
3827,Quantum Memory Part 12,Crime,2017
3828,After Sahara Chapter 6,Fantasy,2017
3829,The Lost Theater Case 4,Fantasy,1993
3830,Return to Paris,Sci-Fi,1976
3831,River from Iceland,Action,1977
3832,Beyond the Electric Legend,Thriller,1988
3833,After Manila Chapter 7,Adventure,1989
3834,Before the Bright Empire,Horror,2009
3835,Ancient Forest,Thriller,1974
3836,Wild Code Part 6,Fantasy,2012
3837,Scarlet Carnival Part 10,Drama,1980
3838,Inside the Hidden Secret,Sci-Fi,1989
3839,Quantum Train Part 5,Crime,2023
3840,A Fallen Galaxy,Thriller,2022
3841,Carnival from Havana,Horror,1980
3842,Before the Savage Carnival,Thriller,1973
3843,Ancient Carnival,Romance,2012
3844,River from Paris,Crime,1992
3845,Lisbon Garden,Thriller,2020
3846,Before the Bright Whisper,Drama,1992
3847,Before the Endless Forest,Crime,2012
3848,The City of Sahara,Drama,2026
3849,The Savage Carnival Case 4,Fantasy,2005
3850,Inside the Fallen Secret,Drama,1977
3851,Inside the Scarlet Voyage,Fantasy,2012
3852,Beyond the Final Galaxy,Drama,1975
3853,The Hidden Promise,Animation,1999
3854,Bright Mirror,Sci-Fi,2008
3855,A Lost Planet,Fantasy,2004
3856,After Mars Chapter 6,Fantasy,2002
3857,Heart Theory Part 11,Horror,1993
3858,The Dream of Tokyo,Drama,2007
3859,The Wild Archive Case 5,Drama,2009
3860,Scarlet Heart Part 9,Animation,1980
3861,Inside the Urban Night,Mystery,1996
3862,Venice Galaxy,Thriller,1981
3863,After Paris Chapter 3,Animation,1992
3864,Tokyo Secret,Animation,2014
3865,Inside the Crystal Signal,Sci-Fi,1989
3866,The Silent Shadow,Crime,1980
3867,Return to Seoul,Animation,1974
3868,Return to Sahara,Drama,2022
3869,Legend Theory Part 8,Adventure,1978
3870,Train from Boston,Animation,2000
3871,Castle from Boston,Romance,1971
3872,The Savage Archive Case 8,Fantasy,1981
3873,Ocean from Berlin,Adventure,1999
3874,Inside the Hidden Memory,Fantasy,1992
3875,After Boston Chapter 6,Fantasy,2001
3876,Kyoto City,Sci-Fi,2015
3877,A Neon Theater,Romance,1989
3878,A Silver Road,Crime,1981
3879,A Silver Heart,Comedy,1980
3880,Return to Nevada,Thriller,2017
3881,After Iceland Chapter 12,Animation,1983
3882,Dublin City,Comedy,2016
3883,Sahara Heart,Crime,2018
3884,Secret Theater Part 2,Fantasy,2010
3885,Island from Tokyo,Horror,1979
3886,Electric Mirror Part 3,Thriller,2014
3887,Royal Shadow,Comedy,2010
3888,A Scarlet Planet,Comedy,1986
3889,Avalon Ocean,Sci-Fi,2024
3890,The Promise of Venice,Crime,1982
3891,Manila Castle,Sci-Fi,1976
3892,Before the Rising Planet,Horror,2023
3893,A Broken Empire,Comedy,2000
3894,Train from Tokyo,Thriller,1981
3895,Inside the First Heart,Crime,2015
3896,Horizon Theory Part 11,Mystery,1974
3897,Ocean of London,Romance,2021
3898,Storm from Mars,Romance,1992
3899,The Bright Shadow,Adventure,2013
3900,The Silent Bridge Case 8,Fantasy,2014
3901,Inside the Endless Road,Romance,1982
3902,Beyond the Quantum Promise,Crime,2013
3903,After Prague Chapter 12,Thriller,2016
3904,A Silver Voyage,Comedy,2017
3905,A Lonely Island,Sci-Fi,2004
3906,Inside the Modern Mirror,Crime,1987
3907,Garden from Lisbon,Fantasy,2018
3908,After Atlantis Chapter 2,Adventure,1978
3909,Return to Boston,Crime,1971
3910,Memory Theory Part 12,Drama,1978
3911,Before the Neon Ocean,Sci-Fi,1973
3912,Beyond the Quantum Memory,Romance,2006
3913,Before the Frozen Signal,Action,2000
3914,Return to Atlantis,Crime,1981
3915,Beyond the Velvet Mirror,Adventure,2016
3916,Velvet Memory Part 8,Sci-Fi,1984
3917,Beyond the Last Castle,Action,2009
3918,The Royal Legend,Fantasy,2008
3919,The Crystal Machine,Animation,1976
3920,The Burning Archive,Drama,1985
3921,Cairo Planet,Drama,1989
3922,Before the Urban River,Fantasy,2003
3923,The Golden Horizon Case 8,Sci-Fi,1993
3924,Before the Secret Code,Romance,2011
3925,Legend from Kyoto,Animation,2025
3926,Paris Theater,Crime,2000
3927,A Golden Empire,Action,2000
3928,Dream from Mars,Animation,2012
3929,Return to Manila,Crime,2014
3930,Voyage from Prague,Mystery,1985
3931,The Promise of Manila,Action,2024
3932,A Electric Galaxy,Thriller,2015
3933,The Bright Night,Action,1982
3934,Memory from Seoul,Drama,1995
3935,Return to Atlantis,Drama,2023
3936,Carnival Theory Part 5,Mystery,1986
3937,The Rising Empire Case 4,Mystery,1970
3938,The Voyage of Havana,Romance,1995
3939,Return to London,Drama,2023
3940,Beyond the Lost Night,Thriller,2009
3941,Inside the Savage Code,Adventure,1984
3942,The Wild Legend Case 3,Drama,1987
3943,The Silent Ocean Case 5,Comedy,1998
3944,The Lonely Theater,Drama,2008
3945,Inside the Scarlet Memory,Animation,2006
3946,The Carnival of Nevada,Horror,2022
3947,Mars Signal,Animation,2019
3948,Theater Theory Part 2,Adventure,2017
3949,Modern Code,Adventure,2009
3950,Promise Theory Part 11,Drama,2003
3951,Shadow of Rome,Sci-Fi,2016
3952,Crystal River Part 7,Adventure,2013
3953,Inside the Golden Carnival,Action,2000
3954,After Seoul Chapter 12,Mystery,2009
3955,Before the Silent Train,Horror,2018
3956,Beyond the First Code,Sci-Fi,2020
3957,Savage Archive,Adventure,2016
3958,Beyond the Bright Heart,Adventure,2026
3959,First Mirror Part 4,Drama,2002
3960,A Rising Theater,Adventure,2017
3961,After Venice Chapter 9,Thriller,1973
3962,Planet from Avalon,Crime,1977
3963,City of Brooklyn,Comedy,1974
3964,The Final Memory Case 2,Drama,1996
3965,Before the Crystal Machine,Adventure,2025
3966,Before the Fallen Night,Adventure,2007
3967,Rome Galaxy,Crime,2005
3968,The Secret Memory Case 5,Horror,1997
3969,After Seoul Chapter 4,Mystery,2009
3970,The Urban Horizon,Sci-Fi,2005
3971,Train from Atlantis,Comedy,1974
3972,Planet of Kyoto,Action,2017
3973,Inside the Burning Theater,Action,2011
3974,A Neon Whisper,Adventure,2011
3975,The Last Signal,Horror,1990
3976,Beyond the Bright Theater,Action,1995
3977,The Final Archive Case 12,Thriller,2023
3978,After Rome Chapter 12,Animation,1971
3979,Inside the Quantum Bridge,Drama,1970
3980,The Frozen Storm Case 10,Thriller,2006
3981,Scarlet Heart,Romance,1999
3982,Before the Silver Whisper,Sci-Fi,2005
3983,Velvet Galaxy,Comedy,1978
3984,The Neon Code Case 9,Adventure,2004
3985,Before the Wild Castle,Fantasy,1987
3986,Code from Brooklyn,Adventure,1981
3987,The Wild Island,Comedy,2008
3988,After Rome Chapter 9,Fantasy,1974
3989,Ocean from Venice,Drama,1997
3990,River of Kyoto,Romance,2017
3991,The Promise of Avalon,Action,2026
3992,The Scarlet Whisper Case 12,Sci-Fi,1976
3993,The Electric Promise,Thriller,1972
3994,After Mars Chapter 7,Comedy,1992
3995,The Burning River,Drama,2024
3996,Lost Memory Part 5,Mystery,2019
3997,A Frozen Code,Sci-Fi,1994
3998,Storm Theory Part 10,Animation,1971
3999,Electric Secret,Comedy,1982
4000,Inside the First Planet,Drama,1983
4001,Before the Modern Legend,Drama,1995
4002,Return to Lisbon,Sci-Fi,2022
4003,After Avalon Chapter 11,Horror,1997
4004,Fallen Mirror,Comedy,2014
4005,Inside the Broken Code,Horror,1974
4006,After Kyoto Chapter 6,Comedy,1981
4007,Before the Golden Carnival,Mystery,2010
4008,Sydney Mirror,Action,1974
4009,Memory from Brooklyn,Drama,1974
4010,Sydney Shadow,Horror,1970
4011,Island from Brooklyn,Thriller,2001
4012,Beyond the Modern Whisper,Thriller,1996
4013,Ocean from Avalon,Romance,1976
4014,Machine Theory Part 2,Mystery,2024
4015,Kyoto Dream,Sci-Fi,1981
4016,After Seoul Chapter 3,Adventure,1999
4017,Mirror Theory Part 9,Comedy,2004
4018,The Lost Dream,Crime,1991
4019,Golden Mirror,Drama,2022
4020,Mirror of Seoul,Action,1970
4021,Hidden Forest,Comedy,2024
4022,Neon Mirror,Drama,2013
4023,Return to Berlin,Mystery,2015
4024,City Theory Part 10,Horror,1984
4025,Castle from Atlantis,Animation,1979
4026,Golden Mirror Part 8,Fantasy,1993
4027,Nevada Signal,Adventure,2013
4028,Forest from Rome,Sci-Fi,2016
4029,Prague River,Crime,1973
4030,Nevada Memory,Fantasy,2002
4031,Harbor Heart,Adventure,2009
4032,Return to Harbor,Thriller,2003
4033,Forest of Boston,Horror,2026
4034,After Boston Chapter 10,Adventure,1989
4035,Fallen Theater Part 11,Animation,1976
4036,Night of Boston,Thriller,1987
4037,A Savage Theater,Romance,2001
4038,Modern Horizon,Mystery,1983
4039,Inside the Neon Theater,Mystery,1971
4040,Before the Modern Signal,Mystery,2009
4041,Return to Iceland,Adventure,2026
4042,The Last Memory,Drama,2006
4043,Garden of Iceland,Comedy,1971
4044,Galaxy from Iceland,Comedy,2013
4045,Heart of Iceland,Fantasy,2012
4046,Atlantis Secret,Mystery,2019
4047,Beyond the Lonely Castle,Sci-Fi,1984
4048,Empire Theory Part 4,Drama,1971
4049,Beyond the Ancient Ocean,Comedy,2012
4050,Before the Gentle Ocean,Mystery,1996
4051,Island of Harbor,Crime,2009
4052,Ancient Theater,Romance,1993
4053,The Mirror of London,Adventure,2014
4054,Beyond the Bright Castle,Action,1971
4055,Galaxy of London,Mystery,2003
4056,The Bridge of Brooklyn,Horror,2004
4057,Inside the Lonely Shadow,Sci-Fi,2003
4058,The Rising Memory Case 8,Action,1984
4059,Modern Machine Part 4,Thriller,1977
4060,A Quantum Code,Mystery,2004
4061,Night of Avalon,Thriller,2001
4062,The Neon Code Case 6,Comedy,2003
4063,Whisper from Brooklyn,Sci-Fi,2006
4064,Silver Horizon Part 10,Adventure,1976
4065,Bridge from Cairo,Thriller,1998
4066,Sydney Machine,Comedy,2019
4067,Inside the Royal Train,Crime,1986
4068,The Last Voyage,Mystery,1978
4069,The Golden City Case 3,Thriller,1998
4070,After Cairo Chapter 6,Action,1993
4071,Horizon of Cairo,Action,1970
4072,Before the Royal Storm,Horror,1981
4073,Inside the Endless Code,Fantasy,2026
4074,Return to Sahara,Drama,2015
4075,Secret Archive,Crime,2008
4076,Night of Kyoto,Fantasy,1979
4077,Royal Theater,Horror,1989
4078,Whisper from Cairo,Sci-Fi,1988
4079,After Dublin Chapter 2,Adventure,2017
4080,The Silent Heart,Thriller,2000
4081,Theater of London,Sci-Fi,2019
4082,The Wild Castle,Adventure,1980
4083,Storm Theory Part 10,Horror,1991
4084,Beyond the Quantum Road,Sci-Fi,2018
4085,Road of Prague,Thriller,1983
4086,Before the Neon Carnival,Mystery,2002
4087,Garden from Lisbon,Crime,1971
4088,The Empire of Harbor,Sci-Fi,2010
4089,Kyoto Bridge,Sci-Fi,1984
4090,The Frozen Legend Case 6,Animation,2012
4091,Empire of Lisbon,Fantasy,1971
4092,Beyond the Scarlet Dream,Action,2023
4093,Lisbon Island,Animation,2009
4094,Shadow from Sydney,Action,1988
4095,Empire Theory Part 6,Sci-Fi,1992
4096,Beyond the Electric Castle,Comedy,1979
4097,Wild Promise Part 9,Animation,1980
4098,Inside the Neon Road,Thriller,1974
4099,Before the Endless Machine,Romance,1992
4100,Inside the Bright Ocean,Thriller,1993
4101,City from Nevada,Mystery,2018
4102,Scarlet Garden,Horror,1980
4103,After Berlin Chapter 12,Fantasy,1971
4104,Ocean of Rome,Comedy,1999
4105,The Archive of Kyoto,Comedy,2004
4106,Mirror from Prague,Horror,1999
4107,Inside the Golden Road,Animation,1980
4108,Berlin Whisper,Animation,1997
4109,Royal River,Action,1984
4110,The Silent Ocean Case 10,Adventure,1996
4111,Burning Garden Part 7,Thriller,1971
4112,Endless Storm,Sci-Fi,2021
4113,Sydney Road,Comedy,2005
4114,Return to Iceland,Adventure,1989
4115,Frozen Shadow Part 4,Comedy,2020
4116,A Crystal River,Horror,1986
4117,Harbor Train,Crime,2008
4118,The Hidden Galaxy,Action,1973
4119,Planet Theory Part 7,Sci-Fi,2018
4120,Inside the Royal Train,Drama,1988
4121,Cairo Voyage,Horror,1991
4122,After Havana Chapter 2,Animation,2015
4123,First Carnival,Sci-Fi,2003
4124,Fallen Whisper,Mystery,1980
4125,Ocean Theory Part 10,Crime,1972
4126,Burning Horizon Part 8,Horror,1979
4127,Return to Havana,Mystery,1979
4128,The Urban Bridge,Crime,2009
4129,Prague Heart,Mystery,1970
4130,Secret from Dublin,Mystery,2002
4131,Mirror from Lisbon,Fantasy,1980
4132,A Velvet Forest,Adventure,1975
4133,The Garden of Prague,Sci-Fi,1990
4134,City from Manila,Fantasy,1978
4135,The Urban Empire Case 2,Fantasy,2009
4136,Crystal Promise Part 7,Drama,1998
4137,After Avalon Chapter 11,Thriller,1978
4138,Inside the Gentle Castle,Animation,1974
4139,Inside the Rising Machine,Action,1975
4140,Modern Galaxy,Drama,1978
4141,Inside the Crystal Galaxy,Drama,1986
4142,Beyond the Quantum Carnival,Horror,2002
4143,Midnight Signal,Sci-Fi,2009
4144,Beyond the Crystal Storm,Crime,1980
4145,Inside the Scarlet Secret,Adventure,2014
4146,Legend of Lisbon,Fantasy,2008
4147,Scarlet Forest,Comedy,1989
4148,Memory Theory Part 7,Drama,1973
4149,Quantum Ocean,Drama,1999
4150,The Urban Train,Crime,1993
4151,The Royal Galaxy Case 9,Sci-Fi,2004
4152,Ocean of Havana,Fantasy,1973
4153,Return to Avalon,Thriller,2023
4154,Before the Broken Horizon,Animation,1983
4155,The First Voyage Case 10,Thriller,1982
4156,Royal Heart Part 10,Thriller,1990
4157,The Modern Code,Horror,2001
4158,Signal from Nevada,Adventure,2015
4159,The Silent Mirror Case 3,Comedy,1993
4160,Return to Boston,Adventure,1980
4161,Planet of Rome,Comedy,2021
4162,The Burning Secret Case 5,Action,1971
4163,Fallen Shadow Part 9,Crime,2025
4164,Inside the Modern Code,Fantasy,1994
4165,A Midnight Castle,Crime,1975
4166,Road from Cairo,Mystery,2010
4167,Ocean from Brooklyn,Horror,1995
4168,Before the Secret Planet,Horror,2012
4169,A Urban Bridge,Sci-Fi,1977
4170,A Velvet Voyage,Comedy,2005
4171,Inside the Golden Voyage,Horror,2017
4172,Inside the Last River,Horror,2015
4173,Fallen Night,Sci-Fi,2012
4174,After Havana Chapter 3,Crime,2026
4175,Before the Last Empire,Thriller,1970
4176,Whisper of Iceland,Romance,1972
4177,Promise of Sahara,Adventure,1982
4178,Lisbon Ocean,Fantasy,2008
4179,Rome Voyage,Action,1999
4180,After Avalon Chapter 3,Horror,1999
4181,Lost Castle Part 5,Sci-Fi,2002
4182,The Silver Promise,Animation,1985
4183,The Silver Machine Case 8,Action,1975
4184,After Manila Chapter 10,Sci-Fi,1991
4185,Wild Storm,Animation,1980
4186,The Modern Garden Case 6,Mystery,2008
4187,Return to Manila,Comedy,2018
4188,Before the Savage Train,Horror,2018
4189,Rome Ocean,Mystery,2000
4190,The Crystal Dream Case 4,Adventure,1989
4191,City Theory Part 9,Drama,2022
4192,After London Chapter 7,Sci-Fi,1972
4193,Brooklyn Garden,Crime,2004
4194,The Lonely Theater,Drama,1991
4195,Lost Shadow Part 2,Drama,1977
4196,The Electric Island,Adventure,1972
4197,Urban Galaxy Part 8,Animation,1999
4198,The Quantum Garden,Comedy,1981
4199,Theater from Atlantis,Sci-Fi,1986
4200,A Last Heart,Romance,2016
4201,Beyond the Midnight Galaxy,Horror,1976
4202,The Broken Promise,Mystery,1980
4203,The Last Heart,Action,1971
4204,Before the First Bridge,Drama,1979
4205,Boston Island,Drama,1991
4206,The Savage Mirror Case 11,Romance,2008
4207,Last Night Part 7,Crime,2005
4208,Beyond the First Heart,Thriller,2003
4209,Inside the Lonely Theater,Horror,2014
4210,The Lonely Voyage Case 9,Comedy,1986
4211,The Last Garden,Horror,2004
4212,The Fallen Machine,Action,1980
4213,The Train of Havana,Crime,1981
4214,Before the Quantum Memory,Adventure,2013
4215,The River of Nevada,Crime,1985
4216,Midnight Forest,Adventure,2003
4217,Legend Theory Part 3,Thriller,2024
4218,The Neon Legend Case 6,Animation,2022
4219,The Silver City,Romance,1972
4220,Return to Nevada,Mystery,1995
4221,Archive of Paris,Sci-Fi,2009
4222,Gentle Empire,Animation,2020
4223,After Sahara Chapter 9,Thriller,2011
4224,A Silent Night,Action,1990
4225,The Promise of Venice,Action,2015
4226,Inside the Wild Night,Animation,1978
4227,The Theater of Kyoto,Adventure,2025
4228,Horizon Theory Part 5,Action,1992
4229,After Paris Chapter 10,Comedy,1992
4230,City of Manila,Horror,2013
4231,Return to Boston,Animation,2012
4232,Archive from Berlin,Animation,2016
4233,The Crystal Dream Case 12,Sci-Fi,1999
4234,Neon Carnival,Animation,2020
4235,The Urban City,Fantasy,2024
4236,Quantum Code,Action,2001
4237,Beyond the Royal Code,Drama,1980
4238,Return to Brooklyn,Fantasy,2019
4239,Velvet Night,Comedy,1982
4240,The Modern Archive,Thriller,2011
4241,A Fallen River,Sci-Fi,2021
4242,A Midnight Forest,Crime,1972
4243,After Sahara Chapter 2,Crime,1986
4244,Beyond the Bright Road,Comedy,1980
4245,The Signal of Seoul,Crime,1990
4246,Horizon Theory Part 3,Action,1981
4247,Return to Boston,Thriller,1997
4248,A Urban Horizon,Drama,1999
4249,Silver Code,Adventure,1993
4250,Empire Theory Part 6,Comedy,1985
4251,A Savage Archive,Fantasy,1975
4252,Last Castle,Romance,2004
4253,Beyond the Wild Galaxy,Sci-Fi,1991
4254,Beyond the Quantum Promise,Horror,2017
4255,Final Mirror,Drama,1984
4256,River Theory Part 5,Crime,1973
4257,Beyond the Broken Dream,Adventure,2010
4258,Lonely Island Part 10,Crime,1980
4259,Night Theory Part 10,Romance,1995
4260,River of Mars,Adventure,2017
4261,Urban Empire,Action,2001
4262,The Electric Castle Case 10,Horror,2025
4263,Horizon Theory Part 12,Mystery,1970
4264,The Heart of Sahara,Adventure,1984
4265,Gentle Legend Part 4,Fantasy,2026
4266,Before the Wild Code,Animation,2021
4267,Return to Boston,Mystery,2005
4268,Midnight Storm,Thriller,2012
4269,Inside the Lonely Storm,Fantasy,2023
4270,Inside the Last Legend,Action,2003
4271,The Gentle Promise Case 9,Thriller,1981
4272,The Wild Castle Case 12,Drama,1990
4273,Ocean Theory Part 12,Comedy,2000
4274,Return to Dublin,Comedy,2008
4275,Bridge from Tokyo,Fantasy,1970
4276,Dream of Nevada,Adventure,2000
4277,The Machine of Boston,Action,1979
4278,Before the Crystal Memory,Drama,1993
4279,Inside the Modern Code,Horror,2001
4280,Beyond the Velvet Legend,Drama,2006
4281,Savage Train,Animation,1998
4282,Scarlet Ocean,Fantasy,1983
4283,Train from Venice,Animation,2025
4284,The Electric Train,Animation,2002
4285,Rising Signal,Adventure,1991
4286,Beyond the Bright Castle,Fantasy,2025
4287,After Nevada Chapter 11,Sci-Fi,1979
4288,Inside the Silver Legend,Horror,2015
4289,A Wild Legend,Action,1994
4290,Before the Silver Island,Sci-Fi,1976
4291,Broken City Part 2,Thriller,2021
4292,Inside the Velvet Voyage,Adventure,2021
4293,Before the Endless Secret,Adventure,2001
4294,Broken Island Part 12,Animation,2020
4295,Sydney Heart,Mystery,2017
4296,Garden of Venice,Mystery,1982
4297,After Avalon Chapter 10,Romance,2017
4298,Neon Empire,Crime,2008
4299,Return to Iceland,Mystery,1991
4300,Beyond the Frozen Ocean,Comedy,2014
4301,Ocean Theory Part 5,Comedy,1987
4302,The Burning Machine Case 3,Drama,2000
4303,Inside the Modern Whisper,Mystery,2020
4304,The Archive of Prague,Animation,2006
4305,Return to Sydney,Action,2001
4306,Island Theory Part 2,Mystery,2003
4307,Rome Storm,Drama,1998
4308,Berlin Machine,Drama,2010
4309,Archive of Kyoto,Comedy,2018
4310,The Castle of Lisbon,Fantasy,1990
4311,Quantum Shadow,Sci-Fi,2017
4312,The Rising Secret,Fantasy,2020
4313,Bridge Theory Part 10,Action,2000
4314,Before the Fallen Archive,Romance,1991
4315,After Rome Chapter 4,Action,2021
4316,Endless Castle,Thriller,2006
4317,Night from Mars,Sci-Fi,2010
4318,The Endless Planet,Fantasy,2018
4319,Beyond the Modern Voyage,Comedy,1974
4320,A Urban City,Adventure,2010
4321,Frozen Forest Part 10,Adventure,1978
4322,Inside the Modern Heart,Sci-Fi,1983
4323,Before the Crystal Memory,Action,1992
4324,Castle Theory Part 7,Thriller,2014
4325,Planet Theory Part 11,Sci-Fi,2002
4326,Royal Machine,Thriller,1995
4327,The Bridge of Mars,Sci-Fi,2014
4328,The Code of Harbor,Mystery,1989
4329,The Rising Train Case 12,Action,2006
4330,Dream of Lisbon,Fantasy,2022
4331,Inside the Lost Theater,Adventure,2020
4332,A Endless Machine,Romance,2021
4333,Promise from Havana,Comedy,1978
4334,Gentle Archive,Horror,2023
4335,After Tokyo Chapter 2,Sci-Fi,1979
4336,The Legend of Venice,Action,1997
4337,Last Machine,Thriller,1974
4338,Inside the Broken Machine,Horror,1998
4339,Promise Theory Part 10,Adventure,2024
4340,Horizon Theory Part 7,Adventure,2023
4341,The Urban Archive Case 7,Fantasy,2017
4342,Return to Prague,Thriller,2010
4343,After Paris Chapter 7,Adventure,2017
4344,Return to Nevada,Animation,1997
4345,Ocean of Brooklyn,Comedy,2006
4346,The Signal of Prague,Animation,2002
4347,The Scarlet Horizon,Crime,2003
4348,Urban Signal,Horror,2024
4349,Before the Broken Bridge,Fantasy,2011
4350,A Modern Bridge,Fantasy,1991
4351,Legend of Kyoto,Crime,1970
4352,Gentle Machine,Fantasy,2018
4353,Inside the Ancient Signal,Romance,2019
4354,Inside the Lost Island,Mystery,2025
4355,After Dublin Chapter 7,Sci-Fi,2018
4356,The Neon Bridge,Adventure,2020
4357,After Boston Chapter 11,Comedy,2012
4358,A Urban Garden,Fantasy,1995
4359,Island from Brooklyn,Thriller,1971
4360,The Scarlet Carnival,Comedy,2021
4361,Ocean Theory Part 10,Drama,1986
4362,Return to Atlantis,Action,1999
4363,The Lost City,Crime,2000
4364,Beyond the Golden Storm,Horror,1972
4365,Dublin Legend,Horror,2024
4366,Memory from Mars,Mystery,1975
4367,The Broken Storm Case 4,Animation,1994
4368,After Nevada Chapter 7,Adventure,2004
4369,The Golden Horizon,Action,2026
4370,Berlin Secret,Action,1971
4371,The Lost Secret Case 4,Action,2022
4372,Wild Planet,Drama,2005
4373,Whisper from Paris,Drama,2019
4374,City from Kyoto,Comedy,1976
4375,Return to Avalon,Horror,2011
4376,Castle from Boston,Romance,1977
4377,Forest of Brooklyn,Fantasy,1976
4378,Return to Manila,Drama,2008
4379,Before the Last Heart,Adventure,1976
4380,Neon Secret,Horror,1996
4381,The Modern Memory,Action,1998
4382,Return to Avalon,Adventure,1987
4383,Empire of Prague,Romance,2013
4384,Beyond the Secret Bridge,Mystery,1994
4385,Bright Heart Part 8,Animation,1999
4386,After Seoul Chapter 8,Fantasy,1990
4387,Return to Venice,Drama,1982
4388,Quantum Island Part 10,Adventure,2016
4389,Inside the Broken Whisper,Action,2010
4390,The Road of Seoul,Animation,2000
4391,Beyond the Golden Dream,Comedy,1982
4392,Before the Secret Planet,Mystery,2013
4393,Shadow from Atlantis,Animation,1986
4394,Machine Theory Part 12,Adventure,1983
4395,Night from Prague,Comedy,2021
4396,Last Night Part 9,Mystery,1972
4397,A Final Heart,Horror,1985
4398,Before the Lost Garden,Animation,2010
4399,Scarlet Train,Animation,2014
4400,Return to London,Sci-Fi,2000
4401,The Midnight City,Drama,2016
4402,Dark Whisper Part 3,Horror,1976
4403,Final Horizon,Drama,2019
4404,Before the Secret Voyage,Fantasy,1994
4405,Island of Venice,Comedy,1978
4406,Inside the Gentle Road,Animation,2021
4407,Royal Secret,Animation,2013
4408,Beyond the Final Planet,Adventure,2009
4409,Inside the Modern Dream,Drama,1998
4410,Return to Brooklyn,Romance,1992
4411,Beyond the Rising Heart,Animation,2022
4412,Return to Iceland,Comedy,2007
4413,The Wild Mirror Case 8,Drama,2015
4414,First Theater Part 7,Mystery,1981
4415,Modern Theater,Action,1976
4416,Beyond the Silver Secret,Mystery,2025
4417,A Silent Theater,Mystery,1984
4418,Return to Harbor,Comedy,2015
4419,After Lisbon Chapter 2,Fantasy,2010
4420,Inside the Lonely Galaxy,Adventure,1996
4421,The Castle of Atlantis,Romance,2006
4422,Beyond the Dark Galaxy,Drama,1987
4423,The Planet of Seoul,Comedy,1988
4424,Empire of Berlin,Drama,1991
4425,Garden Theory Part 4,Fantasy,2011
4426,Shadow from Sahara,Sci-Fi,2012
4427,Urban Forest,Thriller,2018
4428,Nevada Train,Thriller,2003
4429,City Theory Part 6,Action,2018
4430,Beyond the Bright Empire,Fantasy,1995
4431,Beyond the Dark Bridge,Fantasy,2008
4432,After Nevada Chapter 10,Romance,1987
4433,Return to Nevada,Fantasy,1995
4434,The Train of Kyoto,Fantasy,2000
4435,The Quantum Castle,Adventure,2007
4436,Return to Mars,Crime,2024
4437,Tokyo Theater,Sci-Fi,2022
4438,Gentle Castle Part 12,Action,1971
4439,Night of Sydney,Comedy,1971
4440,Atlantis Mirror,Animation,1998
4441,Promise Theory Part 3,Action,2002
4442,Road from Rome,Action,1987
4443,Before the Fallen Storm,Adventure,1998
4444,The Broken City Case 5,Drama,2000
4445,Signal Theory Part 10,Romance,2004
4446,Before the Burning Road,Comedy,2007
4447,Return to Nevada,Action,2018
4448,A Lost Shadow,Crime,1978
4449,Velvet Forest Part 6,Fantasy,2009
4450,Storm Theory Part 6,Sci-Fi,2023
4451,The Modern Bridge,Comedy,2014
4452,A Broken Archive,Romance,1970
4453,After Dublin Chapter 6,Drama,2014
4454,Before the Silver Heart,Crime,2010
4455,Mirror of Sahara,Drama,1983
4456,The Urban Ocean,Horror,1986
4457,Theater from Seoul,Romance,2012
4458,Before the Ancient Code,Action,1972
4459,Signal Theory Part 11,Animation,1993
4460,Bright Archive Part 4,Romance,2017
4461,Before the Lonely Ocean,Horror,1972
4462,Urban Empire Part 7,Fantasy,1996
4463,Signal of Seoul,Comedy,1997
4464,Tokyo Whisper,Thriller,2007
4465,The Signal of Venice,Crime,1972
4466,Train Theory Part 5,Thriller,2017
4467,The Legend of London,Drama,1975
4468,Train Theory Part 3,Animation,1976
4469,Return to Brooklyn,Fantasy,2003
4470,Promise Theory Part 12,Adventure,2018
4471,Beyond the Velvet Castle,Adventure,1974
4472,Horizon from Manila,Action,2006
4473,The Theater of Boston,Thriller,1996
4474,Ocean from Nevada,Horror,2021
4475,Secret Planet Part 3,Drama,1979
4476,The Crystal Carnival Case 9,Sci-Fi,1987
4477,Beyond the Burning Machine,Thriller,2004
4478,The Royal Empire,Drama,1995
4479,Machine from Dublin,Thriller,2018
4480,Theater of Prague,Romance,1978
4481,Secret of Prague,Drama,1971
4482,Wild Legend,Comedy,2017
4483,Beyond the Electric Train,Crime,1980
4484,Return to Harbor,Comedy,2020
4485,A Endless Bridge,Comedy,1977
4486,The Last Mirror,Thriller,1972
4487,Planet from Iceland,Animation,1992
4488,Horizon of London,Action,2016
4489,Shadow of Rome,Romance,2024
4490,Bright Road Part 10,Animation,1995
4491,Ocean Theory Part 5,Comedy,2009
4492,Wild Ocean,Animation,1999
4493,Burning Theater,Fantasy,2006
4494,Silent Secret Part 11,Romance,1990
4495,Beyond the Frozen Horizon,Sci-Fi,1990
4496,Beyond the Neon Heart,Comedy,1995
4497,Beyond the Bright Forest,Thriller,2015
4498,Beyond the Final Empire,Animation,2017
4499,The Code of London,Romance,2011
4500,Mirror Theory Part 6,Crime,1983
4501,Beyond the Gentle Secret,Animation,2009
4502,Theater of Sahara,Fantasy,1975
4503,Beyond the Burning Castle,Crime,1972
4504,Venice Dream,Animation,2015
4505,Harbor Whisper,Adventure,1999
4506,Beyond the Royal Ocean,Adventure,2026
4507,Island of Rome,Horror,1981
4508,The Secret Archive,Romance,1988
4509,Crystal Code Part 12,Drama,2011
4510,Gentle Whisper Part 10,Animation,1976
4511,Return to Rome,Sci-Fi,1971
4512,The Machine of Berlin,Action,1981
4513,Return to Iceland,Thriller,2025
4514,Beyond the Gentle Archive,Thriller,1981
4515,Beyond the Endless Island,Crime,2017
4516,The Secret of Atlantis,Crime,2025
4517,Beyond the Golden Night,Sci-Fi,2014
4518,The Secret of Atlantis,Adventure,1980
4519,Before the Wild Whisper,Adventure,1990
4520,Return to Berlin,Comedy,1983
4521,The Heart of Brooklyn,Thriller,1981
4522,The Rising Island Case 6,Horror,2016
4523,Shadow from Boston,Drama,1999
4524,Harbor Night,Fantasy,2006
4525,Cairo Promise,Thriller,2010
4526,Venice Heart,Mystery,1985
4527,Urban Ocean Part 3,Animation,2026
4528,The Wild Garden Case 2,Comedy,1990
4529,The Planet of London,Romance,1971
4530,After Lisbon Chapter 6,Fantasy,1998
4531,Hidden City Part 11,Adventure,2024
4532,The Golden Shadow,Comedy,1998
4533,Bridge from Atlantis,Comedy,2005
4534,Inside the Rising City,Sci-Fi,1987
4535,Return to Rome,Crime,2002
4536,Inside the First Empire,Fantasy,1986
4537,Dublin Whisper,Drama,1971
4538,The Midnight Planet,Fantasy,1980
4539,Inside the Final Promise,Sci-Fi,2020
4540,The Lost Ocean,Adventure,2013
4541,Storm of Seoul,Fantasy,1981
4542,Machine from Sydney,Fantasy,2006
4543,Beyond the Wild Train,Animation,1987
4544,The Shadow of London,Thriller,2023
4545,Archive from Venice,Fantasy,1983
4546,Before the Golden Mirror,Mystery,1980
4547,Last Voyage,Romance,1997
4548,Beyond the Rising River,Animation,1974
4549,Return to Mars,Crime,1981
4550,Castle from Lisbon,Sci-Fi,2015
4551,Inside the Silent Empire,Animation,1994
4552,Voyage Theory Part 3,Horror,1999
4553,Train from Sahara,Romance,2023
4554,Bright Carnival Part 5,Mystery,2008
4555,After Seoul Chapter 9,Action,1977
4556,Velvet Galaxy Part 12,Animation,2020
4557,Cairo Horizon,Thriller,2010
4558,A Final Empire,Crime,1994
4559,A Silent Machine,Thriller,2019
4560,Before the Hidden Bridge,Romance,1981
4561,Castle from London,Thriller,2022
4562,Return to London,Horror,1989
4563,After Manila Chapter 9,Thriller,1999
4564,Memory Theory Part 4,Thriller,1979
4565,The Heart of Harbor,Drama,1984
4566,After Havana Chapter 2,Crime,1997
4567,Sydney Dream,Thriller,1999
4568,After Venice Chapter 6,Romance,2025
4569,The Crystal Code Case 8,Drama,1999
4570,Return to Rome,Sci-Fi,2000
4571,Savage Castle,Animation,1976
4572,Quantum Storm,Fantasy,2000
4573,Rome Planet,Fantasy,1983
4574,Electric Shadow Part 11,Romance,1979
4575,Royal Promise Part 2,Drama,2021
4576,The Voyage of Sydney,Comedy,2019
4577,After Lisbon Chapter 3,Fantasy,2015
4578,Wild Horizon,Horror,2024
4579,Return to Prague,Mystery,2012
4580,Return to Boston,Adventure,1981
4581,The Gentle Train,Comedy,2015
4582,Beyond the Silver Storm,Thriller,2006
4583,The Quantum Forest Case 3,Action,1971
4584,The Bridge of Havana,Fantasy,2018
4585,Before the Wild Legend,Sci-Fi,1982
4586,Beyond the Burning Bridge,Thriller,2016
4587,The Ancient Voyage Case 10,Adventure,1985
4588,Endless Whisper Part 11,Drama,1974
4589,Before the Urban Voyage,Action,2026
4590,Beyond the Savage Planet,Animation,1992
4591,Beyond the Broken Train,Adventure,2020
4592,Inside the Savage Promise,Crime,1988
4593,Heart from Nevada,Drama,1986
4594,The Frozen Night Case 9,Action,2025
4595,Inside the Last Bridge,Drama,2010
4596,Electric Promise,Drama,1986
4597,Venice Memory,Horror,1970
4598,The Garden of Atlantis,Thriller,2017
4599,Savage Dream Part 11,Animation,2020
4600,Beyond the Silver Memory,Mystery,1970
4601,Beyond the Crystal Dream,Adventure,2019
4602,Inside the Velvet Bridge,Action,1977
4603,The Velvet Secret,Animation,1971
4604,Night of Berlin,Mystery,1988
4605,Inside the Endless Night,Horror,2017
4606,Nevada Voyage,Comedy,1977
4607,Neon Night Part 8,Thriller,1982
4608,The Wild Train,Comedy,2010
4609,Hidden Galaxy,Adventure,1981
4610,The Final River Case 12,Fantasy,2001
4611,Beyond the Frozen River,Mystery,1979
4612,River Theory Part 8,Comedy,2022
4613,Beyond the Silent Carnival,Horror,2013
4614,A Bright Voyage,Drama,2016
4615,Before the Broken Train,Drama,2020
4616,Galaxy Theory Part 8,Adventure,1989
4617,Before the Electric Memory,Action,2025
4618,Secret of Sydney,Fantasy,2007
4619,Before the Rising Planet,Adventure,1986
4620,Avalon Forest,Fantasy,1982
4621,The Modern Dream Case 10,Sci-Fi,1994
4622,The Dark Island Case 11,Animation,2004
4623,The Planet of Sahara,Action,2009
4624,Island Theory Part 9,Thriller,1999
4625,Heart Theory Part 7,Drama,1975
4626,Prague Theater,Crime,1975
4627,Hidden Legend,Mystery,2026
4628,Archive Theory Part 3,Animation,2003
4629,Road of Avalon,Action,2008
4630,Avalon Carnival,Horror,1970
4631,Neon Secret,Adventure,2011
4632,The Carnival of Cairo,Drama,1974
4633,Inside the Neon Mirror,Sci-Fi,1997
4634,After Sahara Chapter 9,Animation,2005
4635,The Mirror of Tokyo,Thriller,1974
4636,After Atlantis Chapter 5,Animation,1993
4637,Beyond the Last Horizon,Thriller,2019
4638,Inside the Frozen Memory,Action,2012
4639,After Brooklyn Chapter 11,Action,1984
4640,Return to Seoul,Animation,1989
4641,Seoul Galaxy,Horror,1996
4642,Before the Wild Garden,Comedy,2026
4643,Return to Manila,Action,1985
4644,Avalon Carnival,Animation,1986
4645,Fallen Ocean Part 7,Adventure,1978
4646,The Lost Mirror,Adventure,1971
4647,The Ancient Memory,Horror,2010
4648,Frozen Train,Comedy,2016
4649,Night from Harbor,Romance,1975
4650,Quantum Memory Part 12,Thriller,1980
4651,Night of Havana,Drama,1994
4652,Castle from Rome,Mystery,1977
4653,The Last Train Case 7,Drama,1980
4654,Venice Legend,Thriller,1984
4655,A Royal Castle,Crime,2013
4656,Before the Crystal Whisper,Romance,1978
4657,The Hidden Bridge,Romance,2024
4658,Inside the Broken Legend,Adventure,2014
4659,Shadow from Berlin,Adventure,2014
4660,Velvet Code Part 5,Comedy,2021
4661,The Secret Carnival Case 8,Mystery,1980
4662,The Lonely Ocean Case 2,Fantasy,1995
4663,Lost Code Part 3,Animation,1973
4664,Atlantis Legend,Action,2019
4665,Mirror Theory Part 7,Thriller,2026
4666,Mars Promise,Romance,1993
4667,Sydney Carnival,Drama,2021
4668,Before the Fallen Heart,Comedy,2001
4669,Inside the Velvet Empire,Adventure,2009
4670,Before the Silver Storm,Action,1987
4671,After Prague Chapter 11,Action,1996
4672,London Night,Crime,1976
4673,The First Galaxy,Adventure,1989
4674,A Midnight Theater,Mystery,2002
4675,Beyond the Neon River,Action,2015
4676,The Voyage of Berlin,Crime,2010
4677,Machine from Havana,Drama,2012
4678,Modern Secret Part 4,Comedy,1987
4679,Broken Voyage,Crime,2016
4680,The Last Voyage,Thriller,1985
4681,Voyage from Sahara,Sci-Fi,2023
4682,Castle of Sydney,Animation,1979
4683,Hidden Legend,Fantasy,1988
4684,A Neon Planet,Fantasy,1986
4685,Return to London,Sci-Fi,2012
4686,Forest Theory Part 12,Drama,2015
4687,Forest Theory Part 12,Sci-Fi,2000
4688,A Modern Galaxy,Crime,2015
4689,The Silver Forest,Sci-Fi,2005
4690,A Savage Archive,Comedy,1997
4691,Dublin Secret,Drama,1990
4692,The Mirror of Prague,Adventure,1972
4693,Silver Castle,Romance,2026
4694,Return to Prague,Action,2022
4695,Night Theory Part 10,Sci-Fi,1988
4696,A Frozen Train,Animation,2015
4697,Before the Lost Garden,Comedy,1988
4698,After Prague Chapter 5,Thriller,2011
4699,Beyond the Ancient Code,Mystery,2002
4700,Savage Legend,Fantasy,1971
4701,Before the Neon Forest,Fantasy,2007
4702,After Avalon Chapter 12,Action,2011
4703,A Ancient Code,Crime,2017
4704,Gentle Garden,Horror,2012
4705,The Royal Signal,Crime,1994
4706,A Savage Bridge,Drama,1999
4707,After Seoul Chapter 9,Thriller,1990
4708,Inside the Broken Garden,Thriller,1988
4709,Mirror of Sahara,Adventure,2009
4710,After Boston Chapter 2,Animation,1970
4711,Heart of Prague,Thriller,2024
4712,Havana Secret,Crime,1974
4713,Theater Theory Part 6,Drama,1985
4714,The Heart of Boston,Fantasy,2020
4715,The Castle of Berlin,Adventure,2008
4716,Return to Iceland,Thriller,2002
4717,Mirror of Cairo,Romance,2024
4718,Legend Theory Part 7,Romance,1977
4719,Beyond the Rising Heart,Sci-Fi,2015
4720,The Wild Legend Case 7,Romance,2022
4721,After Berlin Chapter 11,Crime,2008
4722,Beyond the Bright Garden,Sci-Fi,1976
4723,Beyond the Last Forest,Drama,2003
4724,The Golden Heart Case 7,Sci-Fi,2011
4725,Prague Whisper,Sci-Fi,2015
4726,Dublin Garden,Horror,1988
4727,The Frozen Road,Crime,2015
4728,The First City,Crime,2004
4729,Gentle Storm,Action,2011
4730,Castle of Kyoto,Thriller,2004
4731,The Empire of Berlin,Animation,2020
4732,Manila Signal,Drama,2016
4733,A Secret Whisper,Drama,1983
4734,The Gentle Secret Case 7,Action,1980
4735,After Avalon Chapter 8,Comedy,1975
4736,The Theater of Nevada,Adventure,1990
4737,Beyond the Velvet Carnival,Romance,1970
4738,After Avalon Chapter 4,Fantasy,1972
4739,Before the Lonely Legend,Horror,2002
4740,The Broken Planet Case 5,Mystery,2012
4741,Inside the Electric Planet,Crime,1976
4742,The Road of Tokyo,Crime,1980
4743,After Avalon Chapter 5,Romance,1997
4744,Bright Castle,Action,1973
4745,The Scarlet Archive,Animation,1976
4746,Voyage Theory Part 9,Adventure,2024
4747,Manila Voyage,Mystery,1992
4748,The Carnival of Paris,Mystery,2020
4749,The Scarlet Mirror Case 8,Comedy,2001
4750,Return to Kyoto,Action,2015
4751,Archive Theory Part 12,Thriller,2016
4752,Before the Hidden Road,Adventure,2021
4753,Savage Voyage,Crime,1992
4754,A First Carnival,Crime,2001
4755,Horizon Theory Part 5,Comedy,2023
4756,Return to Iceland,Horror,1994
4757,After Sahara Chapter 4,Crime,1999
4758,Silver Archive Part 2,Crime,2012
4759,Crystal Signal Part 2,Drama,2018
4760,Before the Burning Promise,Adventure,2006
4761,Empire from London,Action,1982
4762,Rising Empire,Horror,2002
4763,Machine Theory Part 11,Sci-Fi,1972
4764,Return to Havana,Romance,1997
4765,A Scarlet Empire,Action,1984
4766,Galaxy Theory Part 8,Thriller,2009
4767,Return to Havana,Fantasy,2003
4768,The Legend of Dublin,Action,1976
4769,The Silver Horizon Case 11,Drama,2007
4770,After Avalon Chapter 9,Drama,2024
4771,Promise of Berlin,Comedy,1993
4772,Inside the Velvet Empire,Crime,2004
4773,The Island of Atlantis,Horror,1983
4774,Empire from Harbor,Fantasy,1970
4775,Before the Secret Garden,Animation,1976
4776,Frozen Code Part 9,Crime,2001
4777,Inside the Dark Memory,Fantasy,1995
4778,Night from Lisbon,Horror,1976
4779,Inside the Scarlet Ocean,Comedy,2023
4780,Beyond the Crystal Heart,Comedy,2009
4781,Havana Mirror,Mystery,1994
4782,Silver City,Romance,2011
4783,Neon Garden,Horror,2017
4784,After Kyoto Chapter 7,Sci-Fi,1992
4785,Inside the Last Archive,Sci-Fi,1976
4786,Beyond the Silver Mirror,Mystery,1993
4787,After Rome Chapter 10,Mystery,1986
4788,Storm Theory Part 12,Crime,1997
4789,Signal Theory Part 11,Crime,1978
4790,After Berlin Chapter 8,Animation,2005
4791,Before the Lost Archive,Horror,2012
4792,The Savage Night,Sci-Fi,1978
4793,The Fallen Night,Mystery,1996
4794,After Rome Chapter 4,Thriller,1992
4795,Before the Last Train,Romance,2022
4796,A Gentle Planet,Drama,1978
4797,Berlin Heart,Drama,2004
4798,A Last Storm,Comedy,2011
4799,River Theory Part 4,Adventure,2017
4800,Beyond the Scarlet Train,Fantasy,2005
4801,A Fallen River,Romance,1996
4802,Savage Heart,Comedy,1991
4803,Return to Cairo,Drama,1998
4804,Signal from Harbor,Horror,1987
4805,Dream Theory Part 10,Fantasy,1971
4806,The Mirror of Harbor,Action,1993
4807,Before the Royal Bridge,Crime,2011
4808,Hidden Empire Part 8,Comedy,2009
4809,Heart Theory Part 5,Crime,1998
4810,The Hidden Memory Case 3,Comedy,2008
4811,Memory Theory Part 11,Sci-Fi,2024
4812,The Garden of Nevada,Horror,1989
4813,A Hidden Dream,Drama,1979
4814,Before the Velvet Machine,Drama,2024
4815,Before the Quantum Dream,Romance,1983
4816,Legend of Iceland,Animation,1980
4817,Inside the Frozen Archive,Fantasy,1976
4818,Endless Archive Part 3,Animation,2004
4819,Beyond the Scarlet Signal,Animation,2024
4820,Memory Theory Part 2,Fantasy,2002
4821,The Crystal Shadow,Romance,1980
4822,Empire from London,Thriller,1977
4823,The Carnival of Harbor,Comedy,2023
4824,Beyond the Silent Empire,Romance,1972
4825,The Rising Forest,Romance,2022
4826,Inside the Ancient Garden,Adventure,2009
4827,The Royal Ocean Case 5,Comedy,2007
4828,The Island of Iceland,Sci-Fi,1994
4829,Beyond the Final Storm,Horror,2007
4830,Return to Berlin,Comedy,1979
4831,Fallen Planet,Horror,1991
4832,After Harbor Chapter 5,Drama,2026
4833,Island Theory Part 3,Animation,2002
4834,Brooklyn Train,Crime,2001
4835,After Lisbon Chapter 5,Romance,1971
4836,Mirror of Atlantis,Adventure,2017
4837,Before the Hidden Memory,Horror,2018
4838,Harbor Garden,Adventure,1989
4839,Promise Theory Part 11,Animation,1974
4840,Beyond the Crystal Castle,Horror,2006
4841,Return to London,Mystery,2018
4842,London Train,Comedy,2005
4843,Before the Neon Road,Romance,1988
4844,Secret of Cairo,Adventure,2012
4845,The Frozen Castle Case 7,Action,2025
4846,The Scarlet Planet Case 5,Action,1973
4847,Inside the Fallen City,Drama,1993
4848,Road Theory Part 8,Action,1982
4849,A Silent Legend,Animation,1990
4850,The Frozen Planet,Mystery,1996
4851,Return to Lisbon,Adventure,2019
4852,Return to Seoul,Crime,2021
4853,Galaxy Theory Part 6,Adventure,1978
4854,Beyond the Dark Machine,Adventure,1974
4855,Dream from Venice,Action,1980
4856,Last Machine,Action,1977
4857,Harbor Machine,Thriller,2019
4858,Before the Endless Legend,Action,1990
4859,After London Chapter 8,Mystery,1988
4860,Return to Venice,Action,1996
4861,Lisbon Code,Sci-Fi,1996
4862,Golden Whisper Part 5,Sci-Fi,1999
4863,Beyond the Frozen Whisper,Action,2018
4864,A Ancient Horizon,Horror,2016
4865,After Atlantis Chapter 6,Crime,1984
4866,After Iceland Chapter 7,Romance,1998
4867,The Island of Sydney,Crime,1974
4868,River Theory Part 4,Mystery,1980
4869,Ancient Galaxy,Crime,1997
4870,After Rome Chapter 2,Drama,2024
4871,Island from Rome,Adventure,1977
4872,Lisbon Promise,Animation,2020
4873,Iceland Memory,Comedy,2007
4874,Shadow of Brooklyn,Mystery,1990
4875,The Burning Galaxy,Horror,1984
4876,Bridge of Iceland,Animation,2011
4877,The Silver Galaxy Case 3,Action,1994
4878,Beyond the Last Mirror,Sci-Fi,2013
4879,The Neon Machine,Sci-Fi,2000
4880,Hidden Code,Action,2021
4881,The Silver Garden Case 11,Adventure,1980
4882,After Venice Chapter 3,Animation,2014
4883,Return to Prague,Animation,2013
4884,Ancient Forest,Crime,1986
4885,Return to Boston,Fantasy,1982
4886,Lisbon Ocean,Sci-Fi,1983
4887,Scarlet Voyage,Comedy,1988
4888,Heart from Kyoto,Drama,2021
4889,The Secret of Lisbon,Romance,2018
4890,A Burning Shadow,Animation,1999
4891,Castle of Lisbon,Animation,2023
4892,Before the Frozen Whisper,Thriller,1999
4893,The Broken Island Case 6,Comedy,1991
4894,Sydney Train,Crime,2004
4895,Return to London,Sci-Fi,1974
4896,A Midnight Horizon,Drama,1997
4897,City Theory Part 4,Animation,2009
4898,Nevada Forest,Drama,2017
4899,Before the Lonely Code,Fantasy,1984
4900,Voyage Theory Part 8,Fantasy,1970
4901,Castle from Havana,Action,2014
4902,Return to Tokyo,Comedy,1976
4903,Ancient Memory,Adventure,1979
4904,Inside the Urban Whisper,Action,1995
4905,A Quantum Bridge,Comedy,2010
4906,Before the Last Bridge,Mystery,2003
4907,The Mirror of Cairo,Adventure,1971
4908,Return to Mars,Fantasy,1974
4909,A Electric Legend,Action,1994
4910,Inside the Crystal Legend,Horror,2021
4911,Return to Harbor,Horror,2006
4912,Inside the Quantum Planet,Mystery,1995
4913,Secret Forest Part 8,Comedy,1989
4914,Code of Iceland,Animation,2026
4915,Secret Garden,Fantasy,1992
4916,Beyond the Bright Mirror,Fantasy,2016
4917,Before the Silver Bridge,Horror,2010
4918,Train Theory Part 4,Action,1998
4919,After Manila Chapter 4,Mystery,2021
4920,Havana Planet,Thriller,2016
4921,Beyond the Midnight Voyage,Animation,2004
4922,Castle from Mars,Drama,2022
4923,Atlantis Planet,Horror,2002
4924,Return to Sydney,Comedy,1995
4925,Code of Seoul,Animation,2008
4926,Return to Venice,Crime,1986
4927,Return to Tokyo,Adventure,2015
4928,Return to Atlantis,Romance,1984
4929,Signal from Mars,Fantasy,2006
4930,Beyond the Electric Theater,Adventure,2012
4931,Scarlet Secret,Drama,2004
4932,Whisper from Tokyo,Thriller,2015
4933,City of Iceland,Mystery,2024
4934,Before the Burning Voyage,Action,1998
4935,Cairo Signal,Horror,1989
4936,Hidden Castle Part 12,Thriller,2012
4937,Return to Sydney,Animation,1995
4938,After Venice Chapter 10,Horror,2025
4939,The Broken Dream Case 2,Fantasy,2008
4940,Code of Sydney,Romance,1980
4941,Memory from London,Crime,1985
4942,Scarlet City Part 2,Sci-Fi,2006
4943,River from Harbor,Comedy,1989
4944,Return to Prague,Comedy,2006
4945,Beyond the Lost Signal,Adventure,1974
4946,Archive Theory Part 3,Animation,2015
4947,Sahara Voyage,Mystery,2007
4948,Garden Theory Part 2,Thriller,2019
4949,Neon Promise Part 8,Horror,1997
4950,Inside the Neon Night,Action,1999
4951,Garden of Berlin,Romance,1999
4952,Heart from Seoul,Crime,2024
4953,Inside the Silent Shadow,Fantasy,1976
4954,The Broken Carnival,Comedy,1980
4955,Endless Ocean,Crime,1988
4956,Beyond the Midnight Bridge,Romance,2007
4957,Frozen Night,Horror,2009
4958,The Velvet Mirror Case 8,Crime,2017
4959,Inside the Bright City,Fantasy,1981
4960,Scarlet Castle,Comedy,1992
4961,Empire from Avalon,Comedy,2011
4962,Return to Kyoto,Fantasy,1975
4963,Mirror from Venice,Adventure,2000
4964,A Final Mirror,Comedy,1986
4965,Inside the Urban Shadow,Action,1970
4966,Scarlet Secret,Action,2004
4967,Legend of Brooklyn,Adventure,1997
4968,The Fallen Horizon Case 6,Action,1991
4969,Forest Theory Part 10,Crime,1982
4970,The Voyage of Cairo,Drama,1993
4971,The River of Venice,Animation,1990
4972,Night Theory Part 7,Fantasy,2026
4973,Beyond the Quantum River,Horror,1989
4974,Return to London,Romance,1971
4975,Shadow from Avalon,Animation,1984
4976,Beyond the Rising Machine,Adventure,2023
4977,The Ancient Memory Case 6,Thriller,1981
4978,After Havana Chapter 3,Crime,2006
4979,Castle Theory Part 10,Horror,1991
4980,Return to Avalon,Sci-Fi,2023
4981,The Last Voyage Case 7,Horror,2019
4982,Before the Endless Road,Adventure,2006
4983,Shadow from Lisbon,Fantasy,2025
4984,River from Tokyo,Action,1996
4985,Heart from London,Action,1984
4986,The Urban Train Case 8,Sci-Fi,1984
4987,Beyond the Hidden Garden,Adventure,2016
4988,Tokyo Promise,Adventure,1973
4989,Return to Venice,Horror,2003
4990,Beyond the Royal Forest,Drama,2005
4991,The Electric Shadow,Animation,2001
4992,Secret Horizon Part 5,Action,2006
4993,Bridge Theory Part 12,Fantasy,1980
4994,The Storm of Paris,Thriller,1994
4995,After Dublin Chapter 4,Comedy,2016
4996,Before the Midnight Carnival,Comedy,2018
4997,Lisbon Secret,Drama,1973
4998,After Seoul Chapter 7,Thriller,1993
4999,Forest of Prague,Action,2014
5000,The Bridge of Nevada,Animation,1974
5001,Legend of Dublin,Crime,2015
5002,The Final Road,Drama,2026
5003,Ancient Forest,Animation,2015
5004,The Planet of Prague,Fantasy,1984
5005,Castle of Venice,Animation,1989
5006,The Silver Bridge Case 6,Drama,1986
5007,Before the Wild Voyage,Mystery,2022
5008,Savage Voyage Part 6,Romance,2011
5009,A Quantum Galaxy,Horror,2012
5010,Beyond the Quantum Whisper,Romance,1974
5011,City from Sydney,Drama,1978
5012,Dublin Castle,Romance,2022
5013,A Frozen Storm,Horror,1999
5014,The Planet of Kyoto,Horror,1979
5015,Beyond the Modern Forest,Comedy,1975
5016,Castle Theory Part 8,Thriller,1971
5017,Dark Carnival,Horror,2017
5018,Return to Avalon,Crime,1984
5019,The Electric Signal Case 3,Sci-Fi,1978
5020,The Memory of Sydney,Mystery,1989
5021,A Secret Code,Crime,2002
5022,Return to Rome,Animation,1995
5023,Before the Silver Whisper,Romance,2016
5024,Ancient Horizon Part 9,Crime,2018
5025,The Silver Carnival,Comedy,1971
5026,After Brooklyn Chapter 4,Crime,2009
5027,Seoul Dream,Sci-Fi,2022
5028,Heart Theory Part 11,Animation,2010
5029,The Silent Shadow Case 10,Horror,1997
5030,The Broken Carnival Case 9,Animation,1987
5031,The Dark Empire,Animation,2024
5032,Iceland Whisper,Action,2015
5033,Royal Castle Part 10,Thriller,2020
5034,Inside the Silent Forest,Drama,1980
5035,Whisper of Rome,Horror,1983
5036,The Archive of Atlantis,Fantasy,2018
5037,A Gentle River,Fantasy,2008
5038,Heart Theory Part 10,Fantasy,1988
5039,Avalon Dream,Drama,2014
5040,The Wild Empire,Sci-Fi,1996
5041,Galaxy from Sahara,Fantasy,1992
5042,The Savage Horizon Case 3,Mystery,1994
5043,Avalon Promise,Drama,1997
5044,Nevada Memory,Fantasy,1997
5045,After Brooklyn Chapter 6,Animation,2013
5046,Quantum Whisper Part 7,Crime,2006
5047,Rising Whisper Part 6,Romance,1986
5048,Return to Mars,Thriller,1997
5049,A Gentle Promise,Horror,2004
5050,Garden of Avalon,Thriller,2000
5051,Beyond the Electric Empire,Animation,1990
5052,Before the Final Garden,Drama,1999
5053,Hidden Storm,Thriller,1999
5054,Heart Theory Part 9,Drama,2018
5055,Lonely Signal Part 7,Crime,1999
5056,The Golden River Case 10,Sci-Fi,1988
5057,Inside the Savage Archive,Mystery,2001
5058,Secret from Sydney,Drama,2006
5059,A Rising Secret,Romance,2015
5060,The Electric River,Animation,2022
5061,The Heart of Tokyo,Crime,1980
5062,Inside the Ancient Code,Sci-Fi,1988
5063,Silent Horizon,Comedy,2022
5064,The Secret Legend,Drama,1991
5065,The Golden Horizon,Crime,2021
5066,Mirror Theory Part 8,Comedy,2002
5067,The Frozen Castle,Thriller,1972
5068,The Empire of Kyoto,Fantasy,1987
5069,Urban Bridge Part 10,Sci-Fi,1986
5070,Beyond the Crystal Voyage,Crime,1987
5071,Train from Avalon,Mystery,2009
5072,Savage Planet Part 3,Fantasy,1997
5073,A Golden Legend,Crime,2015
5074,Inside the Golden Galaxy,Adventure,2015
5075,After Manila Chapter 5,Fantasy,2013
5076,The Forest of Paris,Action,1987
5077,Return to Mars,Crime,1985
5078,Sahara Archive,Crime,1978
5079,The Last Bridge,Crime,1976
5080,Paris Promise,Fantasy,1998
5081,The Secret Horizon Case 9,Crime,1985
5082,Beyond the Quantum Island,Thriller,1985
5083,Island Theory Part 9,Sci-Fi,1985
5084,Return to Sydney,Drama,1981
5085,The Broken Galaxy,Crime,2001
5086,Atlantis Theater,Thriller,2002
5087,Inside the Electric Voyage,Drama,2005
5088,Sydney Whisper,Comedy,2019
5089,A Burning Machine,Adventure,2026
5090,Train from Sydney,Fantasy,1971
5091,Shadow of Tokyo,Thriller,1983
5092,Code of Atlantis,Crime,1984
5093,After Berlin Chapter 7,Romance,1998
5094,Rising Road Part 5,Romance,2018
5095,Beyond the Modern Carnival,Fantasy,2004
5096,Inside the Silent Voyage,Horror,1996
5097,Beyond the Rising Castle,Adventure,2005
5098,Inside the Gentle Signal,Comedy,1995
5099,Inside the Savage Voyage,Mystery,2021
5100,Inside the Lonely Night,Thriller,1983
5101,Before the Dark Carnival,Thriller,1975
5102,A Modern Promise,Adventure,2006
5103,The Lost Memory,Horror,1987
5104,Before the Burning Empire,Fantasy,1974
5105,Dark Secret Part 10,Drama,2012
5106,Endless Promise Part 10,Mystery,1971
5107,Frozen Heart,Sci-Fi,2020
5108,Broken Ocean,Drama,2021
5109,Midnight Road Part 4,Horror,2018
5110,Beyond the Gentle Carnival,Horror,2015
5111,Bright Forest,Mystery,1989
5112,Cairo Theater,Mystery,2012
5113,Mirror of Boston,Romance,2021
5114,Promise from Brooklyn,Comedy,2025
5115,The Empire of Venice,Comedy,1986
5116,Return to Venice,Sci-Fi,2021
5117,The Ancient Voyage,Drama,2009
5118,After Iceland Chapter 8,Romance,1973
5119,The Hidden City,Thriller,2026
5120,Signal of Nevada,Thriller,2012
5121,Beyond the Secret Carnival,Crime,1995
5122,Return to Sydney,Horror,2015
5123,Dublin Galaxy,Thriller,2000
5124,Silent Night Part 9,Comedy,1975
5125,After Prague Chapter 12,Horror,2021
5126,Beyond the Ancient Voyage,Fantasy,1988
5127,The Golden Forest Case 7,Romance,1983
5128,Inside the Endless Heart,Crime,2008
5129,Sydney Ocean,Thriller,2003
5130,After Cairo Chapter 12,Mystery,1978
5131,The Last Empire Case 5,Action,2014
5132,The Silver Night Case 9,Fantasy,2025
5133,Return to Rome,Mystery,1985
5134,Quantum Machine Part 7,Horror,1998
5135,The Frozen Castle,Horror,2021
5136,Savage Promise Part 5,Drama,1975
5137,Archive from Manila,Romance,2010
5138,Beyond the Final Promise,Sci-Fi,1990
5139,Beyond the Savage Theater,Comedy,1976
5140,A Dark Storm,Animation,2025
5141,The Theater of Paris,Drama,2022
5142,Beyond the Burning Shadow,Sci-Fi,1980
5143,Whisper Theory Part 5,Drama,1983
5144,Return to Atlantis,Action,1974
5145,Secret Mirror Part 9,Thriller,2008
5146,Promise from Sahara,Drama,2006
5147,Beyond the Velvet Horizon,Fantasy,2007
5148,The Signal of Mars,Fantasy,1987
5149,Bright Forest,Drama,1991
5150,After Atlantis Chapter 12,Fantasy,2014
5151,Empire from Sydney,Thriller,1976
5152,A Final Horizon,Horror,1998
5153,Theater of Atlantis,Drama,2010
5154,Rome Voyage,Horror,2014
5155,Empire of Manila,Sci-Fi,1970
5156,After Tokyo Chapter 3,Romance,1977
5157,After Boston Chapter 2,Thriller,2018
5158,The Scarlet Castle Case 3,Thriller,1991
5159,Before the Frozen Memory,Thriller,1994
5160,Return to Brooklyn,Horror,1994
5161,Dark Machine Part 4,Drama,1998
5162,Beyond the Endless Mirror,Sci-Fi,1994
5163,The Royal Machine,Action,2018
5164,Nevada Secret,Horror,1996
5165,Electric Ocean Part 9,Romance,2006
5166,The Final Machine,Adventure,1997
5167,Silent Voyage,Comedy,2006
5168,Heart Theory Part 11,Horror,2018
5169,The Savage Secret,Drama,1991
5170,Return to Sahara,Romance,1988
5171,The Signal of Brooklyn,Horror,1988
5172,The Modern Legend,Horror,1990
5173,Planet of Paris,Sci-Fi,1991
5174,Urban City,Drama,2025
5175,Inside the Final Planet,Comedy,1993
5176,After Seoul Chapter 5,Comedy,2011
5177,The Neon Road Case 2,Sci-Fi,1985
5178,The Train of London,Fantasy,1971
5179,A Hidden Memory,Animation,1988
5180,The Castle of Kyoto,Romance,1972
5181,Planet of Paris,Mystery,1990
5182,Before the Velvet Mirror,Thriller,2007
5183,The Hidden Heart,Horror,2015
5184,Rising Island,Thriller,1995
5185,Beyond the Wild Heart,Romance,1981
5186,Frozen Island,Mystery,2005
5187,The Secret Empire,Comedy,2022
5188,The Shadow of Havana,Animation,2021
5189,City from Mars,Crime,1983
5190,Rome Galaxy,Action,2013
5191,Nevada Machine,Thriller,1990
5192,The Forest of Iceland,Crime,2013
5193,Before the Wild Storm,Drama,2002
5194,Silent Heart,Adventure,1976
5195,The Wild Shadow,Thriller,2007
5196,Return to Avalon,Sci-Fi,2002
5197,Night from Harbor,Comedy,2003
5198,After Avalon Chapter 4,Crime,1995
5199,Midnight Dream Part 9,Drama,2014
5200,Inside the Bright Empire,Thriller,1996
5201,The Voyage of Boston,Horror,2022
5202,Heart from Paris,Horror,2004
5203,Carnival from Venice,Action,1993
5204,Golden Planet,Mystery,1972
5205,Return to Lisbon,Animation,1990
5206,The Electric Whisper Case 10,Drama,1973
5207,Carnival of Sahara,Thriller,1975
5208,Boston Shadow,Crime,1988
5209,River of Berlin,Romance,1997
5210,Forest of Kyoto,Mystery,1974
5211,The Final Bridge,Action,2018
5212,The Archive of Mars,Romance,1985
5213,A Savage Code,Action,2000
5214,Inside the Quantum Planet,Crime,1975
5215,Secret Theory Part 5,Crime,1997
5216,Carnival Theory Part 3,Comedy,2011
5217,Shadow Theory Part 6,Mystery,2024
5218,The Crystal Archive,Action,1998
5219,The Hidden Forest Case 3,Fantasy,2003
5220,A Neon Mirror,Comedy,2022
5221,The Neon Dream,Fantasy,1995
5222,A Scarlet Garden,Thriller,1970
5223,After Cairo Chapter 6,Comedy,2005
5224,Quantum Road,Drama,2010
5225,Beyond the Savage Secret,Horror,2005
5226,Harbor Dream,Crime,1975
5227,Return to Rome,Fantasy,1973
5228,The Lost Whisper Case 9,Fantasy,2012
5229,The Frozen Archive,Adventure,1976
5230,Return to Avalon,Drama,2000
5231,Inside the Secret Heart,Horror,2022
5232,Beyond the Bright Forest,Comedy,2005
5233,The Bridge of Dublin,Thriller,2015
5234,Paris Garden,Drama,1994
5235,The Promise of Berlin,Adventure,1993
5236,The Archive of Sydney,Romance,2013
5237,The Shadow of Havana,Action,1999
5238,A Bright Road,Action,1979
5239,Island of Paris,Comedy,2019
5240,A Ancient Garden,Horror,2012
5241,The Dark Road Case 3,Mystery,1988
5242,Archive from Rome,Sci-Fi,2000
5243,The Rising Theater Case 4,Romance,2013
5244,Sydney Signal,Sci-Fi,1971
5245,The Gentle Horizon Case 11,Action,2022
5246,The Memory of Venice,Fantasy,1985
5247,Before the Final Machine,Action,2004
5248,The Midnight Castle Case 4,Action,1972
5249,Castle of Paris,Romance,1970
5250,Empire from Berlin,Drama,2012
5251,A Final Shadow,Fantasy,2023
5252,The Signal of Sahara,Comedy,2018
5253,After Venice Chapter 7,Fantasy,1996
5254,Galaxy of Avalon,Fantasy,2013
5255,Dublin Heart,Mystery,2024
5256,Before the Velvet Shadow,Fantasy,1989
5257,Beyond the Velvet River,Fantasy,1977
5258,The Burning Shadow Case 11,Drama,1979
5259,The Dark Carnival Case 11,Drama,1997
5260,The Silent Empire,Fantasy,1979
5261,Royal Island Part 4,Romance,2001
5262,The Final River Case 9,Sci-Fi,1982
5263,Garden of Iceland,Fantasy,1980
5264,A Gentle Island,Mystery,2021
5265,A Modern Garden,Adventure,1973
5266,Silent Shadow,Drama,2015
5267,Inside the Fallen Forest,Fantasy,2001
5268,The Rising Machine Case 7,Sci-Fi,1993
5269,Brooklyn Empire,Fantasy,1976
5270,Signal from Dublin,Mystery,1972
5271,Before the Lonely Ocean,Action,2006
5272,Velvet City Part 4,Horror,1972
5273,A Savage Signal,Mystery,2015
5274,A Endless Island,Animation,2022
5275,The Frozen Train,Romance,2016
5276,Iceland Galaxy,Fantasy,1976
5277,The Golden River,Drama,2024
5278,Return to Cairo,Mystery,1987
5279,A Quantum Memory,Sci-Fi,1996
5280,After Seoul Chapter 6,Comedy,2010
5281,A Quantum Garden,Horror,2018
5282,The Machine of Iceland,Romance,2022
5283,Rising Garden Part 6,Comedy,2018
5284,Return to Sydney,Fantasy,1974
5285,The Wild Dream Case 8,Horror,1973
5286,Beyond the Golden Secret,Adventure,1996
5287,Before the Bright Forest,Horror,1996
5288,Memory of Lisbon,Crime,2004
5289,Carnival Theory Part 11,Comedy,2004
5290,The Crystal Galaxy,Mystery,2003
5291,Return to Lisbon,Comedy,1976
5292,Return to Berlin,Mystery,1975
5293,Prague Whisper,Sci-Fi,1998
5294,Before the Savage Castle,Sci-Fi,2014
5295,Beyond the Burning Carnival,Horror,2026
5296,Horizon Theory Part 5,Sci-Fi,2011
5297,Last Island Part 5,Romance,1970
5298,Shadow Theory Part 3,Crime,1974
5299,The Machine of Manila,Action,2016
5300,Bright Planet,Thriller,2021
5301,Whisper from Cairo,Adventure,1980
5302,Prague Ocean,Romance,2016
5303,Train from Cairo,Sci-Fi,2001
5304,The Wild Archive Case 6,Mystery,2000
5305,Beyond the Endless Garden,Romance,1996
5306,Neon Galaxy Part 10,Horror,1979
5307,The Fallen Archive,Action,2010
5308,A Urban Castle,Comedy,1976
5309,London Machine,Romance,2025
5310,Memory Theory Part 3,Fantasy,1990
5311,The Silver Forest,Fantasy,1992
5312,The Train of Seoul,Comedy,1994
5313,The Silver Promise Case 9,Romance,2002
5314,A Royal Road,Adventure,1980
5315,Secret from Tokyo,Drama,1996
5316,The Silver Forest,Adventure,2000
5317,Rome City,Sci-Fi,1983
5318,Train from Berlin,Crime,1997
5319,The Velvet Forest Case 2,Action,1995
5320,After Paris Chapter 7,Comedy,2015
5321,Final Road Part 5,Romance,2006
5322,Golden Planet,Adventure,2017
5323,A Dark Empire,Drama,2017
5324,Planet from Sahara,Thriller,2005
5325,After Kyoto Chapter 2,Animation,2025
5326,Return to Venice,Drama,1972
5327,Lonely Mirror Part 9,Adventure,1997
5328,Before the Ancient Promise,Comedy,2001
5329,The Broken Carnival Case 8,Sci-Fi,2025
5330,Machine Theory Part 6,Sci-Fi,2003
5331,Night Theory Part 10,Adventure,2019
5332,The Royal Promise Case 7,Action,1998
5333,Whisper Theory Part 10,Fantasy,2000
5334,Carnival from London,Comedy,1982
5335,Rising Code,Sci-Fi,2019
5336,Return to Lisbon,Fantasy,1982
5337,Beyond the Urban Bridge,Thriller,2021
5338,The Secret of Venice,Drama,2021
5339,Before the Scarlet Bridge,Mystery,2013
5340,After Avalon Chapter 5,Drama,2022
5341,The River of Brooklyn,Horror,1987
5342,The Endless Train,Animation,1993
5343,A Wild Code,Thriller,1977
5344,A Bright Train,Crime,2002
5345,Golden Memory,Comedy,1994
5346,Inside the Quantum Carnival,Horror,2000
5347,Before the Gentle Empire,Horror,2002
5348,Train from Mars,Comedy,2004
5349,Beyond the Neon Signal,Sci-Fi,1980
5350,After Atlantis Chapter 12,Animation,2002
5351,Horizon from Sahara,Horror,1984
5352,Wild Planet,Thriller,1996
5353,Before the Midnight City,Drama,2007
5354,Forest from Sydney,Sci-Fi,2005
5355,Urban Horizon Part 4,Crime,2012
5356,Inside the Neon Memory,Romance,2013
5357,Inside the Crystal Mirror,Thriller,1971
5358,The Endless Road,Romance,2024
5359,Before the Fallen Galaxy,Mystery,2014
5360,Return to Paris,Crime,2022
5361,Beyond the Broken Heart,Mystery,1977
5362,A Endless Bridge,Thriller,2016
5363,The Storm of Rome,Drama,1973
5364,Return to Havana,Comedy,1972
5365,After Sahara Chapter 11,Romance,1975
5366,Horizon from Mars,Thriller,1980
5367,Rome Dream,Mystery,1992
5368,After Berlin Chapter 2,Thriller,2026
5369,Return to Tokyo,Animation,1970
5370,Beyond the Lost Voyage,Fantasy,2024
5371,Return to Seoul,Action,2026
5372,Beyond the Savage Night,Action,1991
5373,Inside the Royal Machine,Action,1971
5374,The Silver Mirror Case 4,Crime,2026
5375,Gentle Garden Part 4,Sci-Fi,2019
5376,Fallen Ocean,Thriller,1973
5377,Train Theory Part 5,Romance,1980
5378,Planet of Nevada,Action,2023
5379,Scarlet Signal,Adventure,1999
5380,Inside the Last Mirror,Adventure,1977
5381,A Wild Galaxy,Animation,2006
5382,Before the Bright Memory,Sci-Fi,2013
5383,Dark Empire Part 4,Thriller,2024
5384,A Bright Forest,Crime,1996
5385,Return to Brooklyn,Drama,1983
5386,A Electric Shadow,Fantasy,2006
5387,Lost Ocean Part 12,Fantasy,1976
5388,Sahara Heart,Animation,1985
5389,A Scarlet Voyage,Action,2009
5390,City of London,Horror,2023
5391,After Harbor Chapter 6,Comedy,2008
5392,A Modern Galaxy,Romance,2021
5393,Island Theory Part 10,Action,2017
5394,Before the Gentle Promise,Action,1989
5395,Inside the Last Island,Mystery,2017
5396,Beyond the Velvet Machine,Horror,2025
5397,Castle Theory Part 7,Drama,1983
5398,After Sydney Chapter 7,Fantasy,2009
5399,After Venice Chapter 7,Animation,2003
5400,Beyond the Lonely Signal,Adventure,1972
5401,The Ancient Code Case 9,Mystery,2004
5402,Inside the Midnight Train,Drama,1974
5403,First Secret Part 8,Crime,1982
5404,Before the Quantum Theater,Adventure,2022
5405,Beyond the Savage Signal,Fantasy,1971
5406,Silver Castle Part 9,Sci-Fi,1989
5407,Beyond the Silent Forest,Animation,1990
5408,Machine of Paris,Thriller,1986
5409,Beyond the Midnight Storm,Fantasy,1996
5410,The Planet of Sahara,Animation,1984
5411,Before the Savage Storm,Romance,2001
5412,A Lost Storm,Action,2013
5413,Beyond the Broken Heart,Romance,1999
5414,Island from London,Sci-Fi,1978
5415,Archive Theory Part 6,Mystery,1980
5416,The Bright Theater Case 12,Crime,1991
5417,Before the Velvet Memory,Comedy,2020
5418,Galaxy Theory Part 2,Crime,1979
5419,Before the Gentle Whisper,Adventure,1994
5420,The Frozen Signal Case 10,Animation,2005
5421,The Scarlet Legend Case 11,Mystery,2014
5422,A Electric Theater,Animation,1980
5423,A Gentle Bridge,Horror,1979
5424,The Golden Code,Crime,2010
5425,The Promise of Lisbon,Drama,1987
5426,Atlantis Empire,Action,2001
5427,The Fallen Castle,Action,1972
5428,Return to Avalon,Comedy,2020
5429,The Broken Empire,Thriller,2024
5430,Mars Whisper,Horror,1990
5431,Inside the Endless City,Mystery,2017
5432,Beyond the Last Promise,Mystery,1977
5433,Planet of Avalon,Romance,1978
5434,The Memory of Dublin,Animation,1988
5435,Beyond the Secret Bridge,Mystery,1981
5436,After Prague Chapter 10,Fantasy,2014
5437,Bridge of Lisbon,Thriller,1994
5438,Sydney Heart,Fantasy,2002
5439,Beyond the Burning Signal,Sci-Fi,1980
5440,Signal Theory Part 2,Animation,2007
5441,The Urban Code Case 11,Mystery,1978
5442,Shadow of Avalon,Horror,2024
5443,Before the Endless Forest,Mystery,2005
5444,Frozen Signal,Thriller,2007
5445,The Train of Kyoto,Drama,1988
5446,Legend Theory Part 7,Sci-Fi,2011
5447,Shadow Theory Part 7,Adventure,1989
5448,Mirror Theory Part 6,Crime,2008
5449,Prague Storm,Sci-Fi,1987
5450,Boston Mirror,Fantasy,1990
5451,Inside the Neon Castle,Romance,1986
5452,The Planet of Sahara,Animation,1994
5453,A Neon Road,Animation,2016
5454,Before the Hidden Island,Romance,2003
5455,Return to Prague,Romance,2011
5456,The Velvet Code,Adventure,2003
5457,A Frozen Whisper,Drama,1983
5458,Night from Prague,Action,1983
5459,Beyond the Crystal Whisper,Crime,2019
5460,The Ocean of Rome,Romance,1980
5461,Gentle City,Action,1990
5462,The Burning Heart Case 11,Horror,2016
5463,The Train of Rome,Fantasy,1998
5464,Castle of Sahara,Romance,1975
5465,Archive of Boston,Romance,1980
5466,The Silent Legend Case 8,Adventure,2006
5467,Beyond the Crystal Ocean,Mystery,2025
5468,After Atlantis Chapter 2,Sci-Fi,1974
5469,The First Promise,Adventure,1977
5470,Avalon Voyage,Thriller,1984
5471,Return to Atlantis,Action,2003
5472,Savage Ocean Part 6,Comedy,2025
5473,After Lisbon Chapter 10,Comedy,2004
5474,After Sahara Chapter 10,Action,1989
5475,Ocean of Boston,Fantasy,2011
5476,The Royal Heart Case 2,Mystery,1992
5477,Planet from Tokyo,Horror,2015
5478,The Bridge of Berlin,Comedy,2022
5479,The Garden of Venice,Romance,1981
5480,Nevada Castle,Fantasy,2025
5481,Lonely Archive Part 2,Sci-Fi,2006
5482,Modern Island Part 9,Horror,1977
5483,The Midnight Dream,Romance,1972
5484,The Scarlet Galaxy Case 2,Drama,2002
5485,The Golden Mirror Case 7,Adventure,2007
5486,Electric Horizon,Fantasy,2005
5487,Return to Venice,Horror,2002
5488,Crystal Ocean,Drama,1993
5489,Ocean of Manila,Fantasy,1971
5490,A Silent Memory,Animation,2021
5491,After Berlin Chapter 4,Sci-Fi,1971
5492,Beyond the Rising Promise,Animation,1974
5493,Horizon of Paris,Romance,2018
5494,Endless Legend,Thriller,2009
5495,City from Brooklyn,Romance,1975
5496,Before the Velvet Code,Drama,2007
5497,Inside the Midnight Forest,Action,2013
5498,The Broken Garden Case 2,Sci-Fi,2013
5499,Modern Planet,Horror,2013
5500,Dublin Whisper,Drama,1975
5501,Inside the Ancient Archive,Comedy,1989
5502,The Bright Dream Case 12,Thriller,2004
5503,Frozen Shadow Part 5,Action,2001
5504,Promise Theory Part 5,Fantasy,1988
5505,Return to Paris,Thriller,1985
5506,Return to Mars,Romance,1987
5507,Secret Night,Mystery,2026
5508,A First Island,Horror,2013
5509,Before the Modern River,Horror,2023
5510,The Endless Forest Case 4,Romance,1981
5511,Electric Castle Part 6,Crime,2009
5512,First Legend Part 10,Thriller,1973
5513,Beyond the Ancient Whisper,Crime,1990
5514,After Sydney Chapter 7,Adventure,2004
5515,Garden from Paris,Fantasy,2001
5516,Dublin Night,Romance,2022
5517,Paris Signal,Sci-Fi,1997
5518,The Secret of Tokyo,Sci-Fi,1997
5519,City from Kyoto,Animation,2001
5520,Seoul Legend,Animation,2025
5521,Return to Mars,Crime,1991
5522,Inside the Silent Carnival,Horror,1997
5523,Velvet Carnival,Fantasy,1988
5524,Iceland Night,Mystery,1981
5525,Galaxy of Kyoto,Action,2007
5526,Horizon Theory Part 2,Fantasy,1978
5527,Inside the Scarlet Night,Mystery,1971
5528,Dream of Harbor,Crime,1986
5529,The Quantum Planet,Adventure,2007
5530,Bridge of Havana,Romance,1998
5531,The First Shadow Case 8,Action,2006
5532,The Burning Island,Sci-Fi,2022
5533,Shadow from Sydney,Romance,1991
5534,Inside the Quantum Signal,Comedy,2020
5535,Galaxy of Dublin,Animation,1991
5536,The Dark Dream,Sci-Fi,2011
5537,Whisper from Berlin,Horror,1970
5538,Gentle Legend Part 9,Comedy,1993
5539,City Theory Part 10,Fantasy,2012
5540,Before the Endless Shadow,Mystery,1991
5541,Before the Royal Memory,Action,2005
5542,Seoul Forest,Drama,1982
5543,Mirror from Rome,Action,2009
5544,Horizon from Nevada,Thriller,1970
5545,Empire of Avalon,Crime,1980
5546,Horizon Theory Part 11,Thriller,1996
5547,First Garden,Animation,1972
5548,Inside the Bright Theater,Action,2014
5549,Before the Broken Planet,Animation,1989
5550,Theater from Sahara,Crime,2002
5551,Endless Voyage,Fantasy,1983
5552,The Royal City,Fantasy,1994
5553,Royal Ocean,Crime,1993
5554,Island from Atlantis,Action,2000
5555,Road of Iceland,Horror,2014
5556,After Brooklyn Chapter 12,Thriller,1998
5557,The Rising Promise,Mystery,2012
5558,Beyond the Scarlet River,Animation,2018
5559,A Dark Heart,Thriller,1986
5560,Beyond the Midnight Storm,Comedy,1973
5561,Voyage Theory Part 6,Action,2024
5562,Voyage Theory Part 5,Adventure,2012
5563,The Modern Voyage Case 11,Horror,2023
5564,Whisper from Cairo,Animation,1978
5565,A Dark Voyage,Fantasy,2018
5566,Before the Savage Dream,Horror,1979
5567,A Broken Theater,Comedy,2005
5568,Beyond the Fallen Forest,Crime,2022
5569,A Last Storm,Mystery,1982
5570,Return to Harbor,Romance,1976
5571,Before the Golden Machine,Adventure,2004
5572,After Dublin Chapter 11,Sci-Fi,2008
5573,Berlin Galaxy,Comedy,1980
5574,Return to Berlin,Mystery,1994
5575,Inside the Gentle Voyage,Animation,1999
5576,Prague Horizon,Sci-Fi,1981
5577,A First Bridge,Romance,2020
5578,The Silver Whisper,Animation,1999
5579,The Hidden Machine Case 11,Horror,1993
5580,Inside the Burning Garden,Horror,2007
5581,Inside the First Forest,Sci-Fi,1999
5582,Voyage Theory Part 7,Animation,1999
5583,The Lost Mirror,Sci-Fi,2006
5584,After Nevada Chapter 5,Action,2006
5585,Neon River Part 11,Sci-Fi,2014
5586,After Havana Chapter 8,Comedy,2000
5587,Inside the Royal Forest,Fantasy,2007
5588,Beyond the Hidden Whisper,Action,2008
5589,Beyond the Last Empire,Fantasy,1972
5590,The First Galaxy Case 3,Adventure,1985
5591,Beyond the Urban Ocean,Comedy,2019
5592,The Rising Whisper Case 10,Drama,1976
5593,Havana Castle,Drama,2002
5594,The Velvet Shadow,Comedy,2003
5595,Savage Legend,Adventure,2010
5596,Lonely Carnival,Mystery,2022
5597,Beyond the Royal Whisper,Sci-Fi,1980
5598,The Rising Storm Case 3,Romance,1980
5599,Quantum Secret Part 12,Adventure,1997
5600,A Final Galaxy,Crime,1992
5601,Atlantis Train,Horror,1977
5602,Before the Scarlet Dream,Sci-Fi,2008
5603,Inside the Urban Bridge,Sci-Fi,1977
5604,Archive Theory Part 5,Romance,2000
5605,After Paris Chapter 4,Sci-Fi,2000
5606,Shadow Theory Part 4,Mystery,2026
5607,Before the Golden Heart,Mystery,1977
5608,Legend from London,Comedy,2023
5609,The First Theater,Thriller,1987
5610,Inside the Golden Dream,Action,2002
5611,Planet of Seoul,Mystery,1972
5612,After Mars Chapter 2,Drama,1983
5613,Return to Avalon,Animation,1991
5614,Beyond the Quantum Voyage,Mystery,2026
5615,Machine of Kyoto,Horror,1994
5616,Before the Lost Castle,Romance,1976
5617,Inside the Rising Whisper,Horror,1977
5618,The Electric Ocean,Animation,1970
5619,The Endless Ocean Case 10,Sci-Fi,1988
5620,Beyond the Secret Memory,Drama,1982
5621,Ocean Theory Part 6,Comedy,1975
5622,Burning City,Action,1972
5623,Rome City,Horror,2015
5624,Harbor Theater,Drama,2005
5625,Quantum Promise Part 4,Action,1985
5626,Savage Dream,Action,1987
5627,Inside the Secret Signal,Crime,1995
5628,Broken Mirror,Drama,1999
5629,The Broken Storm Case 3,Mystery,2019
5630,Inside the Final Ocean,Horror,1976
5631,Last Storm,Animation,1974
5632,After Lisbon Chapter 3,Thriller,2005
5633,Last Road,Drama,2015
5634,The Crystal Train Case 4,Animation,2023
5635,Return to Sahara,Horror,1974
5636,The Theater of Avalon,Adventure,1973
5637,Before the Velvet Machine,Action,2009
5638,After Berlin Chapter 10,Animation,2005
5639,Signal Theory Part 7,Thriller,1990
5640,The Crystal Voyage,Thriller,2020
5641,Inside the Lonely Voyage,Crime,2012
5642,Inside the Burning Heart,Drama,1983
5643,After Rome Chapter 4,Fantasy,2016
5644,Machine Theory Part 8,Action,1970
5645,Fallen Theater,Adventure,2021
5646,Planet from Paris,Romance,1970
5647,The Dark Road,Thriller,2000
5648,The Urban Code Case 6,Animation,2025
5649,Mars Voyage,Adventure,1989
5650,Beyond the Endless Dream,Romance,2020
5651,Prague Castle,Animation,2025
5652,Before the Ancient Dream,Action,1998
5653,Machine of Boston,Horror,2017
5654,Inside the Wild Archive,Horror,2008
5655,Beyond the Secret Secret,Crime,2021
5656,Before the Endless City,Romance,1996
5657,City Theory Part 12,Thriller,1974
5658,Return to Dublin,Thriller,1993
5659,Royal Empire Part 8,Horror,1977
5660,After Kyoto Chapter 12,Mystery,2025
5661,Before the Scarlet Whisper,Crime,1987
5662,Dream of Nevada,Animation,2018
5663,Return to Atlantis,Action,2010
5664,River of Mars,Horror,2003
5665,Whisper of Paris,Comedy,2022
5666,The Frozen Secret Case 12,Horror,2008
5667,Before the Wild Night,Animation,2009
5668,Carnival of Lisbon,Animation,1988
5669,Dream Theory Part 10,Horror,1979
5670,After Prague Chapter 3,Crime,2022
5671,The Legend of Boston,Action,2026
5672,Inside the Modern Dream,Adventure,1975
5673,The Horizon of Sahara,Thriller,2000
5674,Urban Signal Part 11,Mystery,2003
5675,After Tokyo Chapter 12,Crime,2019
5676,A Velvet Carnival,Drama,1973
5677,The Secret Voyage Case 9,Horror,1991
5678,Empire of Nevada,Action,1987
5679,Royal Dream Part 3,Romance,2021
5680,Beyond the Fallen Secret,Mystery,2008
5681,The Broken Signal,Horror,1984
5682,The Scarlet Castle,Drama,2024
5683,The Night of Dublin,Crime,1988
5684,A Broken Bridge,Drama,2026
5685,Beyond the Broken Signal,Romance,2022
5686,A Fallen Carnival,Action,1990
5687,Forest from Havana,Fantasy,2015
5688,Before the Modern Shadow,Animation,2023
5689,Return to Cairo,Sci-Fi,1977
5690,Nevada Forest,Animation,2007
5691,The Neon Dream,Romance,2019
5692,Dream Theory Part 11,Fantasy,2002
5693,Promise of Mars,Sci-Fi,2019
5694,Return to Seoul,Mystery,2025
5695,Modern Castle,Animation,2008
5696,Return to Manila,Animation,1997
5697,Beyond the Midnight Bridge,Animation,1993
5698,Rome Archive,Animation,1977
5699,Night Theory Part 6,Sci-Fi,2002
5700,The First Storm,Crime,2023
5701,The Last Legend Case 2,Horror,2005
5702,After Mars Chapter 9,Mystery,1987
5703,Secret Planet,Comedy,1976
5704,The Dark Bridge,Thriller,2015
5705,A Neon Promise,Action,1985
5706,A Hidden Dream,Drama,1983
5707,After Boston Chapter 2,Thriller,2014
5708,Train Theory Part 3,Animation,1979
5709,After Tokyo Chapter 3,Romance,1986
5710,Berlin Night,Thriller,2017
5711,Empire of Sahara,Action,1976
5712,Return to Dublin,Action,2003
5713,Promise of Sahara,Animation,1999
5714,The Rising Voyage,Sci-Fi,2013
5715,Galaxy Theory Part 3,Romance,2023
5716,Before the Scarlet Ocean,Comedy,2013
5717,Inside the Midnight Secret,Adventure,1978
5718,Burning Heart,Drama,1977
5719,Atlantis Shadow,Action,1998
5720,The Whisper of Harbor,Fantasy,2009
5721,Road from Venice,Comedy,2011
5722,Beyond the Velvet River,Crime,2003
5723,Inside the Lonely Ocean,Mystery,2010
5724,Night from Dublin,Drama,1987
5725,Signal from Venice,Comedy,1988
5726,London Secret,Fantasy,2018
5727,Silver River Part 9,Action,1984
5728,Beyond the Silent Archive,Crime,2000
5729,Return to Paris,Animation,1973
5730,Beyond the Urban Secret,Drama,2023
5731,Legend from Nevada,Thriller,1978
5732,The Fallen River,Sci-Fi,2003
5733,River from Berlin,Animation,2001
5734,Mirror from Prague,Sci-Fi,1992
5735,Before the Endless Forest,Thriller,2007
5736,Inside the Lost Shadow,Crime,2006
5737,Signal from Harbor,Action,1997
5738,Cairo Theater,Comedy,1989
5739,Inside the Silver City,Animation,1980
5740,Silent Mirror,Comedy,2009
5741,Beyond the Fallen Night,Romance,1980
5742,Island from Venice,Fantasy,1988
5743,Inside the Endless Road,Crime,1986
5744,Neon Archive,Mystery,2013
5745,A Broken Storm,Adventure,2001
5746,A Royal Horizon,Adventure,2023
5747,Empire from Atlantis,Sci-Fi,2003
5748,Road of Havana,Crime,2006
5749,Gentle Voyage Part 11,Comedy,2000
5750,Prague Ocean,Sci-Fi,2018
5751,Return to Manila,Thriller,1977
5752,After Brooklyn Chapter 7,Action,2025
5753,Beyond the Velvet Mirror,Thriller,1975
5754,Beyond the Hidden Whisper,Mystery,2003
5755,After Atlantis Chapter 9,Adventure,2002
5756,Beyond the Bright Theater,Horror,2012
5757,Tokyo Castle,Thriller,1983
5758,Urban Horizon,Adventure,1994
5759,Shadow from Kyoto,Action,1998
5760,Return to Berlin,Horror,1989
5761,After Venice Chapter 11,Drama,2016
5762,Memory Theory Part 2,Drama,1978
5763,After Havana Chapter 5,Crime,1991
5764,Horizon from Tokyo,Romance,2022
5765,Signal from London,Drama,2017
5766,Storm from Prague,Animation,1995
5767,Return to Atlantis,Mystery,2019
5768,Harbor Secret,Mystery,1986
5769,Before the Lonely Bridge,Romance,2017
5770,Lonely Horizon,Adventure,1996
5771,The Quantum Machine Case 7,Horror,1972
5772,Return to Sahara,Romance,1994
5773,The Wild Memory,Romance,2026
5774,Beyond the Silver Road,Drama,2026
5775,Fallen Voyage Part 6,Drama,1997
5776,The Night of Boston,Thriller,2012
5777,Beyond the Hidden Road,Drama,2001
5778,After Havana Chapter 8,Sci-Fi,1979
5779,Beyond the Endless Archive,Crime,2003
5780,Inside the Royal Island,Sci-Fi,2003
5781,A Wild Legend,Fantasy,1983
5782,The Final Empire,Sci-Fi,2010
5783,Return to Manila,Adventure,2024
5784,Last Shadow,Action,1984
5785,A Final Horizon,Horror,1987
5786,Before the Final Planet,Fantasy,2021
5787,Return to Harbor,Drama,2007
5788,A Royal Shadow,Comedy,2003
5789,A Bright Dream,Action,1978
5790,Crystal Island,Drama,1989
5791,After Boston Chapter 4,Animation,2005
5792,Signal Theory Part 5,Adventure,2005
5793,A Final Theater,Fantasy,2002
5794,Before the Lost Promise,Romance,2014
5795,After Tokyo Chapter 8,Adventure,2019
5796,The Burning Signal Case 3,Adventure,1973
5797,Return to Venice,Romance,2024
5798,Beyond the Quantum Promise,Adventure,2019
5799,Signal of Nevada,Animation,1995
5800,Berlin Bridge,Adventure,2025
5801,Beyond the Ancient Heart,Crime,1989
5802,Return to Tokyo,Romance,2026
5803,Return to Berlin,Mystery,2023
5804,Harbor River,Adventure,1993
5805,Neon River Part 12,Comedy,1984
5806,The Signal of Havana,Sci-Fi,1985
5807,A Royal Whisper,Comedy,1999
5808,Shadow Theory Part 11,Mystery,2000
5809,Tokyo Mirror,Fantasy,1990
5810,Secret of Sahara,Fantasy,1989
5811,Harbor Planet,Romance,1986
5812,Manila Theater,Sci-Fi,1972
5813,Prague Voyage,Drama,1995
5814,Before the Urban Forest,Drama,1986
5815,Before the Golden Horizon,Mystery,2013
5816,Before the Lost Code,Drama,1985
5817,A Gentle Bridge,Mystery,2017
5818,Secret City Part 3,Comedy,1972
5819,The Bridge of Cairo,Sci-Fi,2023
5820,Code from Atlantis,Action,2022
5821,Savage Carnival Part 12,Comedy,2009
5822,Machine from Paris,Horror,2008
5823,Lonely Bridge Part 7,Comedy,1973
5824,Return to Tokyo,Animation,2022
5825,Golden Legend Part 4,Sci-Fi,1974
5826,Golden Storm,Thriller,2010
5827,Return to Seoul,Fantasy,1989
5828,Prague Storm,Comedy,1983
5829,Neon Machine,Animation,1974
5830,A Savage City,Thriller,1995
5831,After Manila Chapter 5,Action,1978
5832,Memory Theory Part 11,Drama,2013
5833,Planet Theory Part 5,Romance,2025
5834,The Endless Archive,Sci-Fi,2008
5835,Island from Dublin,Fantasy,2019
5836,A Royal Memory,Animation,1995
5837,Beyond the Fallen Island,Crime,1982
5838,The Neon Mirror,Comedy,2017
5839,Beyond the Urban Promise,Adventure,2022
5840,Train of Venice,Comedy,1972
5841,Lost Machine Part 3,Sci-Fi,1980
5842,The Fallen Forest Case 2,Horror,2020
5843,The Final Road Case 10,Horror,2004
5844,Return to Sahara,Adventure,2021
5845,The Frozen Galaxy Case 7,Mystery,2004
5846,The Broken Mirror,Action,1972
5847,Fallen Heart,Crime,1970
5848,A Fallen Voyage,Horror,1982
5849,Midnight Code Part 9,Mystery,2006
5850,Ocean from Boston,Mystery,2009
5851,After Prague Chapter 12,Action,2017
5852,Before the Royal Horizon,Horror,2026
5853,Modern Forest,Action,1977
5854,Seoul Night,Adventure,1982
5855,Storm Theory Part 4,Fantasy,1985
5856,The Secret Dream Case 4,Fantasy,2000
5857,Return to Nevada,Adventure,1996
5858,Inside the Urban Theater,Animation,2013
5859,The Voyage of Lisbon,Action,2007
5860,Paris River,Crime,2013
5861,After Lisbon Chapter 8,Animation,1994
5862,A Dark Machine,Thriller,1989
5863,Beyond the Quantum Heart,Sci-Fi,2026
5864,The Velvet Memory Case 2,Sci-Fi,1976
5865,Before the First Galaxy,Comedy,1989
5866,Fallen Bridge Part 11,Crime,1974
5867,Return to Prague,Fantasy,1993
5868,Lonely Code Part 3,Thriller,1979
5869,After Venice Chapter 6,Crime,2019
5870,Brooklyn Empire,Action,1983
5871,Inside the Final Dream,Drama,1995
5872,A Scarlet Whisper,Horror,2013
5873,The Dark Island,Romance,1993
5874,Inside the Burning Archive,Sci-Fi,2026
5875,Beyond the Neon Archive,Romance,2000
5876,Garden Theory Part 6,Adventure,2020
5877,A Lonely Castle,Fantasy,1974
5878,The Promise of Harbor,Mystery,1977
5879,After Dublin Chapter 5,Thriller,2002
5880,The Archive of Mars,Action,2001
5881,After Mars Chapter 11,Fantasy,1994
5882,Horizon Theory Part 5,Mystery,2005
5883,A Velvet Empire,Fantasy,1976
5884,After Berlin Chapter 2,Mystery,2017
5885,Garden of Iceland,Mystery,2015
5886,Return to Sydney,Mystery,2001
5887,The Legend of Sahara,Thriller,1996
5888,Inside the Modern Code,Crime,1993
5889,Beyond the Silver Storm,Drama,2006
5890,Beyond the Dark Horizon,Animation,1972
5891,After London Chapter 7,Animation,2014
5892,Scarlet Ocean Part 12,Sci-Fi,2009
5893,Inside the Fallen Horizon,Crime,1982
5894,Inside the First Shadow,Comedy,1978
5895,Frozen Dream,Comedy,1990
5896,A Lonely Shadow,Romance,2019
5897,Neon Bridge Part 3,Romance,1997
5898,After Iceland Chapter 11,Thriller,2004
5899,Beyond the Wild Signal,Drama,1994
5900,Savage Horizon Part 2,Comedy,1978
5901,Silver Empire,Drama,1974
5902,Before the Broken Archive,Thriller,1997
5903,Inside the Savage Code,Comedy,2025
5904,First Machine Part 10,Thriller,1986
5905,Beyond the Endless Theater,Thriller,1981
5906,Sydney Secret,Romance,1994
5907,A Scarlet Secret,Thriller,2014
5908,The Machine of Iceland,Romance,2025
5909,After Berlin Chapter 2,Action,1977
5910,Storm Theory Part 12,Comedy,1981
5911,Silver Code Part 5,Drama,2025
5912,Before the Secret Horizon,Horror,2018
5913,Before the Midnight Whisper,Mystery,2026
5914,A Lonely Shadow,Horror,2020
5915,Legend Theory Part 3,Sci-Fi,1973
5916,The Galaxy of Iceland,Crime,1984
5917,River Theory Part 6,Thriller,2024
5918,Secret Forest Part 2,Horror,2009
5919,After Sydney Chapter 7,Action,1989
5920,Mirror Theory Part 11,Adventure,2008
5921,Frozen City Part 2,Thriller,1975
5922,Return to London,Animation,1976
5923,The Signal of Cairo,Comedy,2016
5924,After Boston Chapter 4,Animation,1997
5925,The Lonely Bridge,Action,2012
5926,Secret River Part 8,Romance,1996
5927,City Theory Part 12,Comedy,1974
5928,Royal Storm,Drama,2006
5929,The Velvet Signal,Drama,1982
5930,Paris Garden,Adventure,1973
5931,Memory from Brooklyn,Animation,2013
5932,Urban Night,Mystery,1973
5933,After Manila Chapter 12,Romance,2018
5934,Havana Horizon,Animation,1982
5935,Wild Theater Part 4,Thriller,1983
5936,Before the Savage Secret,Action,1979
5937,Endless Forest,Drama,1974
5938,Beyond the Hidden Machine,Comedy,2002
5939,Galaxy Theory Part 7,Horror,2005
5940,The Wild Archive,Animation,1992
5941,Rising Promise,Crime,1983
5942,The Legend of Harbor,Fantasy,2012
5943,The Electric Castle Case 7,Comedy,2010
5944,The Secret of Avalon,Mystery,1992
5945,After Iceland Chapter 5,Drama,1983
5946,Dream from Sydney,Horror,2019
5947,Return to Dublin,Drama,2013
5948,Return to Boston,Animation,2025
5949,Ancient Forest Part 7,Action,1970
5950,Inside the Silver Code,Adventure,1992
5951,Inside the Broken Shadow,Horror,1972
5952,Signal of Seoul,Crime,1987
5953,Return to Atlantis,Adventure,1991
5954,Inside the Golden Memory,Romance,2008
5955,The Midnight Legend,Animation,1978
5956,Before the Royal Horizon,Mystery,1971
5957,Frozen Road,Comedy,2014
5958,Machine from Prague,Mystery,2002
5959,Horizon from Manila,Crime,2008
5960,The Modern Archive Case 11,Sci-Fi,1999
5961,Signal from Prague,Thriller,1971
5962,Dream from Manila,Fantasy,1986
5963,Return to Atlantis,Adventure,2014
5964,Shadow from Seoul,Crime,1975
5965,Lisbon Forest,Adventure,2024
5966,The Theater of Rome,Crime,1978
5967,Beyond the First Secret,Adventure,2019
5968,Before the Frozen Archive,Horror,1997
5969,Bridge of Manila,Animation,1976
5970,Promise of Cairo,Crime,2012
5971,Secret Train,Drama,1986
5972,A Wild Archive,Drama,1979
5973,Inside the Urban Ocean,Fantasy,1982
5974,After Harbor Chapter 3,Crime,1971
5975,The Galaxy of Lisbon,Comedy,1983
5976,The Rising Mirror Case 2,Animation,1994
5977,After Brooklyn Chapter 11,Action,2020
5978,Inside the Quantum Promise,Drama,1993
5979,Secret Promise Part 5,Thriller,2013
5980,Beyond the Quantum Storm,Fantasy,1998
5981,Before the Wild Voyage,Adventure,2026
5982,Havana Ocean,Animation,1998
5983,The Archive of Mars,Romance,2022
5984,Endless Night,Action,1994
5985,Beyond the Final Planet,Comedy,1971
5986,The Wild Forest Case 6,Animation,2015
5987,The Rising Bridge,Horror,1986
5988,After Sahara Chapter 10,Horror,1972
5989,Inside the Gentle Code,Romance,1995
5990,Quantum Bridge Part 9,Romance,1985
5991,Prague Code,Animation,1983
5992,Frozen Night,Romance,2008
5993,Forest of Rome,Horror,1991
5994,Electric Mirror,Crime,2003
5995,The Storm of Havana,Fantasy,2015
5996,Beyond the Silent Mirror,Adventure,2010
5997,Inside the Hidden Voyage,Animation,2021
5998,Machine Theory Part 9,Action,2019
5999,Before the Midnight Whisper,Animation,1991
6000,Beyond the Wild Promise,Thriller,1978
6001,Scarlet Shadow Part 4,Animation,2026
6002,Garden from Dublin,Crime,2007
6003,Scarlet Whisper,Mystery,2018
6004,After Tokyo Chapter 8,Comedy,1974
6005,Neon Mirror Part 3,Action,1978
6006,Inside the Silent Code,Sci-Fi,2003
6007,After Seoul Chapter 8,Horror,2016
6008,River Theory Part 11,Sci-Fi,1982
6009,Sydney Promise,Action,1993
6010,A Final Ocean,Animation,1995
6011,Forest Theory Part 5,Mystery,1989
6012,Memory Theory Part 3,Action,1996
6013,Heart from Atlantis,Horror,1999
6014,Inside the Hidden Heart,Mystery,1970
6015,The Electric River Case 5,Fantasy,1995
6016,Dream of Rome,Comedy,1984
6017,The Silent Dream,Adventure,1978
6018,The Golden Shadow Case 10,Comedy,2021
6019,The Silent Whisper Case 5,Drama,1985
6020,Before the Fallen Theater,Crime,2025
6021,The Wild Forest,Adventure,2003
6022,Havana Archive,Animation,1970
6023,The Midnight Carnival Case 5,Animation,1982
6024,Return to Atlantis,Horror,2002
6025,City from Avalon,Mystery,2023
6026,Mars Dream,Animation,1981
6027,Last Carnival Part 3,Fantasy,1995
6028,A Bright Night,Sci-Fi,1975
6029,The Burning Shadow Case 7,Action,1997
6030,Beyond the Silver River,Drama,1971
6031,After Brooklyn Chapter 4,Animation,1974
6032,After Seoul Chapter 5,Drama,1981
6033,Night from Sydney,Romance,1976
6034,After Rome Chapter 5,Drama,1993
6035,The Castle of Kyoto,Action,1988
6036,After Mars Chapter 3,Thriller,1974
6037,Hidden Whisper Part 10,Animation,1976
6038,Endless Whisper Part 9,Mystery,1973
6039,Heart of Lisbon,Horror,1999
6040,The Theater of Sahara,Comedy,1971
6041,Whisper Theory Part 10,Animation,1977
6042,Whisper from Paris,Comedy,1975
6043,Inside the Last Voyage,Sci-Fi,1996
6044,Garden of Mars,Animation,1995
6045,The Memory of Venice,Adventure,1999
6046,Legend Theory Part 12,Crime,1975
6047,Inside the Dark River,Comedy,2002
6048,Royal Promise Part 9,Romance,2007
6049,Garden Theory Part 6,Animation,1993
6050,The Lost Promise,Adventure,2011
6051,Bridge of Seoul,Crime,2025
6052,Neon Planet Part 5,Romance,2026
6053,Inside the Bright Ocean,Drama,2008
6054,Wild River Part 10,Action,2009
6055,Inside the Silent Horizon,Adventure,1999
6056,Return to Prague,Mystery,2003
6057,Before the Gentle Ocean,Sci-Fi,2007
6058,Return to Brooklyn,Horror,2005
6059,Before the Quantum Machine,Drama,2018
6060,Before the Dark Mirror,Action,2011
6061,Night Theory Part 6,Mystery,2005
6062,A Midnight River,Action,2019
6063,The Road of Venice,Drama,1990
6064,Inside the Neon Heart,Drama,1973
6065,Seoul Galaxy,Sci-Fi,1980
6066,Theater Theory Part 12,Adventure,2011
6067,The Lost Archive,Crime,1972
6068,Ocean Theory Part 11,Adventure,2020
6069,The Midnight Horizon,Animation,1985
6070,Cairo Galaxy,Sci-Fi,2021
6071,Galaxy from Mars,Mystery,2025
6072,Beyond the Burning Horizon,Horror,2014
6073,Neon Empire,Horror,2011
6074,The Fallen Planet,Action,1976
6075,Dark Heart Part 11,Horror,2004
6076,Before the Dark Shadow,Horror,1981
6077,Return to Avalon,Drama,2016
6078,The Bridge of Rome,Horror,2002
6079,After Kyoto Chapter 5,Mystery,1995
6080,Beyond the Burning Mirror,Adventure,1994
6081,Whisper of London,Comedy,1991
6082,Rising Carnival,Sci-Fi,2014
6083,Storm Theory Part 4,Romance,2026
6084,Castle of Rome,Fantasy,1974
6085,Before the Wild Memory,Action,1985
6086,Beyond the Urban Bridge,Fantasy,2012
6087,The Lonely Train Case 2,Sci-Fi,1972
6088,Beyond the Burning Voyage,Adventure,2021
6089,Castle of Harbor,Thriller,2026
6090,After Atlantis Chapter 12,Animation,2005
6091,Beyond the Midnight Machine,Mystery,2002
6092,Before the Hidden Road,Horror,2004
6093,Manila Heart,Drama,2012
6094,Lost Mirror Part 7,Thriller,2014
6095,Golden Mirror Part 9,Horror,1988
6096,The Machine of Boston,Animation,2024
6097,The Endless Memory Case 3,Drama,1995
6098,Cairo Whisper,Drama,2003
6099,A Wild Shadow,Fantasy,1976
6100,A Ancient Carnival,Thriller,2008
6101,A Rising Theater,Crime,1977
6102,Return to Prague,Mystery,1971
6103,The Final Memory Case 10,Romance,2020
6104,Galaxy Theory Part 7,Animation,2003
6105,The Velvet Garden,Horror,1973
6106,Code of Prague,Action,1980
6107,The Royal Theater Case 2,Romance,2026
6108,Fallen Forest,Sci-Fi,1988
6109,Return to Manila,Fantasy,1987
6110,Whisper Theory Part 11,Fantasy,1980
6111,Return to Berlin,Thriller,2007
6112,The Midnight Carnival Case 3,Fantasy,2018
6113,Lonely Whisper,Thriller,2023
6114,Ancient Legend Part 6,Comedy,1974
6115,The Last Machine Case 6,Crime,2013
6116,Inside the Broken Bridge,Sci-Fi,1978
6117,The Midnight Archive,Adventure,1990
6118,Harbor Empire,Mystery,2001
6119,Before the Broken Planet,Action,1985
6120,Sydney Galaxy,Horror,1995
6121,Beyond the Modern Whisper,Drama,2025
6122,Inside the First Train,Mystery,2007
6123,Crystal Ocean,Animation,2014
6124,The Machine of Nevada,Sci-Fi,2021
6125,The Quantum Secret,Action,1980
6126,Inside the Wild Empire,Comedy,2018
6127,Return to Paris,Adventure,1980
6128,Beyond the Fallen Heart,Animation,2014
6129,Return to Seoul,Mystery,2022
6130,The Carnival of Havana,Crime,2003
6131,After Venice Chapter 8,Horror,1973
6132,Theater of Brooklyn,Adventure,1980
6133,Before the Ancient Galaxy,Animation,2008
6134,Train from Tokyo,Drama,1988
6135,Train from Lisbon,Mystery,2002
6136,Dark Signal Part 5,Crime,2017
6137,The Crystal Forest Case 3,Crime,1972
6138,The Silver Whisper Case 6,Thriller,1991
6139,The Golden Code,Animation,2018
6140,Scarlet Galaxy,Horror,2012
6141,Before the Frozen Mirror,Romance,2021
6142,A Secret Dream,Animation,2011
6143,The Machine of Kyoto,Action,1984
6144,Forest of Seoul,Romance,2015
6145,The Dark Bridge,Horror,2018
6146,The Frozen Galaxy,Horror,2007
6147,Golden Whisper,Mystery,1999
6148,The Neon Ocean Case 11,Mystery,1988
6149,Wild Machine Part 11,Mystery,1982
6150,Quantum Mirror,Comedy,1973
6151,The Frozen Signal Case 6,Sci-Fi,1978
6152,Rome Train,Sci-Fi,2013
6153,The Gentle Dream Case 9,Animation,2004
6154,The Frozen Carnival,Fantasy,1989
6155,Final Whisper Part 7,Drama,1979
6156,Mirror of Avalon,Drama,1975
6157,Beyond the Scarlet City,Drama,1983
6158,The Rising Theater,Adventure,1972
6159,Before the Gentle Legend,Crime,2015
6160,Road from Venice,Mystery,2026
6161,Before the Frozen Heart,Mystery,1998
6162,Theater Theory Part 3,Animation,1995
6163,Before the Endless Theater,Animation,2017
6164,Road of Avalon,Drama,1983
6165,Tokyo River,Drama,2016
6166,After Atlantis Chapter 10,Action,2005
6167,Mirror Theory Part 7,Crime,2023
6168,Inside the Velvet Bridge,Mystery,2013
6169,The Broken Voyage,Romance,2012
6170,A Hidden Planet,Animation,1974
6171,Galaxy Theory Part 2,Horror,1991
6172,Burning Storm Part 3,Comedy,1990
6173,After Manila Chapter 12,Sci-Fi,2001
6174,The Royal Promise Case 9,Animation,1990
6175,Return to Prague,Mystery,2004
6176,Road from Manila,Crime,2024
6177,Prague Code,Animation,2018
6178,The Secret of Cairo,Drama,2017
6179,Hidden Mirror,Sci-Fi,2006
6180,Beyond the Last Train,Drama,1990
6181,The River of Venice,Crime,2011
6182,Before the Midnight Mirror,Sci-Fi,2026
6183,Beyond the Midnight Mirror,Sci-Fi,2011
6184,The Island of Manila,Drama,2012
6185,Sydney Promise,Animation,2004
6186,The Shadow of Boston,Action,2018
6187,After Seoul Chapter 5,Crime,2002
6188,Urban Carnival Part 10,Comedy,1993
6189,Return to Sahara,Adventure,1979
6190,The Silver Planet,Thriller,2018
6191,Seoul Secret,Adventure,1987
6192,Before the Lonely Legend,Drama,2024
6193,Return to Manila,Mystery,2005
6194,Shadow of Sahara,Thriller,1971
6195,After Sydney Chapter 8,Romance,2005
6196,After Prague Chapter 11,Romance,1993
6197,Return to London,Sci-Fi,2026
6198,A Fallen Planet,Thriller,2007
6199,Dream from Kyoto,Thriller,1991
6200,Before the Urban Code,Thriller,2002
6201,Beyond the Scarlet Ocean,Adventure,2020
6202,City Theory Part 9,Sci-Fi,2006
6203,Beyond the Gentle Archive,Thriller,1999
6204,Voyage of Cairo,Crime,1990
6205,City of Rome,Thriller,2024
6206,The Dark City,Action,1999
6207,Modern Archive,Adventure,2006
6208,Garden from Prague,Drama,2012
6209,First Ocean Part 2,Drama,2025
6210,Return to Sydney,Horror,1980
6211,Before the Silver River,Crime,1985
6212,Havana Code,Sci-Fi,2016
6213,The Memory of Sahara,Animation,2008
6214,After Prague Chapter 7,Animation,1980
6215,Inside the Ancient Galaxy,Sci-Fi,2022
6216,Before the First Signal,Mystery,2018
6217,Whisper from Havana,Sci-Fi,2009
6218,Return to Seoul,Thriller,1978
6219,Bridge of Avalon,Adventure,1989
6220,Archive of Boston,Animation,1971
6221,The Silent City,Romance,1972
6222,The Final Horizon Case 10,Drama,1975
6223,After London Chapter 8,Adventure,1982
6224,First Night,Adventure,2019
6225,Final Storm,Animation,1970
6226,Empire of Rome,Action,1978
6227,Inside the Silent Voyage,Romance,1991
6228,Island from Sahara,Sci-Fi,1971
6229,Carnival of Kyoto,Crime,1976
6230,Beyond the Golden Archive,Fantasy,2010
6231,Inside the Endless Bridge,Action,1977
6232,The Modern Theater Case 12,Comedy,2017
6233,Garden of Boston,Thriller,2007
6234,Promise from Dublin,Mystery,1974
6235,Beyond the Ancient Memory,Adventure,2025
6236,Silver Castle,Sci-Fi,2014
6237,The Secret Forest Case 2,Animation,2023
6238,Mars Castle,Thriller,2024
6239,Before the Wild Garden,Adventure,2017
6240,Inside the Bright Island,Comedy,2023
6241,Prague Forest,Animation,1989
6242,London Whisper,Drama,1981
6243,Inside the Broken Whisper,Fantasy,2003
6244,Galaxy of Sydney,Romance,2014
6245,Brooklyn Garden,Sci-Fi,1994
6246,Inside the Final Garden,Mystery,1998
6247,Tokyo Memory,Action,2018
6248,Before the Rising Castle,Animation,1983
6249,Inside the Broken Secret,Comedy,1990
6250,Royal Code Part 7,Mystery,1998
6251,A Broken Planet,Thriller,1977
6252,A Burning Planet,Thriller,2024
6253,Prague Code,Crime,2009
6254,A Rising Carnival,Action,1980
6255,Beyond the Golden Forest,Sci-Fi,2002
6256,A Savage Signal,Animation,2008
6257,Before the Broken Code,Adventure,2013
6258,Horizon of Harbor,Comedy,2009
6259,Crystal Road,Animation,1988
6260,Before the Neon Galaxy,Horror,2002
6261,City Theory Part 2,Animation,1992
6262,The Urban Dream,Comedy,2021
6263,Before the Neon Shadow,Adventure,2014
6264,Forest of Manila,Crime,1984
6265,Code Theory Part 7,Adventure,2017
6266,Sydney Voyage,Thriller,2024
6267,Secret Forest,Comedy,1989
6268,The Wild Empire,Comedy,1979
6269,Whisper of Rome,Drama,1979
6270,Inside the Rising Bridge,Mystery,1971
6271,Nevada Whisper,Action,2002
6272,The Signal of Paris,Action,1985
6273,After Lisbon Chapter 4,Adventure,1982
6274,The Wild Secret,Horror,1995
6275,Hidden Shadow Part 7,Mystery,2010
6276,Machine from London,Thriller,2021
6277,Return to Brooklyn,Fantasy,1994
6278,Beyond the Lonely Island,Horror,2002
6279,Inside the Lost Secret,Mystery,2003
6280,Machine Theory Part 3,Romance,1997
6281,After Iceland Chapter 4,Sci-Fi,1992
6282,Silver Train Part 8,Sci-Fi,2011
6283,Royal Heart Part 9,Thriller,2008
6284,The Memory of Manila,Action,2007
6285,The Fallen Promise Case 4,Animation,1971
6286,Before the Bright Shadow,Romance,2026
6287,The Final Bridge Case 7,Crime,2005
6288,Planet Theory Part 6,Animation,1971
6289,Inside the Silver Legend,Fantasy,1980
6290,Beyond the Silent Voyage,Thriller,2011
6291,The Lost Mirror Case 12,Mystery,2001
6292,Inside the Savage Ocean,Animation,1998
6293,Secret Road Part 6,Thriller,2018
6294,Promise from London,Crime,1991
6295,City of Mars,Action,2015
6296,Silent Shadow Part 5,Adventure,1999
6297,The Last Train,Fantasy,1983
6298,After Havana Chapter 2,Horror,1984
6299,Beyond the Silver Archive,Sci-Fi,2026
6300,The Rising Secret,Comedy,2004
6301,Sahara Storm,Mystery,2018
6302,Beyond the Silver Ocean,Animation,2002
6303,The Promise of Lisbon,Crime,1974
6304,Castle of Rome,Horror,2002
6305,Secret from Berlin,Adventure,1985
6306,Beyond the Royal Memory,Action,2004
6307,The City of Atlantis,Romance,1979
6308,The Road of Berlin,Thriller,1984
6309,Sahara River,Horror,1977
6310,First Promise Part 7,Horror,1999
6311,Mirror Theory Part 2,Comedy,2004
6312,Havana Forest,Thriller,2015
6313,Whisper from Havana,Crime,1986
6314,Paris Island,Horror,1984
6315,The Golden Garden Case 2,Sci-Fi,2000
6316,Shadow Theory Part 8,Thriller,1988
6317,After Manila Chapter 8,Fantasy,1991
6318,The Carnival of Paris,Drama,1987
6319,Velvet Memory,Mystery,2002
6320,Inside the Silver Garden,Comedy,2009
6321,Return to Avalon,Animation,1979
6322,Kyoto Machine,Drama,1980
6323,Archive from Boston,Mystery,2021
6324,Promise of Boston,Mystery,1973
6325,Lost Bridge,Mystery,2015
6326,Bright Island,Horror,2022
6327,Voyage from Berlin,Mystery,2018
6328,The Silver Garden,Animation,1993
6329,Heart Theory Part 6,Comedy,1972
6330,The Quantum Planet Case 7,Adventure,1986
6331,Legend from Mars,Drama,2025
6332,After Tokyo Chapter 11,Thriller,2011
6333,After Manila Chapter 7,Drama,1996
6334,Mirror from London,Adventure,1970
6335,The Last Dream Case 9,Action,1991
6336,Last Code,Animation,1980
6337,Venice Mirror,Drama,1997
6338,Ocean from Sahara,Crime,1982
6339,Promise of Boston,Adventure,2003
6340,Galaxy of Dublin,Horror,1971
6341,Golden Legend Part 2,Horror,2025
6342,Memory from Harbor,Mystery,2021
6343,First City Part 3,Mystery,2024
6344,The Machine of Kyoto,Mystery,1976
6345,The Storm of Manila,Thriller,2014
6346,A Silent Signal,Drama,2014
6347,Beyond the Hidden Heart,Romance,1971
6348,Inside the Scarlet Secret,Drama,1987
6349,Lisbon Whisper,Mystery,2000
6350,Ancient Storm Part 3,Sci-Fi,2022
6351,Bridge of London,Sci-Fi,2004
6352,River of Sahara,Sci-Fi,2007
6353,A Gentle River,Fantasy,1984
6354,Frozen Code,Romance,2000
6355,Royal Mirror Part 6,Action,1978
6356,The Ocean of Sahara,Sci-Fi,1982
6357,Midnight Legend,Drama,2025
6358,Lisbon Bridge,Mystery,1984
6359,The Bright Voyage Case 9,Action,1970
6360,Inside the Crystal Machine,Fantasy,2018
6361,Before the Hidden Machine,Animation,1992
6362,Silent Island,Mystery,2002
6363,A Velvet Galaxy,Crime,2026
6364,A Dark Empire,Comedy,1982
6365,Return to Atlantis,Romance,1994
6366,The Gentle Machine Case 6,Romance,1986
6367,Return to Sahara,Crime,1996
6368,The Royal Train,Horror,1979
6369,The Urban Road,Action,1970
6370,Rome Legend,Adventure,2023
6371,Nevada River,Thriller,1971
6372,Legend of Sydney,Thriller,1997
6373,Return to Tokyo,Animation,2006
6374,Return to Rome,Horror,1994
6375,Inside the Rising Voyage,Comedy,2011
6376,Before the Dark Ocean,Sci-Fi,1990
6377,Dark Machine Part 4,Drama,2004
6378,Return to Tokyo,Horror,1983
6379,The Quantum Machine,Thriller,1975
6380,Mirror of Venice,Fantasy,2007
6381,Horizon of Nevada,Adventure,1992
6382,Castle of Venice,Mystery,2019
6383,Velvet Carnival Part 6,Drama,1981
6384,Frozen Shadow Part 2,Sci-Fi,2015
6385,The Silver Signal Case 7,Horror,1970
6386,A Golden Whisper,Action,1971
6387,Savage Garden Part 8,Mystery,2013
6388,Mars Galaxy,Drama,2006
6389,Heart of Lisbon,Thriller,1992
6390,Before the Burning Night,Drama,2020
6391,Before the Frozen Code,Crime,2025
6392,Final Heart Part 9,Crime,1986
6393,Inside the Electric Voyage,Action,1999
6394,Lonely City,Romance,2014
6395,Legend of Lisbon,Crime,2019
6396,After Iceland Chapter 12,Comedy,2016
6397,Voyage Theory Part 6,Thriller,1978
6398,The Broken Road,Comedy,1985
6399,The Memory of Berlin,Romance,2017
6400,Galaxy of Prague,Comedy,2002
6401,A Broken Night,Action,1994
6402,Train of Sahara,Horror,1998
6403,Legend of London,Mystery,1997
6404,Final Heart,Comedy,2020
6405,Golden Bridge,Drama,1995
6406,A Crystal Ocean,Fantasy,2004
6407,The Lonely Castle,Fantasy,1994
6408,A Quantum Garden,Sci-Fi,1989
6409,Return to Dublin,Animation,2003
6410,The Storm of Cairo,Fantasy,2022
6411,Wild Island Part 3,Crime,1986
6412,Inside the Rising Promise,Animation,2015
6413,The Gentle Carnival,Horror,2015
6414,A Bright Signal,Mystery,1992
6415,Inside the Modern Empire,Horror,1999
6416,The City of Venice,Sci-Fi,2013
6417,After Dublin Chapter 12,Fantasy,1977
6418,Beyond the Rising Theater,Animation,2016
6419,Beyond the Lonely Island,Horror,2017
6420,Electric Forest Part 4,Romance,1988
6421,Lisbon Secret,Horror,1972
6422,Inside the Velvet Signal,Comedy,1979
6423,Beyond the Fallen Empire,Animation,2026
6424,Beyond the Electric Ocean,Action,1972
6425,Berlin Heart,Thriller,2002
6426,Kyoto Carnival,Thriller,1987
6427,A Neon Voyage,Action,2011
6428,Code Theory Part 11,Adventure,1996
6429,The Final Code,Animation,1983
6430,After Harbor Chapter 12,Sci-Fi,1974
6431,Horizon from Manila,Romance,1975
6432,Ocean Theory Part 2,Horror,2016
6433,Crystal Island,Action,1986
6434,Inside the Savage Whisper,Thriller,2001
6435,Final Carnival Part 9,Animation,1975
6436,Rising Dream Part 4,Sci-Fi,1988
6437,The Quantum Horizon Case 6,Adventure,2012
6438,First River,Animation,2005
6439,First Carnival,Animation,1992
6440,Golden City Part 5,Sci-Fi,1998
6441,After Sydney Chapter 6,Action,2020
6442,Inside the Bright Secret,Animation,2021
6443,After Nevada Chapter 11,Action,2006
6444,Last Secret,Sci-Fi,1983
6445,The Last Island,Mystery,1994
6446,Frozen Secret Part 8,Romance,1982
6447,Empire Theory Part 5,Fantasy,1993
6448,The Frozen Carnival Case 8,Romance,2014
6449,The Final City,Crime,1997
6450,The Machine of Kyoto,Thriller,2020
6451,Mirror of London,Sci-Fi,1986
6452,Rising Ocean Part 3,Thriller,2000
6453,Gentle Castle Part 4,Romance,1997
6454,Shadow of Manila,Romance,1998
6455,The Dark Whisper Case 5,Adventure,2008
6456,London Archive,Comedy,2012
6457,After Sydney Chapter 8,Comedy,2023
6458,Kyoto City,Horror,1970
6459,After Sydney Chapter 5,Fantasy,1978
6460,Before the Golden Forest,Action,2014
6461,Garden from Sydney,Mystery,2008
6462,The Planet of Venice,Crime,1989
6463,The Castle of Lisbon,Action,2019
6464,City of Prague,Crime,1986
6465,Royal Planet Part 4,Romance,2024
6466,The Final Mirror,Action,1988
6467,The Mirror of Seoul,Animation,2002
6468,Mars Castle,Sci-Fi,2021
6469,Forest of Atlantis,Adventure,2015
6470,Horizon from Berlin,Horror,1977
6471,Carnival Theory Part 6,Fantasy,1997
6472,Beyond the Scarlet Horizon,Animation,2010
6473,Mirror of Havana,Drama,1993
6474,Beyond the Royal Secret,Romance,1993
6475,After Prague Chapter 2,Animation,2019
6476,Before the Neon Dream,Animation,2007
6477,After Paris Chapter 8,Romance,2016
6478,Scarlet Voyage Part 3,Crime,2021
6479,First Ocean Part 12,Animation,2024
6480,A Crystal Mirror,Animation,1974
6481,Before the Rising Whisper,Sci-Fi,2011
6482,Gentle Memory,Adventure,2019
6483,The Fallen Ocean Case 8,Crime,1971
6484,Memory Theory Part 7,Crime,1992
6485,Voyage Theory Part 11,Sci-Fi,2024
6486,Before the Ancient Forest,Crime,2013
6487,Castle Theory Part 11,Action,1974
6488,Sahara Dream,Thriller,2005
6489,The Island of Boston,Animation,2022
6490,Beyond the Savage Empire,Horror,2018
6491,Theater Theory Part 7,Animation,1973
6492,Gentle Mirror,Drama,1981
6493,Lost Planet,Drama,1997
6494,Inside the Wild Forest,Action,1993
6495,The Hidden Mirror Case 2,Thriller,2021
6496,After Kyoto Chapter 7,Animation,1987
6497,Harbor Shadow,Animation,2012
6498,A Silent Forest,Action,1985
6499,After Harbor Chapter 12,Adventure,2026
6500,Rising Shadow,Comedy,2013
6501,Royal Ocean Part 11,Action,2004
6502,The Quantum Memory,Adventure,2005
6503,Inside the Wild Planet,Mystery,2018
6504,Beyond the Wild Signal,Action,1983
6505,The Silver Ocean Case 4,Horror,2003
6506,Train of Cairo,Crime,1987
6507,Urban Theater,Fantasy,2020
6508,Machine of Iceland,Comedy,1981
6509,After Havana Chapter 12,Thriller,1996
6510,The Midnight Legend Case 8,Horror,1993
6511,Boston Road,Animation,2018
6512,The Savage Whisper,Adventure,2007
6513,The Heart of Avalon,Comedy,2025
6514,Beyond the Modern Archive,Adventure,2016
6515,The Urban River Case 2,Comedy,2007
6516,Island from Havana,Fantasy,2009
6517,Memory from Lisbon,Romance,2020
6518,Inside the Last Voyage,Horror,1987
6519,Beyond the Lonely Ocean,Drama,1998
6520,The Shadow of Atlantis,Sci-Fi,2003
6521,The City of Lisbon,Horror,2021
6522,After Mars Chapter 8,Animation,1981
6523,Inside the Electric Night,Fantasy,1993
6524,The Midnight Galaxy,Adventure,2001
6525,The First Forest,Fantasy,1976
6526,Last Shadow Part 2,Romance,2017
6527,After Cairo Chapter 6,Adventure,1978
6528,Beyond the Silver Theater,Romance,1984
6529,The Burning Whisper,Drama,2019
6530,Lisbon Secret,Adventure,1983
6531,Inside the First Empire,Crime,1996
6532,Code of Mars,Thriller,2019
6533,Shadow of London,Action,1986
6534,Secret Whisper,Animation,1981
6535,Nevada Island,Comedy,1997
6536,River from Paris,Sci-Fi,1979
6537,Beyond the Lonely Voyage,Action,2020
6538,The Scarlet Promise,Mystery,2010
6539,A Fallen Island,Action,1979
6540,Lisbon Forest,Action,1981
6541,Before the Quantum Shadow,Fantasy,2009
6542,Night Theory Part 6,Comedy,2007
6543,Secret from Iceland,Crime,2015
6544,Dream from Seoul,Adventure,1995
6545,Final Garden,Crime,1979
6546,Return to Atlantis,Crime,1992
6547,First Bridge,Mystery,2024
6548,The Scarlet Train Case 9,Sci-Fi,1992
6549,Voyage of Dublin,Romance,1990
6550,Inside the Neon Ocean,Crime,2015
6551,The Theater of Boston,Comedy,1971
6552,Inside the Quantum Forest,Drama,2018
6553,The Hidden Galaxy,Comedy,1994
6554,Inside the Silent Shadow,Sci-Fi,2022
6555,After Seoul Chapter 7,Romance,2001
6556,Archive of Dublin,Adventure,2018
6557,A Rising Legend,Crime,2020
6558,Before the Rising Galaxy,Thriller,2000
6559,Before the Savage Garden,Thriller,1973
6560,The Scarlet Dream Case 10,Mystery,1985
6561,Return to Avalon,Crime,2009
6562,Train of Manila,Drama,1985
6563,The Lonely Bridge,Sci-Fi,2000
6564,Heart of Sydney,Fantasy,1995
6565,Galaxy of Sahara,Sci-Fi,2015
6566,Secret of Manila,Animation,1986
6567,Return to Paris,Animation,1983
6568,Berlin Galaxy,Animation,1973
6569,Inside the Rising City,Adventure,1972
6570,Beyond the Wild Galaxy,Thriller,1971
6571,Silver Storm,Mystery,2017
6572,The Royal Train,Animation,2010
6573,Inside the Endless Memory,Sci-Fi,1998
6574,The Golden Horizon,Animation,2019
6575,Fallen Empire,Mystery,2016
6576,Lisbon Whisper,Mystery,1985
6577,Forest of Cairo,Crime,1992
6578,Shadow of Manila,Action,1996
6579,Code of Mars,Sci-Fi,2023
6580,Castle of Sydney,Romance,1978
6581,Legend of Lisbon,Fantasy,2018
6582,Beyond the Scarlet Train,Sci-Fi,1995
6583,Inside the Midnight Signal,Sci-Fi,1970
6584,Broken River Part 2,Crime,1999
6585,Night from Atlantis,Fantasy,2017
6586,Prague Ocean,Animation,1997
6587,Inside the Neon Signal,Horror,2009
6588,Before the Endless Machine,Fantasy,2008
6589,Inside the Last Mirror,Crime,2018
6590,A Royal Carnival,Crime,1999
6591,A Rising Theater,Crime,1981
6592,Modern Train,Sci-Fi,2013
6593,Memory Theory Part 2,Horror,1982
6594,Inside the Crystal Mirror,Fantasy,2014
6595,The Island of Cairo,Adventure,2002
6596,Castle from Cairo,Crime,2011
6597,Inside the Ancient Galaxy,Fantasy,2013
6598,Modern City,Mystery,1988
6599,The Legend of Berlin,Mystery,2009
6600,Cairo Shadow,Romance,2002
6601,Iceland Horizon,Thriller,1983
6602,A Fallen Storm,Horror,2004
6603,Beyond the Modern Ocean,Romance,2008
6604,Before the Neon Carnival,Adventure,1977
6605,City of Berlin,Comedy,2022
6606,Beyond the Neon Theater,Action,1979
6607,Midnight Secret,Fantasy,2018
6608,Before the Electric Secret,Thriller,2026
6609,Inside the First River,Horror,2003
6610,Heart from Sahara,Animation,1983
6611,Inside the Fallen Castle,Horror,1983
6612,Modern Archive Part 11,Sci-Fi,1994
6613,Garden of Havana,Romance,1970
6614,Inside the Ancient Promise,Animation,2010
6615,Return to Havana,Crime,2019
6616,The Empire of Berlin,Comedy,2010
6617,Mirror of Atlantis,Comedy,2011
6618,Prague Ocean,Horror,2015
6619,Modern Storm,Crime,1975
6620,After Dublin Chapter 9,Crime,1988
6621,Before the Silver Horizon,Comedy,1999
6622,Havana City,Action,1992
6623,Island of Sahara,Adventure,1990
6624,Atlantis Mirror,Mystery,1974
6625,Iceland Shadow,Adventure,1989
6626,Atlantis River,Adventure,1992
6627,Ancient Garden,Mystery,1989
6628,The Silent Heart,Romance,1979
6629,Empire Theory Part 4,Crime,1988
6630,After Venice Chapter 10,Romance,2023
6631,The Fallen Mirror Case 6,Adventure,1997
6632,Bridge from Tokyo,Thriller,1973
6633,Inside the Silent Castle,Crime,2014
6634,The Garden of Atlantis,Action,1991
6635,Burning Heart,Horror,1976
6636,Machine Theory Part 12,Fantasy,2006
6637,Return to Cairo,Thriller,2006
6638,Return to London,Action,2023
6639,Kyoto Theater,Comedy,1996
6640,Last River Part 12,Action,1984
6641,A Rising Ocean,Crime,1993
6642,After Harbor Chapter 8,Animation,1982
6643,Mirror Theory Part 3,Romance,2016
6644,The Last Theater Case 3,Mystery,2003
6645,The First Dream Case 12,Thriller,1985
6646,Code Theory Part 12,Fantasy,1987
6647,Beyond the Rising Signal,Action,2009
6648,The First Bridge Case 11,Comedy,2006
6649,Before the Savage City,Romance,2011
6650,Heart Theory Part 12,Thriller,1983
6651,The Modern Galaxy,Drama,2011
6652,The Golden Whisper Case 3,Horror,2022
6653,The Royal Heart Case 4,Thriller,1989
6654,Memory Theory Part 9,Action,2005
6655,Inside the Quantum Archive,Drama,1995
6656,Inside the Lost Storm,Comedy,1992
6657,Burning Bridge Part 3,Fantasy,2013
6658,Beyond the Final Garden,Sci-Fi,1979
6659,Machine from Tokyo,Mystery,2004
6660,Inside the Lost Dream,Sci-Fi,2013
6661,Before the Last Machine,Horror,1971
6662,Before the Golden Shadow,Animation,2022
6663,Garden Theory Part 9,Adventure,1996
6664,Beyond the Silver Night,Romance,1976
6665,A Secret Memory,Animation,2007
6666,Lisbon Archive,Crime,2002
6667,Galaxy of Manila,Sci-Fi,1995
6668,Legend from Lisbon,Animation,2022
6669,Island of Manila,Mystery,2006
6670,First City Part 10,Horror,2026
6671,After Prague Chapter 5,Adventure,2001
6672,Signal of Nevada,Crime,2020
6673,Wild City,Mystery,2012
6674,Atlantis Road,Mystery,1983
6675,Return to Prague,Action,1990
6676,A Fallen Voyage,Action,2020
6677,Secret Theory Part 7,Thriller,1986
6678,Mirror Theory Part 7,Crime,1979
6679,Electric Theater Part 8,Comedy,1998
6680,Planet of Sahara,Fantasy,2000
6681,Storm from Sahara,Horror,2007
6682,Return to Havana,Animation,1996
6683,Inside the Dark Road,Comedy,2016
6684,After Sydney Chapter 5,Crime,2006
6685,Horizon from Sahara,Horror,2009
6686,Inside the First Train,Fantasy,1991
6687,Inside the Secret Island,Thriller,2024
6688,Horizon from Brooklyn,Romance,2021
6689,Whisper Theory Part 9,Drama,1990
6690,The Whisper of Tokyo,Thriller,1985
6691,Inside the Frozen Empire,Adventure,1990
6692,London Legend,Adventure,1983
6693,First Code Part 12,Romance,1981
6694,Rome City,Horror,1998
6695,The Savage Planet Case 3,Animation,1983
6696,Archive of Venice,Mystery,1986
6697,The Dream of Sahara,Fantasy,2018
6698,Modern Garden Part 12,Fantasy,2002
6699,Return to Rome,Thriller,2018
6700,Nevada Machine,Romance,1988
6701,Scarlet Whisper,Horror,2006
6702,Return to Mars,Animation,2017
6703,Beyond the Lost City,Adventure,1993
6704,A Golden Mirror,Romance,1995
6705,Before the Golden Dream,Romance,1999
6706,Beyond the Frozen City,Crime,1979
6707,The Promise of Sydney,Comedy,2014
6708,First Archive Part 9,Romance,1998
6709,Silver Island,Adventure,2014
6710,A Crystal Road,Crime,1972
6711,The Burning Machine Case 8,Action,2000
6712,The Whisper of Sydney,Comedy,2011
6713,The Midnight Train Case 3,Mystery,2019
6714,Galaxy Theory Part 8,Thriller,2024
6715,After Berlin Chapter 8,Comedy,1990
6716,The Quantum Empire,Horror,2005
6717,Bright Dream,Romance,1997
6718,Hidden Dream,Romance,1985
6719,Modern River,Romance,2021
6720,Neon Memory Part 3,Romance,1979
6721,Train of Havana,Romance,2008
6722,Before the Final Castle,Fantasy,2011
6723,Shadow from Seoul,Adventure,1975
6724,The Bright Empire,Romance,1993
6725,The Quantum Machine,Romance,1981
6726,The Electric Archive,Drama,1986
6727,The Savage Horizon,Horror,2005
6728,Avalon Legend,Thriller,1981
6729,The Broken Legend,Fantasy,2000
6730,The Rising Night Case 5,Mystery,2003
6731,Signal of Tokyo,Romance,1975
6732,Mirror Theory Part 12,Sci-Fi,2010
6733,Beyond the First Empire,Romance,2005
6734,Ocean Theory Part 4,Crime,1987
6735,The Carnival of Sahara,Adventure,1990
6736,The Rising Promise,Comedy,1995
6737,The Burning Planet,Thriller,2013
6738,The Burning Voyage,Comedy,2001
6739,Storm of Mars,Fantasy,2003
6740,Inside the Wild Voyage,Horror,2001
6741,Return to Atlantis,Comedy,2010
6742,Machine Theory Part 8,Horror,2018
6743,Empire Theory Part 10,Thriller,1979
6744,The Machine of Venice,Thriller,2013
6745,Before the Last Secret,Romance,2009
6746,Fallen Road Part 12,Drama,1982
6747,The Rising Island,Crime,2021
6748,After Kyoto Chapter 12,Comedy,2013
6749,Electric Mirror Part 2,Mystery,2009
6750,Prague Bridge,Drama,1975
6751,Bridge from Berlin,Thriller,1971
6752,Inside the Dark Castle,Sci-Fi,1974
6753,The Bright Theater,Comedy,1989
6754,Horizon from Boston,Fantasy,1997
6755,Beyond the First Island,Drama,1984
6756,Beyond the Rising Train,Sci-Fi,2025
6757,Before the Crystal Bridge,Action,2014
6758,Machine of Dublin,Romance,2024
6759,Garden Theory Part 2,Action,2017
6760,The Secret of Sahara,Comedy,1994
6761,Dream of Rome,Horror,1975
6762,Before the Wild Castle,Comedy,1971
6763,Whisper Theory Part 5,Mystery,2002
6764,Electric Carnival,Fantasy,2017
6765,Archive Theory Part 3,Drama,2023
6766,Legend of Prague,Action,2026
6767,After Manila Chapter 12,Animation,1987
6768,Seoul Heart,Sci-Fi,2003
6769,After Brooklyn Chapter 8,Fantasy,2002
6770,Beyond the Wild Archive,Adventure,1978
6771,Inside the Rising Machine,Drama,1995
6772,Shadow of Sahara,Sci-Fi,1983
6773,Code of Sydney,Thriller,2017
6774,Beyond the Burning Bridge,Drama,2005
6775,Train Theory Part 5,Comedy,1993
6776,After Sahara Chapter 6,Fantasy,1988
6777,Garden Theory Part 2,Animation,2007
6778,The Golden Heart Case 12,Animation,1987
6779,The Endless Heart,Crime,1999
6780,Prague River,Romance,1989
6781,The Urban Heart Case 2,Fantasy,1991
6782,Beyond the Neon Machine,Action,2006
6783,The Planet of Sydney,Mystery,1982
6784,Beyond the Burning Galaxy,Crime,2014
6785,Beyond the Secret Whisper,Mystery,1972
6786,Bridge from Sydney,Thriller,1982
6787,Before the Midnight River,Romance,1983
6788,A Crystal Signal,Mystery,1981
6789,The Island of Berlin,Adventure,2015
6790,The Modern Code,Crime,2012
6791,The Voyage of Manila,Sci-Fi,2002
6792,Empire from Iceland,Comedy,1972
6793,Heart from Venice,Drama,2013
6794,A Quantum Theater,Crime,1979
6795,A Dark City,Mystery,1997
6796,Crystal Castle,Action,1992
6797,London Road,Mystery,2020
6798,The Train of Seoul,Sci-Fi,2001
6799,Silent Theater,Romance,1980
6800,A Secret Road,Animation,1998
6801,Before the Golden Code,Mystery,2025
6802,After Paris Chapter 10,Drama,1983
6803,Return to Brooklyn,Mystery,2005
6804,Return to Prague,Crime,2026
6805,A Silent Empire,Fantasy,2006
6806,Beyond the Savage Road,Horror,1977
6807,Beyond the Gentle Dream,Sci-Fi,2003
6808,Before the Velvet Bridge,Crime,1970
6809,Before the Bright Legend,Drama,1995
6810,Shadow from Venice,Thriller,2021
6811,Return to Nevada,Fantasy,1993
6812,Whisper of Mars,Action,1973
6813,Carnival of Nevada,Thriller,1999
6814,Beyond the Silent Island,Mystery,1980
6815,The Frozen Galaxy Case 10,Horror,2021
6816,The Code of Cairo,Animation,1976
6817,After Prague Chapter 6,Romance,2013
6818,Hidden Secret Part 7,Action,2016
6819,Inside the Endless Theater,Animation,2011
6820,Harbor Promise,Horror,2021
6821,Legend of Manila,Comedy,2003
6822,The Road of Tokyo,Crime,2003
6823,After Manila Chapter 7,Mystery,1975
6824,Return to Berlin,Thriller,2011
6825,Return to Tokyo,Crime,2017
6826,The Scarlet Island Case 10,Horror,1993
6827,The City of London,Sci-Fi,1971
6828,After Cairo Chapter 11,Romance,2004
6829,Secret River,Thriller,1997
6830,The Memory of Harbor,Thriller,1974
6831,Inside the Wild City,Mystery,2012
6832,Inside the Urban Archive,Action,2004
6833,Beyond the Scarlet Voyage,Adventure,1973
6834,After Venice Chapter 7,Adventure,1984
6835,Secret Theory Part 8,Horror,1998
6836,The Modern Garden Case 5,Fantasy,2005
6837,The Electric Ocean Case 2,Horror,2000
6838,Inside the Endless Signal,Animation,2026
6839,Night from Dublin,Horror,1976
6840,Inside the Bright Machine,Drama,1997
6841,The Lost Machine,Action,1991
6842,Ancient Road,Drama,1986
6843,Theater of Lisbon,Fantasy,1991
6844,Castle from Iceland,Horror,2018
6845,Return to Dublin,Adventure,1985
6846,Silent Carnival,Adventure,1991
6847,A Ancient Signal,Fantasy,2020
6848,Gentle Signal Part 11,Action,1997
6849,Golden Island Part 4,Romance,2002
6850,Return to London,Thriller,2007
6851,After Venice Chapter 4,Animation,1979
6852,After London Chapter 11,Adventure,2008
6853,Planet Theory Part 11,Action,1970
6854,Mars Memory,Mystery,2004
6855,Promise Theory Part 5,Animation,1978
6856,The Broken Storm Case 11,Horror,1996
6857,Before the First Heart,Sci-Fi,1991
6858,The Silver Forest,Adventure,1982
6859,The Legend of Sydney,Action,1985
6860,The Ocean of Manila,Comedy,1982
6861,A Golden Memory,Drama,1999
6862,The Royal Dream Case 9,Horror,2019
6863,A Scarlet Heart,Adventure,1972
6864,Inside the Burning City,Thriller,2008
6865,After Avalon Chapter 4,Crime,1992
6866,After Brooklyn Chapter 11,Animation,1988
6867,Storm from Cairo,Comedy,2001
6868,Beyond the Lost Voyage,Action,2013
6869,Return to Harbor,Crime,1992
6870,Promise from Berlin,Animation,2015
6871,Neon Garden,Drama,2026
6872,Inside the Secret Dream,Romance,2003
6873,After Atlantis Chapter 7,Comedy,2024
6874,The Carnival of Prague,Horror,2025
6875,Shadow Theory Part 6,Action,1986
6876,Silent Storm,Romance,2005
6877,Royal Signal,Fantasy,2023
6878,Machine of Mars,Thriller,2021
6879,The Scarlet Promise,Comedy,1986
6880,Inside the Last River,Thriller,1997
6881,A Ancient Night,Fantasy,1987
6882,Before the Scarlet Empire,Horror,1992
6883,Scarlet Train,Drama,2005
6884,A Electric Signal,Crime,1983
6885,After Mars Chapter 11,Action,2002
6886,Whisper Theory Part 4,Adventure,2005
6887,Beyond the Last Signal,Mystery,1982
6888,Before the Hidden Galaxy,Romance,2017
6889,After Nevada Chapter 8,Horror,2013
6890,Last Mirror Part 11,Comedy,2012
6891,The Road of Mars,Animation,2005
6892,Beyond the Savage City,Fantasy,1996
6893,Code Theory Part 9,Comedy,2022
6894,Beyond the Ancient Garden,Sci-Fi,1994
6895,After Iceland Chapter 10,Fantasy,1973
6896,Inside the Royal Horizon,Mystery,1977
6897,Before the Silent Legend,Crime,2008
6898,Silent Legend Part 11,Sci-Fi,1997
6899,Beyond the Fallen Island,Comedy,1998
6900,Beyond the Electric Signal,Animation,1973
6901,Inside the Final Machine,Thriller,2021
6902,Island Theory Part 10,Mystery,2003
6903,Return to Atlantis,Mystery,1990
6904,Before the Urban Castle,Comedy,2006
6905,Before the Lonely Legend,Crime,2025
6906,Voyage Theory Part 3,Animation,1975
6907,Inside the Last Empire,Drama,2000
6908,Beyond the Frozen Night,Romance,2002
6909,The Urban Shadow,Sci-Fi,2018
6910,Return to Paris,Thriller,1983
6911,Quantum Garden,Animation,1973
6912,Venice Mirror,Fantasy,1990
6913,Garden from Seoul,Crime,1979
6914,The Island of Dublin,Mystery,1980
6915,Mirror of Brooklyn,Drama,2006
6916,After Mars Chapter 7,Sci-Fi,2004
6917,After Boston Chapter 10,Horror,1976
6918,The Lonely Secret Case 6,Fantasy,1985
6919,The Midnight Shadow,Action,2009
6920,After Harbor Chapter 12,Mystery,2011
6921,Island of Sahara,Mystery,2020
6922,Machine Theory Part 2,Mystery,2017
6923,Before the Electric Carnival,Adventure,1976
6924,Havana Secret,Horror,2009
6925,Return to Atlantis,Thriller,2015
6926,Inside the Neon Code,Adventure,1985
6927,After Lisbon Chapter 4,Thriller,2021
6928,Shadow from Harbor,Crime,2025
6929,After Havana Chapter 2,Adventure,2004
6930,The Rising Night Case 9,Adventure,2005
6931,After Sydney Chapter 4,Fantasy,1973
6932,Beyond the Fallen Dream,Romance,1987
6933,Secret Theater Part 5,Animation,2013
6934,Legend from Brooklyn,Horror,2021
6935,Castle of Brooklyn,Thriller,1992
6936,Castle Theory Part 7,Fantasy,1997
6937,Silent Forest,Mystery,2016
6938,The Theater of Brooklyn,Crime,2024
6939,Return to Harbor,Romance,1986
6940,Castle of Mars,Sci-Fi,2012
6941,The Wild Whisper,Sci-Fi,2003
6942,Berlin Island,Romance,2018
6943,A Wild Empire,Action,1980
6944,Return to London,Romance,2007
6945,Fallen Secret Part 6,Sci-Fi,2009
6946,Beyond the Velvet Ocean,Mystery,2009
6947,A Scarlet Carnival,Adventure,2025
6948,Bridge Theory Part 12,Sci-Fi,2019
6949,The Fallen Legend Case 4,Mystery,2014
6950,London River,Crime,1982
6951,The Hidden Road,Fantasy,1990
6952,The City of Avalon,Animation,2006
6953,The Dark Empire,Fantasy,1984
6954,Before the Golden Castle,Mystery,2016
6955,A Crystal Carnival,Animation,1999
6956,Inside the Ancient Shadow,Crime,1998
6957,Silent Empire Part 3,Adventure,2005
6958,The Electric Castle,Fantasy,1974
6959,The Forest of Kyoto,Romance,1985
6960,After Seoul Chapter 6,Drama,2014
6961,Dark Mirror,Fantasy,2001
6962,Before the Endless Whisper,Drama,2006
6963,Tokyo Road,Mystery,2006
6964,The Modern Night,Fantasy,2008
6965,Train from Rome,Sci-Fi,2003
6966,Electric Island,Crime,1977
6967,Inside the Fallen Archive,Romance,2025
6968,Whisper from Harbor,Crime,2015
6969,The Last Secret,Fantasy,2023
6970,The Gentle Signal,Animation,2020
6971,Inside the Lost Dream,Adventure,1977
6972,The Golden Train Case 5,Action,2008
6973,Shadow from Nevada,Fantasy,2026
6974,Return to Tokyo,Drama,1974
6975,The Secret of Seoul,Animation,2001
6976,The Forest of Nevada,Fantasy,1985
6977,Road Theory Part 8,Fantasy,2022
6978,Manila Theater,Thriller,1989
6979,Castle Theory Part 8,Adventure,2006
6980,Gentle Island Part 10,Horror,2013
6981,Beyond the Quantum Forest,Comedy,1997
6982,The Velvet Machine Case 8,Fantasy,1972
6983,The Voyage of Avalon,Action,1996
6984,After Lisbon Chapter 11,Adventure,2006
6985,Before the Silent Garden,Animation,1973
6986,Havana Heart,Thriller,1971
6987,Beyond the Gentle Storm,Animation,2021
6988,Beyond the First City,Romance,2013
6989,Bridge of Paris,Romance,2005
6990,After Mars Chapter 7,Action,1971
6991,Frozen Shadow,Fantasy,2013
6992,A Hidden Planet,Animation,1977
6993,The Archive of Dublin,Action,2018
6994,After Havana Chapter 2,Horror,1987
6995,Velvet Secret Part 9,Action,2018
6996,Road Theory Part 2,Drama,2014
6997,A Savage Voyage,Thriller,1997
6998,The Machine of Rome,Drama,1987
6999,The Rising Legend Case 4,Mystery,2001
7000,Road from Lisbon,Drama,1991
7001,A Last Empire,Action,1976
7002,The Dark Archive Case 4,Romance,1976
7003,Garden from Kyoto,Action,1984
7004,Broken River,Animation,1979
7005,Signal of Rome,Romance,2021
7006,Empire of Lisbon,Horror,1971
7007,After Paris Chapter 11,Drama,1996
7008,After Atlantis Chapter 2,Adventure,2024
7009,Dark Heart,Action,1983
7010,Beyond the Midnight Planet,Romance,1987
7011,Tokyo City,Thriller,1994
7012,A Urban Empire,Animation,2021
7013,Castle Theory Part 10,Action,2016
7014,After Cairo Chapter 7,Thriller,2004
7015,Dublin River,Comedy,1986
7016,After Seoul Chapter 9,Fantasy,2023
7017,Boston Night,Horror,1970
7018,Wild Garden Part 9,Adventure,1971
7019,After Paris Chapter 8,Animation,1974
7020,Before the Rising Storm,Action,1993
7021,The Golden Mirror Case 3,Comedy,2009
7022,Harbor Voyage,Horror,2007
7023,Scarlet Shadow,Romance,2013
7024,Heart Theory Part 9,Action,1990
7025,Scarlet Promise Part 10,Sci-Fi,1976
7026,A Lonely Galaxy,Drama,1995
7027,Inside the Fallen Theater,Animation,2000
7028,Quantum Bridge Part 7,Drama,1975
7029,After Venice Chapter 11,Animation,1989
7030,Final Secret Part 12,Animation,1980
7031,Hidden Garden Part 6,Animation,1987
7032,River from Harbor,Horror,1994
7033,The Scarlet Road Case 4,Thriller,1977
7034,The Gentle Whisper Case 8,Drama,1985
7035,Secret Theory Part 2,Action,2017
7036,Gentle Castle,Horror,2019
7037,After Sahara Chapter 6,Adventure,2015
7038,A Electric Signal,Romance,1971
7039,The Hidden Night Case 4,Sci-Fi,1981
7040,Nevada Ocean,Comedy,1970
7041,The Crystal Galaxy Case 2,Drama,1992
7042,A Neon Theater,Drama,2026
7043,Machine of Harbor,Thriller,2006
7044,Before the Burning Shadow,Horror,2003
7045,A Hidden Island,Mystery,2011
7046,Return to Harbor,Fantasy,1972
7047,Boston Empire,Sci-Fi,1974
7048,After Avalon Chapter 7,Thriller,2014
7049,Shadow of Rome,Romance,2013
7050,Carnival from Lisbon,Fantasy,2004
7051,The Silver Heart,Comedy,2009
7052,Harbor Dream,Comedy,2024
7053,Galaxy Theory Part 9,Horror,1996
7054,Signal of Tokyo,Drama,2005
7055,Boston Heart,Crime,1988
7056,Theater of Sydney,Adventure,2025
7057,Horizon from Dublin,Adventure,2026
7058,The Final Heart Case 5,Fantasy,1974
7059,Nevada Promise,Thriller,2005
7060,After Harbor Chapter 9,Crime,1974
7061,The Night of Nevada,Adventure,2026
7062,Boston Ocean,Comedy,2013
7063,Return to Boston,Horror,1991
7064,Return to Rome,Romance,1985
7065,Memory from London,Fantasy,1975
7066,Beyond the Final Planet,Romance,2018
7067,Return to London,Action,1999
7068,The River of Harbor,Sci-Fi,1974
7069,Before the Royal City,Horror,2015
7070,Modern Carnival Part 11,Crime,2004
7071,Heart of Prague,Crime,2004
7072,Island from Prague,Crime,1999
7073,Inside the Quantum Train,Thriller,2009
7074,Bridge Theory Part 6,Mystery,1971
7075,Before the Final Legend,Comedy,1975
7076,A Frozen Voyage,Adventure,2020
7077,Road from Avalon,Comedy,1989
7078,Machine from Boston,Adventure,1973
7079,The Frozen Secret,Adventure,1987
7080,The Last Memory,Mystery,1972
7081,The Electric Theater Case 5,Sci-Fi,2016
7082,Before the Lost Road,Sci-Fi,1997
7083,The Royal Galaxy,Drama,2012
7084,The Planet of Berlin,Horror,2017
7085,The Lonely River Case 7,Action,2024
7086,The Broken Archive Case 9,Comedy,1982
7087,Beyond the Ancient Horizon,Sci-Fi,2005
7088,A Broken Promise,Adventure,1994
7089,The Scarlet Voyage Case 8,Sci-Fi,1985
7090,Velvet Theater,Mystery,2000
7091,The Gentle Memory Case 4,Drama,1992
7092,Return to Cairo,Mystery,1982
7093,Return to Rome,Comedy,2010
7094,Beyond the Rising Dream,Romance,2026
7095,A Final Archive,Animation,2020
7096,The Crystal Empire Case 2,Action,1997
7097,Archive from Seoul,Fantasy,1997
7098,Beyond the Ancient Theater,Thriller,2003
7099,After Nevada Chapter 5,Adventure,2020
7100,Return to Cairo,Thriller,1989
7101,Modern Storm Part 5,Crime,1993
7102,Before the Bright Train,Crime,2000
7103,Mirror of Venice,Mystery,1993
7104,Beyond the Midnight Ocean,Thriller,2012
7105,Neon Carnival,Adventure,2025
7106,The Secret of London,Thriller,2026
7107,Hidden Voyage,Animation,1999
7108,Before the First Legend,Drama,2011
7109,Beyond the Modern Legend,Fantasy,1976
7110,River Theory Part 8,Action,2016
7111,Ancient Archive,Comedy,1974
7112,A Broken Forest,Animation,2002
7113,Harbor Signal,Drama,2016
7114,After Dublin Chapter 9,Mystery,2009
7115,A Burning Galaxy,Animation,2011
7116,The Lonely Legend,Animation,2001
7117,The Midnight Machine Case 7,Animation,2018
7118,Hidden Carnival Part 6,Sci-Fi,2006
7119,Prague City,Mystery,1971
7120,The Velvet Garden,Action,1971
7121,Empire Theory Part 9,Animation,1982
7122,Machine Theory Part 3,Action,1973
7123,Before the Electric Archive,Comedy,1998
7124,A Fallen Island,Sci-Fi,2013
7125,Before the Bright Legend,Fantasy,2008
7126,Before the Frozen Forest,Romance,2001
7127,Horizon from Seoul,Romance,1979
7128,Fallen Whisper Part 5,Horror,2000
7129,The Final Mirror,Mystery,1973
7130,The Storm of Atlantis,Romance,1987
7131,Storm Theory Part 9,Mystery,1991
7132,The Last Empire,Thriller,2023
7133,Burning Mirror,Drama,2002
7134,After Venice Chapter 7,Comedy,1979
7135,Return to Sahara,Crime,1987
7136,Midnight Road,Thriller,2000
7137,Return to Brooklyn,Adventure,2011
7138,The Midnight Garden Case 12,Action,2015
7139,Inside the Lonely Promise,Mystery,2006
7140,Legend Theory Part 2,Adventure,1994
7141,The Electric Machine Case 7,Animation,2010
7142,Beyond the Urban River,Mystery,1984
7143,Inside the Burning Bridge,Horror,2000
7144,The Crystal Legend Case 9,Drama,2008
7145,Inside the Dark Memory,Animation,2013
7146,Before the Modern Heart,Sci-Fi,2021
7147,A Final Voyage,Action,1970
7148,Tokyo Island,Animation,1981
7149,After London Chapter 7,Animation,2009
7150,Golden River Part 8,Fantasy,2014
7151,The Hidden Memory Case 7,Comedy,1984
7152,A Frozen Promise,Fantasy,1971
7153,Quantum Mirror Part 5,Crime,1984
7154,Beyond the Quantum Storm,Animation,1998
7155,Castle of Prague,Fantasy,1973
7156,Bridge from Venice,Drama,1973
7157,Wild Promise,Thriller,1990
7158,Before the Rising Legend,Mystery,1979
7159,The Night of Sahara,Crime,1983
7160,The Archive of Manila,Horror,1976
7161,Crystal Garden,Crime,1983
7162,Ancient Carnival Part 9,Horror,1985
7163,Before the Final Signal,Adventure,1970
7164,Voyage of Nevada,Action,1984
7165,Ancient River,Fantasy,2014
7166,Hidden Code,Fantasy,1970
7167,Before the Midnight Galaxy,Sci-Fi,2016
7168,Beyond the Midnight Shadow,Animation,2012
7169,A First City,Adventure,2008
7170,Return to Sahara,Comedy,1979
7171,The Voyage of Kyoto,Thriller,1986
7172,Forest from Prague,Crime,2022
7173,Neon Shadow,Comedy,1975
7174,The Frozen Storm,Drama,1970
7175,Return to Rome,Mystery,1973
7176,A Bright Mirror,Horror,2016
7177,Bridge of Manila,Crime,1986
7178,Inside the Quantum Code,Animation,2015
7179,Return to Harbor,Romance,1999
7180,Voyage Theory Part 2,Drama,2009
7181,Before the Velvet Archive,Drama,1972
7182,A Golden Bridge,Comedy,1988
7183,Royal Legend,Comedy,2018
7184,After Boston Chapter 10,Romance,2013
7185,The Carnival of Lisbon,Drama,1992
7186,A Silver Secret,Animation,1974
7187,Return to Seoul,Romance,2009
7188,Return to Paris,Drama,1975
7189,The Archive of Dublin,Fantasy,1970
7190,Havana Archive,Action,1975
7191,The Midnight Code Case 5,Action,2001
7192,Silver Castle,Drama,2015
7193,Before the Secret Memory,Animation,1976
7194,Road Theory Part 3,Fantasy,1971
7195,A Neon Code,Drama,2008
7196,Crystal Whisper,Sci-Fi,2015
7197,Inside the Lonely Garden,Sci-Fi,1980
7198,Before the Burning Bridge,Fantasy,1975
7199,Train from Seoul,Mystery,2011
7200,Garden of Manila,Sci-Fi,1984
7201,Planet Theory Part 3,Action,1981
7202,Inside the Silent Memory,Adventure,2000
7203,Inside the Wild Voyage,Fantasy,1981
7204,Before the Bright Train,Horror,1970
7205,Code Theory Part 8,Adventure,2019
7206,Return to Havana,Adventure,2003
7207,River of Harbor,Thriller,2025
7208,Return to London,Thriller,2011
7209,Before the Secret Horizon,Sci-Fi,2012
7210,Cairo Legend,Horror,2013
7211,Atlantis Shadow,Drama,1980
7212,Return to London,Animation,1988
7213,Lonely Road,Fantasy,1986
7214,Final Island,Mystery,2018
7215,Heart Theory Part 9,Romance,1999
7216,The Broken Mirror,Drama,1988
7217,Before the Burning Theater,Drama,2018
7218,Train Theory Part 11,Sci-Fi,2020
7219,Before the Secret Bridge,Crime,2008
7220,Theater Theory Part 12,Fantasy,2014
7221,Lonely Horizon,Animation,1993
7222,Beyond the Endless City,Sci-Fi,2018
7223,A Golden Planet,Mystery,2009
7224,Inside the Lost Memory,Adventure,2003
7225,Return to Sahara,Action,2015
7226,Tokyo Archive,Sci-Fi,2002
7227,Beyond the Silent Dream,Mystery,1987
7228,A Hidden Horizon,Adventure,2010
7229,The Carnival of Havana,Animation,1999
7230,The Train of Lisbon,Sci-Fi,2017
7231,Return to Atlantis,Comedy,2005
7232,The Rising Ocean,Action,1999
7233,After Atlantis Chapter 9,Action,1989
7234,Heart Theory Part 7,Sci-Fi,2024
7235,A Bright Storm,Romance,1984
7236,Horizon of Lisbon,Thriller,1998
7237,Galaxy of Lisbon,Mystery,2012
7238,Beyond the Last Shadow,Action,2021
7239,After Venice Chapter 5,Adventure,1974
7240,The Rising Night,Drama,1999
7241,Return to Havana,Horror,1972
7242,London Planet,Fantasy,2020
7243,Inside the Scarlet River,Thriller,1990
7244,Island from Sydney,Crime,1971
7245,The Heart of Seoul,Mystery,2007
7246,After Rome Chapter 2,Adventure,2006
7247,The Velvet Code,Drama,1985
7248,Final Road Part 3,Sci-Fi,2004
7249,Before the Silent Train,Drama,1997
7250,The Mirror of Berlin,Animation,1996
7251,Broken Island Part 7,Sci-Fi,1998
7252,Empire from Lisbon,Drama,2011
7253,Secret Theory Part 9,Sci-Fi,1994
7254,Dark Night Part 5,Adventure,2006
7255,Signal from Kyoto,Thriller,2007
7256,Before the Fallen Horizon,Comedy,1990
7257,Archive Theory Part 7,Thriller,2025
7258,Return to Berlin,Mystery,1971
7259,The Rising Empire Case 10,Thriller,2016
7260,Endless Dream,Mystery,2012
7261,Theater Theory Part 2,Fantasy,1971
7262,The Savage Planet Case 6,Action,1980
7263,Brooklyn Legend,Drama,2017
7264,Before the Silent Theater,Crime,1988
7265,A Rising Signal,Sci-Fi,2020
7266,Castle from Rome,Thriller,2001
7267,The Machine of Seoul,Romance,2022
7268,The Rising Machine Case 2,Drama,2006
7269,Inside the Bright Mirror,Animation,1971
7270,Before the Endless Galaxy,Adventure,1976
7271,The Bright Road Case 5,Adventure,2024
7272,Lisbon Storm,Thriller,1980
7273,Return to Sahara,Fantasy,2020
7274,The Neon Planet Case 9,Horror,1990
7275,The Machine of Iceland,Sci-Fi,1973
7276,Promise from Iceland,Crime,2018
7277,Berlin Machine,Fantasy,1986
7278,Inside the Silent Garden,Crime,1993
7279,Return to Havana,Comedy,1970
7280,A Final Storm,Drama,2023
7281,The Silver Archive Case 5,Crime,1984
7282,Voyage Theory Part 4,Adventure,2003
7283,Crystal Voyage Part 9,Drama,1971
7284,A Royal City,Animation,2008
7285,The Lonely Code,Fantasy,1991
7286,After Nevada Chapter 7,Adventure,2009
7287,Beyond the Hidden Machine,Adventure,2011
7288,The Night of Sahara,Fantasy,2019
7289,After Nevada Chapter 5,Animation,1980
7290,The Velvet Island,Romance,2025
7291,River Theory Part 10,Animation,1986
7292,Return to Venice,Sci-Fi,2007
7293,First Promise,Sci-Fi,1973
7294,Hidden Storm Part 4,Fantasy,1987
7295,After Atlantis Chapter 6,Fantasy,1992
7296,The Lost Galaxy,Romance,2019
7297,Signal of Dublin,Comedy,1999
7298,The Voyage of Manila,Horror,2011
7299,Secret of Tokyo,Sci-Fi,1981
7300,The Silver Whisper Case 12,Adventure,1970
7301,Kyoto Train,Thriller,1997
7302,The Gentle Archive Case 5,Horror,1975
7303,The Savage Bridge Case 4,Thriller,1997
7304,Boston Garden,Thriller,2025
7305,London Memory,Sci-Fi,1985
7306,The Gentle Train,Action,1985
7307,After Sydney Chapter 9,Sci-Fi,1996
7308,Dublin Forest,Animation,1991
7309,Before the Quantum Garden,Animation,2002
7310,Return to Boston,Horror,1986
7311,Mars Train,Adventure,1991
7312,Bright Galaxy,Romance,1974
7313,Beyond the Neon Archive,Romance,1984
7314,Bright Castle Part 7,Fantasy,1990
7315,A Gentle River,Comedy,2017
7316,After Boston Chapter 10,Fantasy,2024
7317,The Island of Iceland,Action,2015
7318,The Final Memory Case 11,Adventure,1985
7319,The Legend of Berlin,Fantasy,2026
7320,The Golden Machine,Animation,1994
7321,Night from London,Thriller,2014
7322,The Secret Night Case 3,Crime,2009
7323,Beyond the Silver Memory,Animation,2014
7324,Inside the Rising Empire,Animation,1987
7325,Voyage from Cairo,Adventure,2004
7326,Inside the First Storm,Drama,2026
7327,Signal of Manila,Adventure,1975
7328,Code Theory Part 10,Animation,1986
7329,Rising Shadow,Drama,1985
7330,Inside the Lonely Planet,Mystery,2025
7331,Inside the Burning Island,Mystery,1976
7332,Beyond the Velvet Empire,Romance,2010
7333,The Legend of Mars,Fantasy,1976
7334,Road of Harbor,Horror,2008
7335,First Secret,Horror,1994
7336,The Whisper of Havana,Animation,2006
7337,Fallen Galaxy Part 8,Comedy,1977
7338,The Secret of Harbor,Horror,1990
7339,Velvet Theater,Fantasy,2006
7340,Voyage Theory Part 9,Action,1971
7341,Before the Silver Night,Sci-Fi,1993
7342,Garden from Lisbon,Comedy,1978
7343,After Harbor Chapter 11,Animation,2007
7344,Return to Iceland,Fantasy,2018
7345,After Prague Chapter 7,Romance,2025
7346,Hidden Road,Drama,1989
7347,The Silent Code,Drama,1986
7348,Before the First Empire,Fantasy,1989
7349,Brooklyn Storm,Crime,1996
7350,The Island of Cairo,Comedy,1982
7351,The Hidden Archive Case 7,Action,2001
7352,Broken Storm,Adventure,2000
7353,Before the Secret Galaxy,Sci-Fi,2020
7354,Berlin Mirror,Mystery,2016
7355,The Royal Dream,Crime,2003
7356,Beyond the Bright Galaxy,Sci-Fi,1978
7357,Urban Forest Part 6,Adventure,1989
7358,Mirror from Berlin,Horror,2020
7359,Before the Savage Heart,Romance,2018
7360,A Lonely Promise,Animation,1976
7361,Before the Modern Dream,Mystery,2007
7362,Mirror from Iceland,Adventure,2001
7363,Before the Final Legend,Drama,1998
7364,Before the Fallen Planet,Mystery,1984
7365,After Lisbon Chapter 10,Adventure,1978
7366,A Endless Empire,Mystery,1999
7367,First Whisper Part 2,Animation,2003
7368,The Broken Code Case 7,Horror,1974
7369,The Fallen Horizon,Romance,2015
7370,Machine from Dublin,Thriller,1991
7371,Before the Burning Empire,Romance,2023
7372,The Shadow of Tokyo,Mystery,1990
7373,Ancient Machine Part 11,Romance,1998
7374,Endless Dream,Action,2012
7375,Cairo Machine,Sci-Fi,2005
7376,Beyond the Last Bridge,Sci-Fi,1972
7377,Inside the Quantum Carnival,Adventure,1993
7378,Secret Carnival Part 4,Animation,2005
7379,Inside the Urban Signal,Thriller,2011
7380,Code Theory Part 5,Fantasy,2003
7381,Return to Sahara,Comedy,2022
7382,Archive of Mars,Romance,1986
7383,Berlin Code,Thriller,1980
7384,After Cairo Chapter 8,Crime,2007
7385,Theater Theory Part 8,Fantasy,1986
7386,Crystal Memory Part 4,Romance,1980
7387,Midnight Bridge Part 11,Animation,2016
7388,Before the Rising City,Adventure,2017
7389,The Promise of Paris,Crime,1988
7390,Secret of Boston,Animation,2000
7391,Voyage from Rome,Horror,2009
7392,Before the Scarlet River,Comedy,1994
7393,Legend Theory Part 9,Action,1991
7394,The Frozen Theater,Adventure,2002
7395,The Urban Night,Sci-Fi,2012
7396,Inside the Broken Mirror,Action,1999
7397,Last Machine,Fantasy,1975
7398,Before the Lost Road,Drama,1992
7399,Seoul City,Thriller,2020
7400,After Kyoto Chapter 8,Mystery,2018
7401,A First Archive,Animation,1984
7402,Train of Atlantis,Horror,1984
7403,Before the Final Road,Drama,2009
7404,After Avalon Chapter 7,Horror,1982
7405,A Ancient City,Sci-Fi,2019
7406,Memory Theory Part 3,Mystery,2014
7407,The Silent Horizon Case 2,Crime,1972
7408,Inside the Last Horizon,Fantasy,1982
7409,Dream of Paris,Action,1999
7410,The Silent Voyage Case 10,Adventure,1995
7411,Before the Electric Dream,Animation,1994
7412,After Dublin Chapter 2,Animation,2000
7413,After Berlin Chapter 5,Animation,1973
7414,Shadow Theory Part 2,Horror,1977
7415,The Last Whisper Case 11,Mystery,1974
7416,Before the Last Night,Mystery,2011
7417,A Electric Carnival,Action,1983
7418,Before the Silver Storm,Mystery,2005
7419,Lisbon Garden,Thriller,2020
7420,After Brooklyn Chapter 3,Thriller,1995
7421,A Neon Castle,Thriller,2010
7422,The Velvet Legend Case 8,Thriller,1980
7423,Return to London,Mystery,1976
7424,The Quantum Carnival,Comedy,2015
7425,Return to Avalon,Comedy,1971
7426,Inside the Lost Whisper,Fantasy,1991
7427,The Gentle Dream Case 9,Thriller,1982
7428,Crystal Whisper,Comedy,1979
7429,Before the Lonely Road,Animation,1975
7430,The Frozen Night Case 2,Romance,2000
7431,The Silver City,Mystery,1991
7432,Storm of Seoul,Crime,2010
7433,Code of Sahara,Action,2016
7434,Royal Storm,Animation,2003
7435,Road Theory Part 12,Adventure,1983
7436,Avalon Ocean,Drama,2005
7437,The Galaxy of Brooklyn,Animation,2007
7438,The Quantum City Case 2,Horror,2023
7439,Forest Theory Part 5,Romance,1970
7440,Beyond the Final Voyage,Sci-Fi,1999
7441,Legend Theory Part 9,Crime,2008
7442,Inside the Fallen River,Crime,1973
7443,Mirror from Boston,Sci-Fi,1976
7444,Before the Urban Whisper,Horror,2016
7445,River Theory Part 5,Action,2003
7446,The Dream of Prague,Mystery,2026
7447,Return to Lisbon,Adventure,2006
7448,Inside the Velvet Theater,Thriller,2024
7449,Inside the Quantum Night,Thriller,1984
7450,The Final Mirror,Animation,1972
7451,Return to Tokyo,Sci-Fi,1970
7452,A Frozen Galaxy,Sci-Fi,2001
7453,A Crystal Island,Animation,1983
7454,Secret Signal Part 6,Action,1974
7455,A Scarlet Island,Horror,2007
7456,Carnival Theory Part 9,Sci-Fi,2007
7457,Beyond the Broken Ocean,Romance,2015
7458,Endless Garden Part 5,Drama,1992
7459,Before the Fallen Garden,Mystery,1999
7460,Beyond the Gentle Empire,Adventure,1998
7461,Code from Cairo,Romance,1981
7462,Nevada Road,Horror,1974
7463,The Mirror of Havana,Adventure,2026
7464,Beyond the Bright Island,Mystery,1997
7465,A Golden Dream,Comedy,1996
7466,The Endless Shadow Case 9,Crime,1972
7467,Royal Empire,Comedy,1984
7468,Inside the Gentle Forest,Adventure,2025
7469,The Electric Theater,Drama,2023
7470,Lisbon Machine,Animation,1988
7471,Beyond the Broken Carnival,Thriller,2023
7472,Beyond the Golden Horizon,Romance,1998
7473,After Prague Chapter 8,Crime,2011
7474,Voyage Theory Part 6,Action,2000
7475,The Quantum Whisper Case 3,Thriller,2014
7476,The Velvet Garden Case 12,Drama,2018
7477,Royal Empire,Mystery,1981
7478,The Voyage of Paris,Animation,2025
7479,Voyage Theory Part 5,Horror,1973
7480,A Midnight Bridge,Thriller,1995
7481,Secret of Boston,Animation,2008
7482,Code of Harbor,Drama,1975
7483,Scarlet Forest Part 4,Comedy,1979
7484,The Silver Heart,Sci-Fi,2016
7485,Return to Tokyo,Horror,2008
7486,Archive of Iceland,Crime,2017
7487,After Atlantis Chapter 9,Horror,1982
7488,Theater Theory Part 3,Animation,1991
7489,The Urban Ocean,Animation,2007
7490,Island Theory Part 9,Horror,2021
7491,The Secret of Rome,Action,1979
7492,The Theater of Lisbon,Animation,2021
7493,Return to Tokyo,Horror,1992
7494,The Crystal River Case 6,Sci-Fi,2010
7495,Night of Cairo,Crime,2020
7496,The Train of Berlin,Fantasy,1991
7497,Dark Forest,Action,2008
7498,Boston Code,Comedy,2018
7499,The Scarlet Road,Fantasy,1970
7500,The Night of Paris,Adventure,2025
7501,The City of Harbor,Romance,1987
7502,Planet of Harbor,Adventure,2018
7503,Before the Lonely Forest,Comedy,1992
7504,A Crystal Night,Fantasy,1994
7505,Before the Last Horizon,Adventure,1987
7506,Return to Cairo,Romance,1998
7507,The Forest of Havana,Animation,2022
7508,After Dublin Chapter 12,Crime,2015
7509,Inside the Modern Whisper,Animation,2005
7510,Train from Brooklyn,Animation,1986
7511,Beyond the First Dream,Action,2025
7512,Horizon from Tokyo,Sci-Fi,2000
7513,The Garden of Nevada,Fantasy,2025
7514,Shadow from Seoul,Comedy,2001
7515,Sahara Train,Crime,1988
7516,A Final Shadow,Comedy,2021
7517,The Modern City Case 11,Action,1973
7518,Secret Dream,Action,1992
7519,The Urban Legend,Horror,2017
7520,A Wild Forest,Comedy,1997
7521,The Velvet Mirror Case 6,Fantasy,1985
7522,Gentle Carnival,Action,2022
7523,Machine of Dublin,Action,2023
7524,The Heart of Prague,Action,1992
7525,Lost Code,Crime,1987
7526,Carnival from Iceland,Crime,2002
7527,Island of Lisbon,Adventure,2021
7528,The Horizon of Dublin,Drama,1973
7529,Inside the Last Voyage,Sci-Fi,1989
7530,The Frozen Carnival Case 7,Adventure,1995
7531,After Brooklyn Chapter 10,Thriller,2022
7532,Inside the Quantum Carnival,Drama,1993
7533,Inside the Golden Planet,Mystery,1972
7534,The Ancient Night,Thriller,1987
7535,The Final Carnival Case 5,Thriller,2015
7536,Return to Venice,Adventure,2018
7537,The Velvet Train Case 5,Comedy,2014
7538,The Silent Train Case 5,Horror,1973
7539,The Fallen Horizon Case 8,Horror,2011
7540,Before the Royal Horizon,Animation,2021
7541,The Electric Heart,Animation,1980
7542,Return to Mars,Mystery,1995
7543,After Boston Chapter 5,Sci-Fi,2012
7544,Return to Sahara,Romance,1994
7545,A First River,Action,2007
7546,The Island of Prague,Thriller,2010
7547,Rome Shadow,Action,2018
7548,The Scarlet Garden,Comedy,1990
7549,Castle from Lisbon,Thriller,2002
7550,A Bright Storm,Romance,1974
7551,The Secret Castle Case 12,Drama,1999
7552,Venice Code,Sci-Fi,1985
7553,Garden of Dublin,Romance,2006
7554,River of Manila,Action,1986
7555,Beyond the Urban Road,Fantasy,1999
7556,Neon Heart Part 4,Fantasy,2016
7557,River of Sahara,Action,2024
7558,Theater Theory Part 5,Action,2023
7559,Garden Theory Part 10,Mystery,1992
7560,Beyond the Burning Archive,Adventure,1976
7561,The Legend of Rome,Crime,1993
7562,Golden Horizon Part 6,Adventure,1975
7563,The Legend of Avalon,Thriller,2014
7564,Promise Theory Part 5,Thriller,2023
7565,River Theory Part 10,Animation,2000
7566,The Fallen Theater,Comedy,1984
7567,First Bridge Part 2,Mystery,1991
7568,The Endless Signal Case 7,Comedy,2017
7569,Modern Ocean Part 10,Animation,2022
7570,Return to Lisbon,Fantasy,1986
7571,Modern Night,Horror,2015
7572,Before the Lost Carnival,Thriller,2022
7573,Shadow of Rome,Thriller,2023
7574,The Electric Storm Case 9,Horror,1994
7575,The Broken Dream,Sci-Fi,1979
7576,Lost Train Part 8,Sci-Fi,1978
7577,The First Night,Horror,2011
7578,The Memory of Nevada,Animation,1978
7579,Before the Rising Planet,Mystery,1985
7580,Legend of Iceland,Drama,1997
7581,After Nevada Chapter 4,Animation,2021
7582,Garden Theory Part 7,Sci-Fi,2012
7583,After Boston Chapter 11,Romance,1987
7584,The Electric Mirror Case 9,Comedy,2001
7585,The Voyage of Venice,Romance,1972
7586,The Legend of Cairo,Animation,1993
7587,The First Island Case 6,Sci-Fi,1976
7588,Final Forest Part 7,Adventure,1980
7589,Modern River,Animation,1997
7590,Empire from Cairo,Fantasy,2013
7591,The Night of Brooklyn,Fantasy,2013
7592,The Crystal Train Case 12,Adventure,1997
7593,Signal of Lisbon,Comedy,2000
7594,Wild Memory,Horror,1999
7595,Seoul Signal,Drama,2000
7596,Beyond the Final Castle,Drama,1982
7597,The Silent Night Case 2,Adventure,1984
7598,Final Forest Part 2,Crime,1995
7599,After Prague Chapter 3,Horror,2009
7600,Return to Kyoto,Thriller,1981
7601,Inside the Urban Shadow,Drama,1983
7602,Promise Theory Part 10,Horror,2021
7603,Carnival Theory Part 5,Comedy,2013
7604,The Mirror of Prague,Animation,1986
7605,City from Manila,Comedy,1981
7606,Inside the Endless Train,Sci-Fi,1985
7607,A Urban Shadow,Comedy,1975
7608,After Brooklyn Chapter 7,Adventure,2016
7609,A Crystal Night,Thriller,1983
7610,The Legend of Nevada,Action,2017
7611,Silver River,Romance,2018
7612,After Nevada Chapter 8,Thriller,1978
7613,Forest of Sydney,Fantasy,1991
7614,Galaxy from Nevada,Mystery,2023
7615,Dream from Dublin,Romance,2010
7616,Before the First Forest,Comedy,1993
7617,Beyond the Electric Castle,Crime,2010
7618,Inside the Golden Horizon,Thriller,1976
7619,The Hidden Legend,Animation,2003
7620,Inside the Modern Promise,Mystery,1994
7621,Beyond the Scarlet Storm,Fantasy,1986
7622,The Signal of Manila,Adventure,1991
7623,Savage Garden Part 12,Romance,2000
7624,Inside the Ancient Legend,Sci-Fi,1994
7625,After Paris Chapter 7,Crime,2025
7626,Horizon of Avalon,Action,1977
7627,The Electric Train Case 6,Fantasy,2006
7628,Storm Theory Part 4,Sci-Fi,2026
7629,The Royal Bridge,Comedy,2011
7630,Dream from Atlantis,Fantasy,1994
7631,River from Seoul,Mystery,2009
7632,A Electric Heart,Crime,1997
7633,Inside the Savage Horizon,Mystery,1984
7634,The Heart of Cairo,Fantasy,1997
7635,The Frozen Night Case 11,Thriller,1998
7636,Berlin Train,Sci-Fi,1988
7637,Bridge from Seoul,Crime,1974
7638,The Forest of Cairo,Mystery,1990
7639,Return to Avalon,Mystery,2005
7640,Island from Prague,Romance,1991
7641,Garden from Avalon,Horror,1986
7642,River from Manila,Fantasy,2008
7643,Return to Harbor,Horror,2018
7644,Return to Dublin,Drama,2026
7645,Inside the Endless City,Horror,2024
7646,A Velvet Island,Thriller,2018
7647,Atlantis Legend,Action,1971
7648,Island Theory Part 6,Comedy,1997
7649,Voyage Theory Part 4,Action,2026
7650,A Wild Machine,Romance,1997
7651,Return to Havana,Horror,2017
7652,Before the First Bridge,Animation,1996
7653,Dream Theory Part 5,Animation,2009
7654,The Frozen Planet Case 2,Romance,2003
7655,After Boston Chapter 4,Adventure,2012
7656,Endless Whisper,Fantasy,2007
7657,Frozen Storm,Crime,1978
7658,First Castle Part 5,Comedy,1980
7659,Tokyo Secret,Fantasy,1987
7660,After Harbor Chapter 2,Sci-Fi,1971
7661,The Bright Bridge Case 4,Crime,1986
7662,Neon City,Comedy,2013
7663,Brooklyn Voyage,Thriller,1991
7664,Before the Last Galaxy,Fantasy,1981
7665,Before the Bright Castle,Mystery,1973
7666,Castle from Boston,Action,2020
7667,Hidden Empire Part 2,Romance,2022
7668,Inside the Secret Memory,Fantasy,2003
7669,Inside the Broken Road,Thriller,2008
7670,Inside the Neon Horizon,Crime,2007
7671,Fallen Empire,Mystery,2015
7672,Modern Castle Part 10,Crime,2021
7673,After Sahara Chapter 7,Thriller,1997
7674,The Urban Train,Crime,1996
7675,Return to Lisbon,Adventure,1981
7676,Beyond the Electric Dream,Comedy,1999
7677,Broken River,Horror,1986
7678,River Theory Part 11,Animation,2006
7679,The Fallen Train,Drama,2020
7680,Memory of Avalon,Comedy,2009
7681,The Dark Planet,Romance,2013
7682,The Hidden Archive Case 10,Drama,2015
7683,The Empire of Mars,Sci-Fi,1996
7684,Scarlet Archive Part 4,Romance,2012
7685,After Venice Chapter 5,Romance,1980
7686,Last Bridge Part 10,Adventure,2001
7687,Rome Shadow,Mystery,2016
7688,Inside the Velvet Galaxy,Drama,2007
7689,River from Boston,Adventure,2012
7690,Before the Burning Code,Sci-Fi,1984
7691,Royal Planet,Fantasy,1988
7692,After Sahara Chapter 8,Fantasy,1998
7693,The Night of Atlantis,Thriller,1971
7694,Ocean Theory Part 10,Mystery,1971
7695,Return to London,Horror,1974
7696,Inside the Burning Island,Crime,2015
7697,Before the Scarlet Secret,Horror,2017
7698,Road Theory Part 10,Fantasy,1989
7699,Inside the Velvet Planet,Mystery,2021
7700,Return to Prague,Horror,2019
7701,A First Train,Mystery,2017
7702,Return to Tokyo,Mystery,2026
7703,A Lonely Road,Adventure,2004
7704,Archive from Tokyo,Horror,1982
7705,The Savage Theater Case 11,Adventure,1992
7706,Return to Avalon,Thriller,2019
7707,Forest from Iceland,Adventure,2009
7708,A Hidden Storm,Thriller,2024
7709,The Dream of Nevada,Horror,2020
7710,A Final Mirror,Crime,2026
7711,After Rome Chapter 8,Mystery,2024
7712,Return to Sydney,Mystery,1989
7713,Inside the Savage City,Crime,1994
7714,Mars Secret,Sci-Fi,2010
7715,Before the Dark Island,Romance,1974
7716,Return to Paris,Drama,2012
7717,The Secret Ocean Case 3,Mystery,1970
7718,Return to Berlin,Crime,1994
7719,A Scarlet Heart,Action,2024
7720,Wild City Part 2,Romance,1982
7721,Before the Hidden City,Thriller,1970
7722,The Dream of Prague,Drama,2019
7723,Beyond the Crystal Galaxy,Horror,2012
7724,A Crystal Garden,Mystery,1971
7725,The Bright Legend,Mystery,1976
7726,Shadow from Boston,Romance,2001
7727,Paris Galaxy,Horror,1999
7728,Inside the Bright Shadow,Mystery,1979
7729,Beyond the Broken Dream,Romance,2014
7730,A Golden Empire,Animation,2002
7731,Secret of Seoul,Comedy,1993
7732,A Secret Storm,Comedy,2016
7733,Code from London,Fantasy,2001
7734,Return to Berlin,Thriller,1996
7735,Before the First Whisper,Horror,2007
7736,Return to Kyoto,Adventure,1971
7737,Before the Crystal Mirror,Fantasy,1983
7738,Inside the Silent Machine,Crime,1983
7739,Return to London,Drama,1983
7740,Beyond the First Galaxy,Action,1990
7741,A Crystal Archive,Crime,2026
7742,Inside the Lost Castle,Romance,1979
7743,A Quantum Storm,Crime,2017
7744,Ancient Heart,Action,1977
7745,Return to London,Sci-Fi,1996
7746,Whisper of Boston,Mystery,2004
7747,Nevada Memory,Drama,1975
7748,Silver Promise,Mystery,1972
7749,Road from Brooklyn,Action,2024
7750,Before the First Promise,Crime,1974
7751,Paris Castle,Romance,2002
7752,The Frozen Machine,Crime,1976
7753,Carnival of Prague,Sci-Fi,1971
7754,Before the Modern Garden,Animation,1997
7755,The Memory of Lisbon,Drama,2026
7756,Beyond the Lonely Ocean,Thriller,1986
7757,Island Theory Part 4,Drama,1981
7758,Last Archive,Comedy,1985
7759,Return to Sydney,Action,1978
7760,Before the First Horizon,Romance,2018
7761,A Silent Empire,Mystery,1992
7762,The Frozen Code Case 7,Animation,1977
7763,Return to Prague,Mystery,1977
7764,Machine Theory Part 10,Horror,2017
7765,A Hidden Whisper,Crime,2011
7766,Island Theory Part 10,Horror,1987
7767,Inside the Bright Castle,Romance,2023
7768,Silent Heart Part 11,Romance,2012
7769,Electric Horizon Part 2,Sci-Fi,2018
7770,Endless Archive Part 11,Thriller,1991
7771,Ancient Mirror Part 9,Action,1986
7772,Machine Theory Part 8,Thriller,2005
7773,Road of Berlin,Horror,1998
7774,The Wild Code Case 5,Animation,1985
7775,Code Theory Part 12,Sci-Fi,1995
7776,Return to Avalon,Romance,1979
7777,Machine of Brooklyn,Crime,2006
7778,Neon Forest Part 4,Fantasy,1998
7779,Rising City Part 5,Action,1980
7780,Island Theory Part 6,Romance,1993
7781,Cairo Promise,Animation,1986
7782,The Lonely Mirror Case 2,Mystery,1977
7783,Golden Night,Mystery,2026
7784,After Iceland Chapter 12,Horror,1997
7785,Electric Castle Part 6,Adventure,1998
7786,Return to Brooklyn,Mystery,1987
7787,Voyage of Avalon,Crime,2003
7788,The Secret Shadow Case 12,Horror,1979
7789,Inside the Endless Whisper,Animation,1993
7790,Beyond the Last Train,Action,1999
7791,Before the Velvet River,Drama,2010
7792,City from Seoul,Crime,2023
7793,Before the Electric Theater,Romance,1988
7794,A Bright Castle,Comedy,1983
7795,Before the Lonely Mirror,Horror,1970
7796,Brooklyn Galaxy,Crime,1973
7797,After Seoul Chapter 8,Thriller,2000
7798,Ocean Theory Part 9,Animation,1998
7799,Night of Paris,Crime,1998
7800,Return to Nevada,Sci-Fi,2022
7801,Ancient Galaxy Part 4,Adventure,2009
7802,Boston Bridge,Romance,2006
7803,Theater Theory Part 3,Horror,1988
7804,Return to Paris,Horror,1975
7805,After Cairo Chapter 3,Drama,1989
7806,Storm Theory Part 11,Horror,1986
7807,Wild Bridge Part 11,Adventure,2002
7808,The Crystal Shadow Case 9,Crime,2000
7809,The Frozen Horizon Case 12,Drama,2022
7810,Boston Memory,Drama,1976
7811,After London Chapter 12,Sci-Fi,2022
7812,The Frozen Storm,Animation,1991
7813,Before the Lonely Storm,Horror,2024
7814,The Royal Planet,Crime,2007
7815,Before the Midnight Shadow,Fantasy,1999
7816,The Urban Empire Case 12,Drama,2007
7817,The Last Memory Case 11,Horror,2025
7818,City of Berlin,Adventure,2020
7819,The Midnight Theater Case 7,Thriller,1986
7820,After Sydney Chapter 6,Crime,1990
7821,Legend Theory Part 4,Sci-Fi,2014
7822,Bridge from Avalon,Animation,1986
7823,Beyond the Modern Horizon,Adventure,2005
7824,A Savage Horizon,Mystery,2020
7825,Burning Secret Part 8,Adventure,1988
7826,Theater from Berlin,Sci-Fi,1993
7827,Inside the Secret Garden,Romance,2021
7828,Heart of Lisbon,Adventure,1988
7829,The Final Forest,Crime,2020
7830,Planet from Lisbon,Mystery,2000
7831,The Code of Venice,Action,1972
7832,Crystal Train Part 4,Crime,1977
7833,Before the Burning Ocean,Mystery,1971
7834,Before the Fallen Night,Animation,1998
7835,The Island of Dublin,Horror,2007
7836,After Tokyo Chapter 4,Crime,2021
7837,A Velvet Voyage,Thriller,2016
7838,A Silver Mirror,Sci-Fi,2001
7839,Planet from Seoul,Adventure,1977
7840,Gentle Carnival,Crime,1996
7841,Return to Kyoto,Sci-Fi,1983
7842,Whisper from Harbor,Action,1992
7843,Inside the Final Garden,Animation,2002
7844,Before the Crystal Machine,Sci-Fi,1991
7845,After Boston Chapter 5,Action,2016
7846,River Theory Part 5,Adventure,1989
7847,Mirror of Manila,Sci-Fi,2013
7848,Return to Berlin,Sci-Fi,1977
7849,Inside the Fallen Forest,Romance,2004
7850,A Scarlet Whisper,Adventure,1994
7851,Golden Legend Part 9,Thriller,2004
7852,Inside the First Heart,Adventure,2013
7853,The Bridge of Venice,Fantasy,2000
7854,Hidden Memory,Fantasy,2010
7855,The Heart of Berlin,Comedy,1972
7856,Beyond the Lost Machine,Animation,2017
7857,Return to Kyoto,Sci-Fi,2022
7858,Memory from Atlantis,Sci-Fi,2000
7859,After Cairo Chapter 5,Adventure,1983
7860,After Brooklyn Chapter 12,Fantasy,2012
7861,The First Theater Case 9,Action,1991
7862,Shadow Theory Part 12,Animation,2012
7863,Gentle Horizon Part 2,Romance,1982
7864,Legend of Dublin,Drama,2014
7865,Scarlet Train Part 12,Comedy,1995
7866,The Fallen Forest,Comedy,2002
7867,After Seoul Chapter 3,Comedy,2017
7868,First Shadow,Drama,1982
7869,Harbor Mirror,Adventure,1995
7870,Beyond the Bright Island,Comedy,1988
7871,Inside the Final Secret,Action,2026
7872,Before the Neon Storm,Crime,1994
7873,Castle of London,Comedy,2022
7874,Broken Dream Part 2,Romance,2018
7875,Beyond the Scarlet Heart,Comedy,2002
7876,City Theory Part 11,Adventure,1998
7877,Atlantis Signal,Comedy,2005
7878,The Carnival of Paris,Crime,1977
7879,A Lost Ocean,Comedy,2018
7880,Empire of Cairo,Animation,2001
7881,Carnival Theory Part 9,Mystery,2017
7882,Beyond the Velvet Legend,Comedy,2023
7883,Frozen City Part 2,Action,1994
7884,Beyond the Quantum Memory,Animation,2015
7885,Silver Bridge Part 11,Thriller,1972
7886,A Velvet Night,Romance,1972
7887,Inside the Midnight River,Fantasy,2008
7888,Inside the Neon Shadow,Comedy,1975
7889,Forest Theory Part 4,Horror,2023
7890,The Urban Storm,Fantasy,1991
7891,A Frozen City,Comedy,1976
7892,Before the Electric Memory,Fantasy,2018
7893,Shadow Theory Part 11,Thriller,2000
7894,A First Forest,Horror,2003
7895,Royal Whisper,Animation,1971
7896,The Last Mirror Case 4,Crime,2023
7897,River from Sydney,Adventure,2016
7898,Ancient River,Comedy,1996
7899,The Frozen Legend,Adventure,1986
7900,A Secret Carnival,Crime,2021
7901,The Code of Cairo,Comedy,2009
7902,Inside the Silver Empire,Mystery,2005
7903,Return to Sahara,Sci-Fi,1998
7904,A Hidden Shadow,Crime,2010
7905,Inside the Wild Shadow,Drama,2001
7906,Return to Prague,Romance,2001
7907,A Broken River,Drama,2020
7908,Planet Theory Part 6,Drama,2007
7909,The Dark River Case 5,Adventure,1993
7910,After Sahara Chapter 5,Drama,2008
7911,Planet from Prague,Fantasy,2007
7912,Before the Crystal Heart,Animation,1998
7913,Return to Dublin,Crime,1990
7914,Before the Quantum Ocean,Thriller,1978
7915,Night from Brooklyn,Horror,1997
7916,Silent Archive,Sci-Fi,1970
7917,Signal from Tokyo,Thriller,2006
7918,Empire from Mars,Adventure,2004
7919,The Endless Bridge Case 5,Horror,2000
7920,The Scarlet River,Horror,1984
7921,The Empire of Nevada,Comedy,2020
7922,Before the Velvet Code,Animation,2025
7923,Voyage from Iceland,Crime,1994
7924,Memory from Berlin,Thriller,2015
7925,Whisper of Tokyo,Thriller,1989
7926,Return to Seoul,Thriller,2000
7927,After Rome Chapter 12,Animation,1987
7928,Beyond the Golden Night,Romance,2026
7929,A Quantum Promise,Mystery,2008
7930,After Paris Chapter 3,Sci-Fi,1979
7931,Voyage of Boston,Comedy,2008
7932,Train Theory Part 11,Thriller,2024
7933,The Burning Memory Case 2,Fantasy,1989
7934,Castle Theory Part 11,Sci-Fi,1982
7935,Horizon of Sahara,Adventure,1973
7936,Lisbon Train,Thriller,1989
7937,Lost Forest,Drama,1975
7938,After Boston Chapter 9,Action,2007
7939,Before the Lonely Machine,Romance,2023
7940,Beyond the Rising Promise,Adventure,2017
7941,Planet of Seoul,Mystery,1999
7942,Modern Mirror,Adventure,2000
7943,After London Chapter 4,Adventure,2008
7944,Cairo Galaxy,Comedy,2017
7945,A Burning Castle,Drama,2007
7946,The Crystal Planet Case 5,Crime,2001
7947,Beyond the First Theater,Drama,1989
7948,Mirror from Cairo,Comedy,1993
7949,Before the Ancient Heart,Romance,2011
7950,A Golden Forest,Comedy,2022
7951,Inside the Modern River,Crime,2012
7952,The Modern Garden,Comedy,1997
7953,The Rising Promise Case 12,Crime,1971
7954,Beyond the Bright Shadow,Comedy,2009
7955,Beyond the Velvet Forest,Animation,1973
7956,Return to Manila,Fantasy,1981
7957,Before the Dark River,Sci-Fi,2004
7958,The Theater of Kyoto,Adventure,2003
7959,After Prague Chapter 4,Horror,2024
7960,Return to Kyoto,Action,2024
7961,The Crystal Voyage Case 5,Action,2015
7962,Rome Road,Mystery,2021
7963,Before the Ancient River,Action,1974
7964,The Hidden Galaxy,Comedy,2006
7965,Mirror of Kyoto,Adventure,2007
7966,Beyond the Ancient Secret,Thriller,2003
7967,A Secret River,Horror,1983
7968,After Avalon Chapter 3,Fantasy,1992
7969,The Hidden Castle,Fantasy,2014
7970,A Final Voyage,Horror,1988
7971,Return to Berlin,Horror,2011
7972,Inside the Royal Mirror,Horror,2017
7973,Inside the Electric Machine,Animation,2011
7974,Inside the Rising City,Thriller,2005
7975,The Quantum Theater,Adventure,1990
7976,Inside the Modern Night,Animation,1977
7977,A Crystal City,Romance,1973
7978,Archive of Dublin,Animation,1997
7979,Before the Ancient Whisper,Thriller,1983
7980,Voyage Theory Part 10,Crime,1987
7981,Theater from Seoul,Fantasy,2001
7982,Boston Archive,Horror,1991
7983,The Silver Carnival Case 11,Comedy,1970
7984,Promise Theory Part 11,Sci-Fi,2002
7985,Brooklyn Whisper,Comedy,2016
7986,The Whisper of Dublin,Action,2023
7987,The Crystal Promise Case 8,Action,2026
7988,Return to Dublin,Sci-Fi,2002
7989,Return to Avalon,Action,2003
7990,Neon Castle,Drama,2018
7991,Beyond the Final Night,Drama,1990
7992,After Avalon Chapter 6,Drama,2024
7993,The Final Night,Sci-Fi,1972
7994,Theater from Tokyo,Sci-Fi,2019
7995,Road Theory Part 5,Horror,2017
7996,Royal Road,Animation,1971
7997,Inside the Quantum Promise,Crime,2006
7998,Before the Wild Castle,Mystery,1981
7999,Before the Wild City,Crime,1980
8000,Bridge from Dublin,Thriller,1987
8001,After Prague Chapter 11,Animation,1990
8002,After Brooklyn Chapter 2,Action,2006
8003,Last Garden Part 2,Drama,2013
8004,Forest of Havana,Mystery,1972
8005,Tokyo Mirror,Animation,1999
8006,Machine of Dublin,Sci-Fi,1996
8007,The Forest of Tokyo,Sci-Fi,2002
8008,Paris Signal,Drama,1998
8009,Promise of Berlin,Action,2003
8010,Voyage Theory Part 5,Mystery,1995
8011,The Electric Whisper Case 9,Animation,1971
8012,The Theater of Sydney,Horror,1987
8013,Inside the Frozen Memory,Drama,1974
8014,Galaxy of Seoul,Drama,1976
8015,A Dark Dream,Sci-Fi,2012
8016,A Rising Signal,Adventure,2025
8017,Storm from Berlin,Fantasy,2001
8018,Inside the Bright Empire,Adventure,2002
8019,Shadow from Lisbon,Fantasy,1991
8020,The Machine of Havana,Thriller,1973
8021,After Paris Chapter 9,Comedy,1987
8022,The Golden Bridge,Adventure,1997
8023,The Hidden Storm Case 7,Adventure,2022
8024,The Gentle Empire Case 11,Animation,1995
8025,After Kyoto Chapter 12,Action,2008
8026,Beyond the Crystal Code,Comedy,2003
8027,Beyond the Last Promise,Fantasy,2017
8028,Before the Burning Signal,Drama,1986
8029,Return to Mars,Mystery,1971
8030,The Final Garden Case 6,Sci-Fi,2017
8031,After Prague Chapter 2,Horror,1989
8032,River of Kyoto,Romance,2023
8033,The Scarlet Forest Case 4,Action,2012
8034,Crystal Mirror,Comedy,2011
8035,Lisbon City,Crime,1979
8036,Crystal Code Part 9,Drama,1997
8037,Before the Ancient Night,Mystery,2017
8038,Quantum Carnival,Comedy,2000
8039,Garden from Tokyo,Comedy,1994
8040,Beyond the Midnight Galaxy,Action,1970
8041,The Night of Mars,Fantasy,1974
8042,Road of Sydney,Fantasy,1981
8043,The Bridge of Cairo,Fantasy,1983
8044,The Royal Secret Case 5,Action,1989
8045,A Golden Promise,Comedy,2018
8046,Code of Paris,Drama,1982
8047,After Dublin Chapter 4,Drama,2011
8048,The Rising Memory,Drama,2000
8049,The Dark Archive,Fantasy,1990
8050,After Dublin Chapter 6,Crime,2003
8051,After Manila Chapter 9,Fantasy,1984
8052,Promise of Prague,Animation,1990
8053,Beyond the Modern Legend,Drama,2023
8054,After Seoul Chapter 10,Comedy,2006
8055,A Rising Theater,Romance,2013
8056,A Neon Secret,Thriller,1974
8057,A Golden Machine,Horror,2018
8058,Inside the Velvet Signal,Sci-Fi,1996
8059,The Savage Whisper Case 9,Action,2004
8060,A Silent Memory,Animation,2019
8061,Fallen Dream,Action,2007
8062,River of Brooklyn,Drama,2013
8063,Return to Dublin,Romance,1990
8064,Mirror from Dublin,Mystery,1998
8065,Havana Galaxy,Action,1982
8066,City from Manila,Comedy,2026
8067,The Midnight Night Case 7,Sci-Fi,2001
8068,A Silent Carnival,Horror,2013
8069,Final Night Part 7,Animation,1984
8070,Secret of Dublin,Animation,1989
8071,The Velvet Storm Case 11,Mystery,2001
8072,The Electric Planet,Mystery,1971
8073,A Velvet Bridge,Animation,1983
8074,Storm from Manila,Thriller,1990
8075,Code of Sydney,Fantasy,1998
8076,Bright Bridge Part 9,Horror,1995
8077,Ancient Heart,Comedy,2015
8078,Nevada Train,Sci-Fi,2006
8079,Inside the Burning Machine,Horror,1986
8080,Horizon of Berlin,Sci-Fi,1978
8081,Beyond the Savage Bridge,Drama,2001
8082,The Burning River,Mystery,1981
8083,Promise Theory Part 2,Horror,1976
8084,Whisper Theory Part 8,Animation,1971
8085,River Theory Part 8,Thriller,1995
8086,The Velvet Promise,Adventure,1988
8087,Before the First Bridge,Romance,2013
8088,After Havana Chapter 6,Horror,1973
8089,Before the Savage River,Sci-Fi,1990
8090,Ancient Horizon Part 9,Crime,2018
8091,Castle of Rome,Sci-Fi,2009
8092,Beyond the First Garden,Mystery,2013
8093,The Broken Heart Case 12,Horror,2023
8094,Shadow of Seoul,Comedy,2011
8095,A Velvet Theater,Romance,2000
8096,The Urban Galaxy,Thriller,2016
8097,A Secret Legend,Fantasy,1996
8098,The Shadow of Berlin,Crime,1994
8099,City Theory Part 3,Comedy,1986
8100,A Bright Heart,Action,1977
8101,Inside the Golden Code,Animation,1990
8102,The Velvet Mirror Case 6,Action,1987
8103,Ocean from Seoul,Horror,1973
8104,Planet of Harbor,Mystery,1981
8105,Before the Final Promise,Sci-Fi,2025
8106,Silver Night Part 5,Adventure,1970
8107,After Lisbon Chapter 5,Action,1991
8108,Horizon Theory Part 12,Fantasy,2018
8109,Quantum Archive Part 5,Comedy,1999
8110,A Velvet Planet,Adventure,2004
8111,The Bright Archive,Thriller,2011
8112,Whisper from Havana,Animation,2014
8113,Inside the Silver Memory,Sci-Fi,2018
8114,The Promise of Boston,Sci-Fi,1992
8115,Return to Kyoto,Fantasy,2018
8116,Inside the Golden Secret,Comedy,1981
8117,A Quantum Planet,Romance,1999
8118,Frozen Empire Part 4,Adventure,2022
8119,After Paris Chapter 10,Crime,2010
8120,Theater of Avalon,Crime,1990
8121,Dream Theory Part 8,Horror,1998
8122,Empire from Sahara,Animation,2006
8123,The Ocean of Manila,Romance,2011
8124,Machine of Nevada,Romance,1987
8125,Voyage of Cairo,Drama,1981
8126,Return to Sahara,Comedy,2007
8127,Manila Carnival,Drama,2003
8128,The Empire of Sahara,Comedy,2017
8129,Storm Theory Part 4,Romance,1997
8130,A Last Empire,Romance,1997
8131,Return to Nevada,Crime,1999
8132,The Urban Code Case 7,Romance,2015
8133,The Broken Road,Animation,1979
8134,The Dark Machine,Thriller,1979
8135,Return to Kyoto,Mystery,1973
8136,Beyond the Frozen Promise,Comedy,2017
8137,Forest from Sydney,Animation,1983
8138,A Fallen Garden,Crime,2008
8139,City from Cairo,Adventure,1995
8140,Urban Mirror Part 2,Sci-Fi,2001
8141,The Modern Bridge,Sci-Fi,2001
8142,The Horizon of Paris,Romance,2004
8143,Storm Theory Part 2,Comedy,2019
8144,Nevada Code,Drama,1978
8145,After Nevada Chapter 6,Comedy,1976
8146,Planet from Mars,Sci-Fi,1973
8147,Beyond the Lonely Ocean,Thriller,1998
8148,The Carnival of Venice,Sci-Fi,1983
8149,Inside the Lonely Night,Crime,1983
8150,The Last Promise Case 5,Horror,2002
8151,Before the Last Voyage,Horror,2003
8152,River Theory Part 5,Crime,1979
8153,Before the Last Ocean,Animation,1974
8154,The Bridge of Paris,Horror,2007
8155,After Paris Chapter 10,Sci-Fi,2012
8156,After Berlin Chapter 6,Mystery,2026
8157,Castle from Manila,Romance,1980
8158,Archive from Harbor,Action,1992
8159,Frozen Forest Part 9,Comedy,1996
8160,Silent Garden Part 6,Action,1986
8161,Savage Horizon,Sci-Fi,1999
8162,The Mirror of Prague,Sci-Fi,1982
8163,Lost Theater,Action,2020
8164,Road from Dublin,Fantasy,1996
8165,Inside the Crystal Island,Thriller,1990
8166,Mirror of Berlin,Sci-Fi,1972
8167,The Machine of Manila,Comedy,1981
8168,The Planet of Kyoto,Crime,1979
8169,Island Theory Part 4,Adventure,1999
8170,The Scarlet Road Case 10,Action,2020
8171,Night from Nevada,Mystery,2002
8172,Planet from Atlantis,Thriller,2011
8173,Night of Havana,Comedy,2012
8174,Inside the Modern Night,Adventure,2010
8175,Before the Lost Theater,Animation,2026
8176,Before the Bright Archive,Romance,2005
8177,The Scarlet Forest Case 5,Thriller,1987
8178,Inside the Urban Road,Adventure,1982
8179,Beyond the Silver Dream,Action,1990
8180,Archive Theory Part 7,Animation,1986
8181,A Burning Empire,Crime,1993
8182,A Lonely Memory,Mystery,1985
8183,The Lonely Dream Case 4,Crime,1999
8184,Seoul Galaxy,Sci-Fi,1970
8185,After Harbor Chapter 9,Drama,2011
8186,Voyage Theory Part 5,Comedy,1988
8187,A Secret Signal,Fantasy,1977
8188,The Ancient Empire,Thriller,2019
8189,The Gentle Dream,Animation,1981
8190,Castle Theory Part 3,Animation,2011
8191,Before the Last Code,Mystery,1991
8192,Code of Berlin,Comedy,2024
8193,Beyond the Wild Forest,Drama,2008
8194,Carnival of Mars,Drama,2008
8195,Beyond the Lonely Storm,Adventure,1987
8196,Beyond the Scarlet Secret,Mystery,2001
8197,Garden of London,Comedy,2009
8198,Silver Castle,Thriller,1973
8199,After Atlantis Chapter 10,Adventure,2006
8200,Return to Dublin,Romance,2004
8201,Before the Last Horizon,Drama,2021
8202,Return to Boston,Animation,1978
8203,Inside the Urban Empire,Mystery,1989
8204,After Harbor Chapter 8,Animation,1986
8205,Train from Venice,Romance,1973
8206,Inside the Royal Machine,Animation,1983
8207,Planet from Lisbon,Romance,2019
8208,Modern Legend,Comedy,1984
8209,Avalon Theater,Horror,2016
8210,After Nevada Chapter 2,Comedy,1976
8211,Last Archive,Fantasy,2018
8212,Hidden River,Adventure,2005
8213,The Mirror of Sahara,Crime,1977
8214,A Fallen Archive,Mystery,1995
8215,Horizon from London,Adventure,1976
8216,Code of Sydney,Adventure,1999
8217,The Final Secret,Animation,1978
8218,Shadow of Mars,Comedy,2008
8219,Castle of Harbor,Mystery,1972
8220,Sydney Planet,Drama,2015
8221,The Silver Shadow Case 3,Mystery,1970
8222,Theater from Brooklyn,Thriller,1975
8223,The Midnight Voyage,Crime,2014
8224,Shadow of London,Horror,1987
8225,Beyond the Hidden Empire,Thriller,1972
8226,Beyond the Quantum Road,Horror,2007
8227,Memory of Mars,Action,1995
8228,Urban Heart,Fantasy,1970
8229,Beyond the Lonely Legend,Mystery,2011
8230,Inside the Savage Night,Thriller,1979
8231,The Train of Havana,Animation,1985
8232,Inside the Ancient Planet,Thriller,1987
8233,After Manila Chapter 4,Drama,1977
8234,After Sahara Chapter 11,Animation,2011
8235,Broken Theater,Horror,2025
8236,Before the Urban Road,Horror,1970
8237,Scarlet Legend Part 12,Animation,1986
8238,A Scarlet Heart,Sci-Fi,1996
8239,Carnival of Sahara,Crime,2018
8240,Tokyo Signal,Drama,1970
8241,Inside the Golden Mirror,Drama,2015
8242,Inside the Velvet Island,Action,2023
8243,Inside the Silver Storm,Romance,1993
8244,Voyage from Seoul,Drama,1974
8245,The Gentle Garden,Animation,2012
8246,Beyond the Royal Whisper,Comedy,2013
8247,Endless Storm Part 6,Mystery,1993
8248,Before the Silver Promise,Fantasy,1977
8249,Wild Theater Part 11,Mystery,1984
8250,A Broken Galaxy,Crime,2008
8251,Return to Iceland,Adventure,2018
8252,Before the Burning Memory,Action,1981
8253,Empire Theory Part 2,Comedy,2026
8254,Theater from Prague,Romance,1994
8255,Planet from Venice,Comedy,2024
8256,Bridge of Atlantis,Sci-Fi,1991
8257,Inside the Silver Garden,Comedy,2021
8258,Wild Memory,Mystery,1994
8259,Return to Venice,Comedy,2000
8260,The Legend of Sydney,Animation,1991
8261,City from Paris,Crime,2024
8262,The Whisper of Berlin,Animation,2019
8263,The River of Havana,Crime,2024
8264,City Theory Part 9,Sci-Fi,2024
8265,After Havana Chapter 4,Thriller,1991
8266,Inside the Gentle Horizon,Fantasy,1973
8267,The Bridge of Lisbon,Drama,2000
8268,Dark Bridge,Drama,2011
8269,Inside the Ancient Signal,Adventure,2017
8270,The Last Forest Case 9,Fantasy,1991
8271,The Dark Signal Case 11,Crime,1973
8272,The Night of Brooklyn,Fantasy,1975
8273,Empire of Boston,Mystery,2001
8274,Inside the First Night,Adventure,2003
8275,Return to Paris,Animation,2007
8276,Voyage of Cairo,Fantasy,1982
8277,The Storm of Dublin,Adventure,1974
8278,Inside the Wild Castle,Sci-Fi,1993
8279,Beyond the Lost Night,Drama,1987
8280,Before the Frozen Mirror,Sci-Fi,1971
8281,Return to Mars,Fantasy,1983
8282,Inside the Rising Whisper,Mystery,2022
8283,Lonely Memory,Comedy,2023
8284,Return to Nevada,Sci-Fi,2021
8285,Inside the Secret Secret,Adventure,2016
8286,The Endless City Case 6,Thriller,2023
8287,Paris Empire,Adventure,2019
8288,Beyond the Crystal City,Thriller,1995
8289,A Hidden Night,Fantasy,2019
8290,Inside the Urban Carnival,Animation,1972
8291,Inside the Hidden Mirror,Drama,2016
8292,The Lost Archive Case 2,Thriller,2015
8293,Royal City,Animation,1998
8294,Before the Scarlet Archive,Mystery,1978
8295,Horizon Theory Part 2,Thriller,2012
8296,Beyond the Endless Whisper,Animation,2004
8297,Code of Nevada,Comedy,2000
8298,Road of Harbor,Thriller,2023
8299,Machine from Nevada,Crime,1971
8300,The Rising Voyage Case 10,Crime,1987
8301,Atlantis Train,Horror,2012
8302,The Dream of Rome,Romance,1999
8303,A Burning Planet,Fantasy,2026
8304,Lost Secret Part 10,Action,2024
8305,Return to Sydney,Thriller,1985
8306,City from London,Comedy,1973
8307,City of London,Romance,1977
8308,After Avalon Chapter 10,Horror,1995
8309,Before the Lost Code,Adventure,2006
8310,Promise from Atlantis,Mystery,1988
8311,Before the Ancient Carnival,Sci-Fi,2007
8312,The Ancient Train,Mystery,1988
8313,The Dark Castle Case 3,Comedy,2010
8314,Inside the Frozen Memory,Adventure,1988
8315,Beyond the Wild Code,Comedy,1977
8316,Archive of Prague,Action,1976
8317,River of Boston,Comedy,1994
8318,Legend Theory Part 7,Horror,2016
8319,Inside the Bright Forest,Animation,2024
8320,Inside the Rising Ocean,Thriller,1978
8321,Return to Manila,Crime,1991
8322,Return to Lisbon,Crime,2007
8323,After Tokyo Chapter 7,Fantasy,1996
8324,Crystal Bridge,Drama,1980
8325,Island of Rome,Animation,1997
8326,Secret Machine,Drama,1999
8327,After Cairo Chapter 7,Thriller,1989
8328,Before the Lost Storm,Mystery,1986
8329,After Seoul Chapter 12,Crime,1993
8330,Before the First Planet,Comedy,1988
8331,Return to Lisbon,Comedy,2024
8332,Iceland Secret,Romance,2008
8333,The Storm of Tokyo,Drama,1976
8334,Return to Lisbon,Adventure,2015
8335,Silver Forest,Drama,1988
8336,After London Chapter 6,Horror,1978
8337,After London Chapter 4,Adventure,1985
8338,Dream Theory Part 6,Adventure,1985
8339,Silver Road Part 10,Crime,2010
8340,Return to Berlin,Fantasy,2020
8341,After Seoul Chapter 4,Action,2003
8342,Neon Forest Part 10,Adventure,2005
8343,Beyond the Ancient Signal,Romance,2003
8344,Night of London,Sci-Fi,1973
8345,Beyond the Golden Theater,Romance,1975
8346,A Hidden Archive,Horror,2012
8347,Signal of Mars,Drama,2025
8348,After Venice Chapter 9,Romance,2026
8349,Silent Heart,Mystery,2024
8350,Heart Theory Part 7,Sci-Fi,1972
8351,After Berlin Chapter 8,Horror,2003
8352,Return to Boston,Action,2011
8353,Return to Manila,Crime,2007
8354,After Seoul Chapter 8,Romance,2005
8355,Return to Prague,Adventure,1983
8356,The Wild Forest Case 12,Sci-Fi,2000
8357,Beyond the Silent City,Adventure,1970
8358,Sahara Machine,Mystery,2016
8359,Before the Fallen Empire,Animation,1975
8360,Inside the Frozen Carnival,Adventure,1972
8361,A Lonely Empire,Fantasy,2005
8362,Return to Mars,Animation,2015
8363,Shadow Theory Part 4,Romance,2022
8364,The Broken Promise Case 3,Fantasy,1996
8365,Before the First Dream,Comedy,2017
8366,The Fallen Empire,Romance,2007
8367,The Scarlet Forest Case 6,Thriller,1974
8368,Inside the Urban Road,Action,2007
8369,A Quantum Voyage,Drama,1998
8370,Inside the Midnight Archive,Drama,2000
8371,Beyond the Secret Voyage,Comedy,2021
8372,Golden Signal,Crime,1976
8373,Berlin Galaxy,Animation,2022
8374,Quantum Galaxy Part 6,Animation,1986
8375,Bridge from Mars,Horror,2020
8376,The Code of Sydney,Action,1999
8377,Before the Modern Whisper,Adventure,2018
8378,The Final Legend Case 12,Mystery,1991
8379,Inside the Secret Garden,Mystery,1989
8380,The Fallen Planet,Comedy,1971
8381,The River of Avalon,Mystery,2017
8382,After Kyoto Chapter 9,Action,2005
8383,The Last River,Animation,2022
8384,Return to Brooklyn,Adventure,2023
8385,The Broken Archive Case 10,Mystery,2019
8386,Beyond the Wild Train,Horror,1984
8387,Kyoto Mirror,Crime,2001
8388,Inside the Frozen Island,Action,2026
8389,The Code of London,Romance,1998
8390,Return to Atlantis,Drama,2022
8391,The Dream of Sahara,Romance,1983
8392,Return to Kyoto,Drama,2007
8393,Return to Iceland,Crime,1987
8394,Machine Theory Part 6,Drama,1993
8395,The Archive of Manila,Comedy,2006
8396,Night from Paris,Drama,2014
8397,City of Rome,Comedy,1997
8398,Signal from Iceland,Romance,2010
8399,The Hidden Empire,Sci-Fi,2025
8400,Secret Archive Part 6,Comedy,1991
8401,Before the Gentle Code,Crime,2018
8402,The Legend of Iceland,Crime,2016
8403,Heart from Kyoto,Action,2010
8404,The Silent River,Mystery,1974
8405,Harbor Planet,Adventure,2016
8406,Memory Theory Part 8,Mystery,2018
8407,After Avalon Chapter 8,Sci-Fi,1971
8408,Return to Atlantis,Comedy,2014
8409,The Midnight Empire Case 2,Drama,2020
8410,Inside the Secret Shadow,Fantasy,2014
8411,The Modern Garden Case 4,Adventure,2008
8412,Frozen Mirror Part 9,Mystery,2021
8413,Return to Rome,Drama,1973
8414,Return to Havana,Mystery,2009
8415,Before the Dark River,Drama,1993
8416,Return to Mars,Fantasy,2019
8417,The Dark Promise,Drama,2022
8418,After Mars Chapter 9,Romance,1979
8419,The Broken Whisper,Crime,1971
8420,Before the First Empire,Drama,1985
8421,Iceland Dream,Crime,1998
8422,After London Chapter 12,Comedy,1987
8423,Code of Berlin,Fantasy,1998
8424,The Ocean of Tokyo,Fantasy,1975
8425,The Rising Galaxy,Thriller,1976
8426,The Crystal Bridge Case 9,Fantasy,1996
8427,Garden from Venice,Horror,1997
8428,Before the Silent Signal,Drama,1980
8429,City from Dublin,Thriller,2007
8430,The City of Rome,Crime,1983
8431,Beyond the Neon River,Sci-Fi,2020
8432,Ocean Theory Part 11,Adventure,1999
8433,Scarlet Heart,Action,1981
8434,After Paris Chapter 7,Horror,2000
8435,Beyond the Rising Dream,Comedy,1998
8436,A Secret Secret,Crime,1996
8437,A Royal Garden,Comedy,1999
8438,After Boston Chapter 7,Adventure,1989
8439,The Frozen Carnival Case 12,Thriller,2009
8440,After Sydney Chapter 3,Crime,2005
8441,The Secret River,Animation,1988
8442,Return to Sahara,Fantasy,2006
8443,Frozen Island Part 8,Adventure,2019
8444,The First Memory,Adventure,2025
8445,After Havana Chapter 3,Fantasy,1987
8446,Endless Memory,Animation,1978
8447,The Secret Night Case 5,Mystery,2013
8448,After Kyoto Chapter 5,Drama,2016
8449,Beyond the Silent Legend,Crime,1975
8450,Inside the Modern Empire,Mystery,2013
8451,The Last Dream Case 7,Crime,2017
8452,A Secret Planet,Mystery,2016
8453,Horizon from Prague,Horror,2026
8454,The Dream of Mars,Adventure,2017
8455,Broken Dream,Romance,2018
8456,Inside the Velvet Ocean,Action,1971
8457,Storm Theory Part 3,Adventure,1993
8458,After Seoul Chapter 9,Drama,1994
8459,Berlin Planet,Comedy,2005
8460,The Modern Planet,Animation,2020
8461,The Urban Secret Case 3,Comedy,1980
8462,Before the Savage Mirror,Action,1998
8463,After Iceland Chapter 9,Thriller,1980
8464,The Lost Voyage,Adventure,2018
8465,Return to Lisbon,Romance,1970
8466,Harbor Theater,Action,2000
8467,Memory from Prague,Mystery,1985
8468,The Archive of Brooklyn,Comedy,2006
8469,Shadow from Sydney,Horror,1975
8470,Neon Memory Part 9,Comedy,2026
8471,Before the Secret Night,Comedy,1985
8472,Royal Mirror Part 8,Fantasy,1984
8473,The Final Whisper,Mystery,1989
8474,Before the Lost Train,Animation,2002
8475,Galaxy from Nevada,Thriller,1980
8476,Legend Theory Part 8,Mystery,2012
8477,Beyond the Urban Carnival,Fantasy,1999
8478,Storm Theory Part 9,Crime,1981
8479,Endless Promise Part 9,Sci-Fi,2015
8480,Return to Rome,Action,1987
8481,Bridge Theory Part 2,Action,1993
8482,Inside the Silver Promise,Comedy,1993
8483,After London Chapter 3,Sci-Fi,2005
8484,Beyond the Silent Heart,Comedy,1977
8485,The Royal Road,Drama,2023
8486,Castle of Rome,Drama,2002
8487,Carnival Theory Part 10,Drama,1993
8488,Inside the Secret Ocean,Crime,1970
8489,After Havana Chapter 12,Horror,1973
8490,Before the Hidden Legend,Action,2009
8491,Before the Secret Promise,Crime,1989
8492,Golden Castle Part 8,Mystery,1986
8493,Before the Midnight Island,Action,2002
8494,Horizon Theory Part 10,Sci-Fi,1975
8495,Before the Endless Code,Sci-Fi,2018
8496,The Code of Paris,Action,2002
8497,Legend Theory Part 10,Adventure,2001
8498,The Electric Mirror Case 3,Action,1999
8499,Harbor Theater,Action,1974
8500,Memory Theory Part 10,Animation,1995
8501,Promise from Lisbon,Fantasy,2012
8502,The Galaxy of Sydney,Drama,2001
8503,Broken Archive,Comedy,1975
8504,Beyond the Savage Forest,Romance,2025
8505,Before the Modern Dream,Drama,2001
8506,Savage Theater,Romance,2008
8507,Nevada Memory,Mystery,2013
8508,Machine of Paris,Sci-Fi,1987
8509,Quantum Island Part 3,Mystery,1999
8510,Frozen Forest Part 9,Drama,2008
8511,Neon Heart Part 3,Crime,2013
8512,Ocean from Sahara,Fantasy,2022
8513,Return to Venice,Horror,1998
8514,After Cairo Chapter 10,Adventure,2005
8515,Silent Night,Romance,2016
8516,Final Secret,Fantasy,2006
8517,Voyage Theory Part 8,Horror,2024
8518,After Rome Chapter 6,Sci-Fi,2024
8519,The Island of Atlantis,Drama,1978
8520,A Savage Secret,Horror,2016
8521,The Signal of Prague,Adventure,1984
8522,The Lonely Ocean,Action,2026
8523,Tokyo Night,Thriller,1971
8524,The Bridge of Prague,Animation,1991
8525,Broken Legend Part 8,Fantasy,1974
8526,A Ancient Galaxy,Comedy,1998
8527,Savage Dream Part 3,Romance,2016
8528,Secret of Nevada,Crime,1986
8529,Inside the Frozen Galaxy,Drama,1979
8530,The Scarlet Legend Case 8,Thriller,2013
8531,Inside the Modern Legend,Comedy,1986
8532,Inside the Quantum Forest,Thriller,2013
8533,After Rome Chapter 3,Horror,1989
8534,A Velvet Heart,Drama,2009
8535,A Burning Secret,Sci-Fi,2018
8536,Inside the Scarlet Memory,Adventure,1972
8537,Theater Theory Part 8,Adventure,2010
8538,Empire from Harbor,Horror,2022
8539,Memory of Kyoto,Mystery,2008
8540,Road Theory Part 5,Romance,1992
8541,After Dublin Chapter 8,Action,2014
8542,Inside the Hidden Garden,Romance,1995
8543,The Gentle Empire Case 10,Mystery,1970
8544,The Gentle Memory,Sci-Fi,1992
8545,The Final Mirror Case 10,Mystery,2010
8546,Before the Savage Carnival,Fantasy,1978
8547,Garden of Berlin,Thriller,1982
8548,Ancient Garden Part 12,Thriller,1970
8549,Broken Galaxy Part 6,Comedy,2012
8550,Beyond the Rising Shadow,Drama,2000
8551,Promise Theory Part 12,Crime,1996
8552,Island from Boston,Romance,2023
8553,The Endless Night Case 3,Fantasy,2019
8554,Signal from Tokyo,Drama,2011
8555,Havana Train,Animation,2009
8556,Return to Sahara,Adventure,2013
8557,Inside the Final Archive,Animation,2010
8558,Return to London,Horror,1989
8559,The Machine of Lisbon,Horror,1984
8560,Garden from Kyoto,Comedy,1995
8561,Beyond the Endless Legend,Animation,2017
8562,Inside the Crystal Shadow,Animation,2021
8563,Beyond the Royal Train,Romance,1977
8564,After Tokyo Chapter 5,Thriller,1986
8565,Wild Machine Part 6,Romance,2023
8566,After Boston Chapter 12,Sci-Fi,1982
8567,Archive of Prague,Fantasy,2008
8568,Theater from Nevada,Drama,1980
8569,Gentle Night,Mystery,1996
8570,Before the Silver Bridge,Fantasy,2011
8571,Return to Prague,Horror,2003
8572,Inside the Dark Promise,Adventure,2021
8573,River from Nevada,Romance,1987
8574,Castle from Mars,Crime,1970
8575,Nevada Forest,Action,1988
8576,Kyoto Machine,Mystery,1978
8577,Crystal Whisper Part 8,Crime,2002
8578,Memory Theory Part 11,Crime,1973
8579,Before the Wild Heart,Fantasy,1992
8580,Modern City,Adventure,1974
8581,The Burning Whisper Case 9,Crime,2015
8582,The Lost Whisper Case 2,Animation,2017
8583,Lonely City Part 8,Thriller,2014
8584,Voyage of Seoul,Thriller,1970
8585,Beyond the Wild Archive,Action,2022
8586,A Bright Road,Animation,1979
8587,Empire of Havana,Adventure,2019
8588,The Secret Forest Case 4,Fantasy,1997
8589,Memory Theory Part 10,Horror,2023
8590,Inside the Last Archive,Comedy,2019
8591,Iceland Garden,Horror,2012
8592,Burning Road Part 5,Action,2002
8593,Ocean Theory Part 9,Animation,2002
8594,Return to Kyoto,Drama,2023
8595,Inside the Frozen Promise,Fantasy,1986
8596,The Signal of Prague,Thriller,2007
8597,Carnival Theory Part 11,Horror,2005
8598,The Memory of Kyoto,Drama,1990
8599,Return to Rome,Horror,1989
8600,Empire from Rome,Thriller,2014
8601,Beyond the Fallen Storm,Comedy,1999
8602,After Dublin Chapter 12,Thriller,2026
8603,A Quantum Heart,Drama,1999
8604,Before the Midnight Horizon,Thriller,1977
8605,Tokyo Bridge,Action,1974
8606,Inside the Frozen Train,Drama,2024
8607,Lost Castle Part 7,Fantasy,1991
8608,The Crystal Road,Romance,1976
8609,A Quantum Island,Fantasy,2021
8610,The Train of Prague,Adventure,1978
8611,After Brooklyn Chapter 6,Adventure,1976
8612,A Quantum Dream,Adventure,2010
8613,After Dublin Chapter 10,Animation,2021
8614,The Bright Castle Case 6,Fantasy,2020
8615,Endless Galaxy,Drama,1998
8616,Code of Harbor,Thriller,2017
8617,Return to Berlin,Sci-Fi,1999
8618,Beyond the Velvet Ocean,Drama,2017
8619,The Gentle River,Drama,2001
8620,Beyond the Endless Ocean,Adventure,2022
8621,The Ancient Signal,Horror,1982
8622,Island Theory Part 12,Comedy,1998
8623,The Electric Legend,Fantasy,1971
8624,Cairo Ocean,Crime,1981
8625,Before the Scarlet Shadow,Animation,1971
8626,Berlin Promise,Crime,1993
8627,The Dark Horizon,Drama,2011
8628,Modern City,Animation,1989
8629,Lisbon Shadow,Mystery,1990
8630,Island Theory Part 9,Drama,1989
8631,Savage Empire Part 12,Animation,2014
8632,Tokyo Road,Sci-Fi,2025
8633,Before the Bright Theater,Comedy,1977
8634,Before the Scarlet Ocean,Adventure,1970
8635,A Lost Voyage,Action,1971
8636,The Final Code Case 8,Crime,2019
8637,Inside the Velvet Bridge,Horror,1993
8638,The Train of Harbor,Adventure,1997
8639,Inside the Hidden Carnival,Horror,2010
8640,Before the Golden Island,Mystery,2005
8641,Fallen Heart,Romance,1996
8642,Last Castle,Mystery,1973
8643,After Dublin Chapter 8,Animation,2007
8644,After Nevada Chapter 12,Thriller,2002
8645,Beyond the Midnight Memory,Comedy,2013
8646,Velvet Machine,Crime,2016
8647,Beyond the Silent Secret,Mystery,2003
8648,Burning Code,Drama,2013
8649,Beyond the Fallen Bridge,Animation,2015
8650,The First Code Case 7,Animation,2004
8651,The Golden Dream,Comedy,2023
8652,Return to Sydney,Fantasy,1987
8653,After Seoul Chapter 10,Animation,2007
8654,A Endless Memory,Thriller,2005
8655,Inside the Savage Signal,Crime,1970
8656,Silent Voyage Part 5,Horror,2000
8657,Before the Neon Legend,Comedy,2003
8658,Empire Theory Part 2,Horror,2012
8659,A Modern Night,Drama,1973
8660,First Storm Part 8,Adventure,2015
8661,Before the Neon Road,Crime,2023
8662,Before the Modern Secret,Thriller,1997
8663,Return to Boston,Thriller,1991
8664,City of Paris,Sci-Fi,1980
8665,Before the Burning City,Adventure,2006
8666,Memory from Tokyo,Sci-Fi,1996
8667,Beyond the Dark Theater,Action,2023
8668,Beyond the Hidden Castle,Mystery,1994
8669,Bright Garden,Fantasy,1981
8670,A Savage Horizon,Comedy,2025
8671,Return to Kyoto,Animation,2026
8672,Planet Theory Part 6,Fantasy,1973
8673,Inside the Endless Mirror,Thriller,1999
8674,The Garden of Nevada,Action,1975
8675,Beyond the Midnight Mirror,Romance,2025
8676,Silver Train,Fantasy,1972
8677,Promise Theory Part 5,Action,2024
8678,Forest from Harbor,Adventure,1983
8679,After Paris Chapter 9,Sci-Fi,2024
8680,Dark Storm Part 8,Comedy,2020
8681,Inside the Silent Secret,Fantasy,2016
8682,Heart from Harbor,Adventure,1979
8683,Secret Theory Part 3,Drama,2010
8684,The Modern Bridge,Adventure,1974
8685,After Sydney Chapter 11,Sci-Fi,1994
8686,The Silver Night,Sci-Fi,2018
8687,Before the Dark Carnival,Animation,1970
8688,After Rome Chapter 9,Horror,1990
8689,Dream of Manila,Action,1979
8690,Last Bridge,Crime,2023
8691,Promise from Dublin,Mystery,1999
8692,Scarlet Storm Part 8,Animation,2025
8693,Empire Theory Part 5,Crime,1983
8694,Ancient Mirror Part 10,Fantasy,2000
8695,Forest Theory Part 10,Animation,1999
8696,Neon Archive Part 10,Mystery,1972
8697,After Nevada Chapter 6,Horror,1982
8698,After Avalon Chapter 11,Horror,2018
8699,Kyoto Ocean,Drama,2019
8700,River of Kyoto,Fantasy,1973
8701,After Manila Chapter 3,Fantasy,1977
8702,After Havana Chapter 3,Adventure,2012
8703,Before the Endless Galaxy,Romance,2020
8704,Golden Code Part 2,Drama,1974
8705,After Paris Chapter 11,Action,1978
8706,Beyond the Bright Secret,Comedy,1990
8707,Beyond the Final Galaxy,Mystery,2017
8708,Lost Shadow Part 8,Action,2015
8709,Inside the Bright Secret,Action,1993
8710,Voyage from Brooklyn,Animation,1979
8711,After Manila Chapter 11,Sci-Fi,2012
8712,Sahara Horizon,Thriller,1971
8713,Inside the Lonely Dream,Animation,1973
8714,The Ocean of Sahara,Adventure,1991
8715,A Silver Garden,Thriller,2026
8716,Golden Heart Part 11,Action,2009
8717,The Quantum Ocean,Comedy,1976
8718,Signal of Berlin,Animation,2011
8719,Inside the Crystal Garden,Thriller,2002
8720,Inside the Gentle Theater,Sci-Fi,2013
8721,Secret of Brooklyn,Comedy,2001
8722,The Horizon of Berlin,Adventure,2023
8723,After Rome Chapter 2,Sci-Fi,1978
8724,The Silver Bridge Case 7,Romance,1989
8725,Shadow Theory Part 10,Drama,2009
8726,Beyond the Urban Horizon,Mystery,1973
8727,The Wild Island Case 6,Animation,1975
8728,Beyond the Urban Train,Thriller,1990
8729,Beyond the Rising Island,Animation,2002
8730,Beyond the Frozen Heart,Romance,2000
8731,Mars Ocean,Comedy,2017
8732,After Rome Chapter 10,Fantasy,1993
8733,Storm of Nevada,Horror,1983
8734,Inside the Lost City,Sci-Fi,2012
8735,After Iceland Chapter 7,Horror,2001
8736,Beyond the Gentle Shadow,Animation,1993
8737,Cairo Storm,Mystery,1983
8738,The Wild River Case 12,Romance,2025
8739,Beyond the Rising Legend,Romance,1993
8740,Berlin Mirror,Horror,1993
8741,The Endless City,Animation,2017
8742,The Garden of Avalon,Adventure,1997
8743,A Neon Forest,Horror,1979
8744,Fallen Night,Comedy,1979
8745,Heart Theory Part 7,Fantasy,1997
8746,Dark Castle Part 5,Adventure,2019
8747,The Crystal Memory,Comedy,2010
8748,Wild Castle Part 12,Comedy,1980
8749,Beyond the Urban Code,Adventure,2012
8750,Beyond the Gentle Galaxy,Drama,1999
8751,A Modern Storm,Sci-Fi,1987
8752,Beyond the Silent Horizon,Thriller,2012
8753,Before the Endless Theater,Animation,2021
8754,The Dark Galaxy Case 9,Sci-Fi,1985
8755,The Memory of Sydney,Drama,1992
8756,Rising Galaxy Part 8,Adventure,2024
8757,Mirror Theory Part 4,Thriller,2007
8758,Inside the Frozen Archive,Romance,2016
8759,After Manila Chapter 7,Drama,1996
8760,Return to Lisbon,Drama,2024
8761,After Seoul Chapter 5,Romance,1978
8762,After Kyoto Chapter 7,Thriller,1994
8763,Before the Modern Forest,Romance,1997
8764,A Secret Voyage,Action,2005
8765,The Secret of Brooklyn,Animation,2025
8766,Silver Galaxy Part 10,Drama,1986
8767,Signal Theory Part 12,Horror,1999
8768,A Golden Train,Mystery,1980
8769,After Rome Chapter 10,Comedy,1995
8770,The Horizon of Sydney,Fantasy,1999
8771,After Paris Chapter 5,Drama,1993
8772,Train from Dublin,Thriller,1988
8773,Legend from Rome,Animation,2012
8774,A Ancient Secret,Adventure,1990
8775,Night from Cairo,Thriller,1979
8776,Bright River,Animation,1992
8777,City Theory Part 5,Comedy,1985
8778,Promise from Harbor,Crime,2012
8779,Beyond the Burning Bridge,Adventure,1991
8780,The Castle of Havana,Comedy,2026
8781,Return to Lisbon,Animation,2007
8782,River from Sydney,Sci-Fi,2007
8783,Electric Shadow Part 10,Action,2016
8784,After Boston Chapter 4,Fantasy,1999
8785,Inside the Scarlet Signal,Crime,1996
8786,Lonely Island,Drama,2012
8787,Kyoto Signal,Crime,1978
8788,Island from Manila,Mystery,2019
8789,Return to Venice,Romance,1989
8790,A Electric Dream,Drama,1997
8791,First Storm Part 7,Fantasy,1971
8792,After Sahara Chapter 9,Drama,1994
8793,Beyond the Golden Garden,Drama,1983
8794,Venice Archive,Horror,1983
8795,Mirror Theory Part 7,Thriller,2006
8796,A Scarlet Heart,Mystery,2025
8797,Beyond the Golden Night,Horror,2001
8798,Inside the Wild Storm,Sci-Fi,1995
8799,A Gentle Voyage,Fantasy,1986
8800,Savage Empire Part 2,Comedy,1998
8801,After Dublin Chapter 4,Crime,2006
8802,Return to Harbor,Comedy,1989
8803,Castle of Iceland,Horror,1993
8804,Inside the Midnight Horizon,Horror,1986
8805,Inside the Royal Castle,Horror,2020
8806,The Horizon of Havana,Adventure,2025
8807,Garden Theory Part 6,Action,2017
8808,Bridge from Tokyo,Crime,1994
8809,Before the Wild Garden,Sci-Fi,1993
8810,A Wild Planet,Animation,2018
8811,Ancient Bridge Part 2,Crime,2014
8812,Inside the Final Legend,Adventure,2000
8813,Return to Seoul,Mystery,2012
8814,Beyond the Bright Train,Sci-Fi,2022
8815,The Midnight Shadow,Fantasy,1986
8816,Silver Castle Part 10,Adventure,1975
8817,Inside the Broken Planet,Drama,2019
8818,Dream from Mars,Animation,1991
8819,Before the Frozen Storm,Adventure,2005
8820,Midnight Dream,Action,1999
8821,Whisper of Cairo,Crime,2024
8822,Theater of Atlantis,Crime,1982
8823,Secret from Berlin,Fantasy,2001
8824,A Crystal Shadow,Horror,2003
8825,Nevada Heart,Crime,2004
8826,The Endless Empire Case 6,Horror,2016
8827,Inside the Scarlet Shadow,Thriller,2001
8828,Inside the Lonely Horizon,Action,2003
8829,Return to Berlin,Drama,2004
8830,A Urban Promise,Action,2023
8831,After Nevada Chapter 6,Fantasy,2021
8832,The Savage Night,Mystery,1973
8833,Forest from London,Thriller,2015
8834,Frozen Horizon,Romance,1993
8835,Heart from Iceland,Horror,1977
8836,A Neon Storm,Mystery,2023
8837,The Velvet Carnival,Animation,2018
8838,Return to Paris,Fantasy,2013
8839,A Silver Mirror,Animation,1981
8840,Before the Midnight Shadow,Drama,1971
8841,A Last Memory,Adventure,2003
8842,Before the Frozen Forest,Horror,2017
8843,The Hidden Galaxy,Sci-Fi,1978
8844,Before the Royal Empire,Romance,1998
8845,Inside the Neon Whisper,Mystery,2000
8846,The Endless Road,Crime,2006
8847,Planet of Manila,Drama,1993
8848,Bridge Theory Part 6,Fantasy,2011
8849,Beyond the Endless Mirror,Animation,2020
8850,A Savage Shadow,Drama,1975
8851,The Legend of Iceland,Thriller,2005
8852,Horizon of Venice,Fantasy,2007
8853,Before the Endless Road,Mystery,1983
8854,Road from Rome,Crime,1970
8855,Broken Heart Part 12,Fantasy,2002
8856,Urban Castle Part 9,Crime,1985
8857,After Venice Chapter 11,Thriller,2025
8858,A Fallen Shadow,Thriller,2011
8859,Dublin Promise,Action,1985
8860,Return to London,Adventure,1991
8861,The Savage Ocean,Crime,1975
8862,Voyage Theory Part 4,Thriller,1976
8863,Beyond the Gentle Heart,Drama,2006
8864,Lisbon Signal,Comedy,1990
8865,Before the Wild City,Comedy,2008
8866,Before the Ancient Storm,Mystery,2018
8867,Castle of Nevada,Thriller,1982
8868,Before the Frozen Storm,Horror,1994
8869,Carnival from Atlantis,Thriller,1995
8870,Before the Broken Secret,Romance,2012
8871,Before the Endless Night,Crime,2004
8872,Burning Storm Part 7,Mystery,1971
8873,The Ancient Road,Adventure,2012
8874,Heart Theory Part 5,Thriller,1987
8875,Island from London,Action,1983
8876,Ocean of Atlantis,Sci-Fi,2024
8877,Endless Castle,Fantasy,1994
8878,Before the Bright Forest,Sci-Fi,1988
8879,The Urban Bridge Case 3,Crime,1996
8880,Storm of Lisbon,Action,2004
8881,Golden Carnival,Sci-Fi,2006
8882,Beyond the Broken Road,Animation,1977
8883,Midnight Archive Part 12,Comedy,2016
8884,A Lonely Road,Crime,2010
8885,Urban Storm Part 4,Fantasy,1970
8886,Beyond the Modern Bridge,Horror,2006
8887,After Manila Chapter 11,Animation,2005
8888,Before the Velvet Voyage,Crime,1973
8889,Before the Electric Machine,Action,2004
8890,Dark Promise Part 7,Thriller,1993
8891,Return to Berlin,Drama,1983
8892,The Ocean of Manila,Drama,2022
8893,A Royal Castle,Animation,2013
8894,Inside the Frozen Island,Thriller,1971
8895,After Boston Chapter 2,Horror,2005
8896,Return to Venice,Thriller,2003
8897,Return to Prague,Action,2022
8898,The Horizon of Prague,Drama,1986
8899,Modern Legend,Comedy,1998
8900,After Rome Chapter 4,Horror,1995
8901,Inside the Final Forest,Animation,1972
8902,Beyond the Ancient Secret,Romance,1979
8903,A Rising Voyage,Romance,1980
8904,Return to Berlin,Mystery,2022
8905,Before the Burning Garden,Adventure,2026
8906,Return to Tokyo,Romance,1992
8907,Horizon from Harbor,Mystery,2025
8908,Signal Theory Part 2,Horror,2013
8909,Fallen River,Thriller,2024
8910,After London Chapter 3,Crime,1999
8911,After Seoul Chapter 7,Horror,1998
8912,Fallen Shadow Part 6,Comedy,1993
8913,Return to Prague,Sci-Fi,1982
8914,Beyond the Rising Heart,Thriller,2000
8915,Wild Heart,Mystery,2005
8916,The Final Road Case 2,Comedy,1983
8917,Before the Ancient Forest,Crime,2022
8918,The Lost Road,Crime,1979
8919,A Secret Heart,Horror,1974
8920,A Last Dream,Mystery,1972
8921,The Velvet Empire,Romance,2025
8922,Archive from Kyoto,Horror,1998
8923,Inside the Hidden Dream,Animation,1990
8924,The Fallen Night,Adventure,1980
8925,Storm from Paris,Mystery,1970
8926,Shadow of Sahara,Fantasy,2025
8927,Beyond the Gentle Mirror,Sci-Fi,1990
8928,Gentle Mirror Part 8,Mystery,1987
8929,Paris Machine,Animation,1997
8930,The Gentle Night,Horror,2018
8931,A Silver Road,Thriller,1987
8932,Ancient Memory,Crime,1972
8933,Before the Urban Memory,Thriller,2022
8934,Road from Lisbon,Horror,2004
8935,Inside the Modern Legend,Drama,1993
8936,After Cairo Chapter 9,Thriller,1996
8937,A Hidden Carnival,Horror,1983
8938,Promise Theory Part 9,Thriller,1993
8939,The Savage Train,Crime,1979
8940,Before the Savage Whisper,Crime,2022
8941,Voyage from Venice,Sci-Fi,2023
8942,The Burning Castle,Comedy,2026
8943,Promise of Seoul,Thriller,2007
8944,Garden from Manila,Sci-Fi,1976
8945,A Last Machine,Romance,1999
8946,The First Whisper Case 7,Thriller,1991
8947,Urban Voyage,Mystery,1980
8948,Inside the Final Carnival,Romance,2002
8949,Beyond the Savage River,Comedy,1997
8950,The Savage Machine,Adventure,2007
8951,Return to Avalon,Thriller,1986
8952,Beyond the Scarlet Bridge,Sci-Fi,2006
8953,Beyond the Hidden Carnival,Romance,2016
8954,A Rising Promise,Action,1993
8955,After Iceland Chapter 3,Adventure,2013
8956,Beyond the Rising Secret,Sci-Fi,1980
8957,After Iceland Chapter 12,Horror,1971
8958,Whisper of Sydney,Adventure,2023
8959,After London Chapter 6,Adventure,1975
8960,Dublin Mirror,Animation,2001
8961,Beyond the Scarlet Ocean,Romance,1984
8962,Inside the Secret Whisper,Adventure,1988
8963,The Urban Night Case 4,Fantasy,1990
8964,After Cairo Chapter 12,Sci-Fi,1997
8965,Beyond the Quantum Voyage,Crime,1993
8966,Return to Avalon,Thriller,2006
8967,The Rising Bridge Case 2,Crime,2011
8968,A Wild Whisper,Mystery,1991
8969,Inside the Dark Voyage,Romance,2013
8970,The Quantum Heart,Sci-Fi,2015
8971,The Ancient Planet Case 3,Animation,1973
8972,Bridge of Prague,Crime,1977
8973,Voyage Theory Part 6,Drama,1982
8974,Inside the Gentle Road,Adventure,1971
8975,Inside the Rising Mirror,Thriller,2023
8976,Lonely Legend,Horror,2003
8977,The Galaxy of Mars,Adventure,2013
8978,Dark Empire Part 6,Fantasy,2015
8979,Inside the Golden Theater,Drama,2014
8980,Frozen Forest Part 6,Drama,1988
8981,Broken Voyage,Sci-Fi,1991
8982,Quantum Horizon,Fantasy,1982
8983,Return to Manila,Thriller,2015
8984,Rising City,Horror,1983
8985,Rome Bridge,Comedy,2017
8986,Beyond the Endless Carnival,Thriller,2017
8987,The First Castle,Romance,1992
8988,Inside the Secret Legend,Action,2007
8989,Silent Heart Part 12,Fantasy,2007
8990,Galaxy from Mars,Crime,2019
8991,Return to Boston,Animation,1996
8992,Beyond the Crystal Road,Thriller,2024
8993,The Bright Dream Case 12,Fantasy,1984
8994,The Secret Horizon,Action,2006
8995,Dark River Part 12,Animation,1975
8996,Savage Empire,Sci-Fi,1973
8997,The Endless Code,Adventure,2003
8998,After Boston Chapter 3,Drama,2017
8999,Promise from Paris,Horror,2005
9000,A Hidden Secret,Adventure,1972
9001,Beyond the Rising Theater,Sci-Fi,2018
9002,Beyond the Gentle Train,Sci-Fi,2009
9003,Before the Fallen Memory,Mystery,2016
9004,Dark Planet,Horror,1989
9005,Return to Boston,Adventure,1983
9006,Beyond the Savage Legend,Sci-Fi,2008
9007,The Horizon of Havana,Animation,1970
9008,A Royal Archive,Crime,2021
9009,A Rising Promise,Drama,2007
9010,Beyond the Electric Galaxy,Drama,1978
9011,Galaxy Theory Part 4,Animation,1984
9012,Inside the Quantum River,Drama,1988
9013,Return to Harbor,Drama,1994
9014,The Code of Harbor,Sci-Fi,1972
9015,Empire Theory Part 2,Adventure,2017
9016,Inside the Lonely Promise,Thriller,1978
9017,London Storm,Romance,1999
9018,The Final Dream,Action,1980
9019,Broken Signal,Romance,2022
9020,Endless Road,Horror,1999
9021,Inside the Electric Whisper,Sci-Fi,1992
9022,Dublin Carnival,Animation,2023
9023,A Final Whisper,Horror,1980
9024,Final Secret,Animation,2005
9025,The Frozen River Case 2,Adventure,2012
9026,Beyond the Wild Galaxy,Thriller,2002
9027,Night of Tokyo,Fantasy,1990
9028,Golden Storm Part 5,Crime,1999
9029,The Galaxy of Sydney,Drama,2019
9030,Heart from Tokyo,Action,2025
9031,Return to Berlin,Crime,1992
9032,A Last River,Thriller,1977
9033,Before the Frozen Garden,Animation,1976
9034,After Lisbon Chapter 12,Thriller,2020
9035,The Final Promise,Fantasy,1997
9036,Theater Theory Part 5,Crime,2011
9037,Return to Kyoto,Adventure,2002
9038,Crystal Train,Comedy,2025
9039,After Lisbon Chapter 12,Adventure,2014
9040,Brooklyn Legend,Sci-Fi,2021
9041,Return to Nevada,Drama,2018
9042,The Urban Train,Drama,2019
9043,Return to Berlin,Horror,1976
9044,A Scarlet Empire,Drama,1984
9045,Island Theory Part 9,Crime,2005
9046,Prague Mirror,Romance,2020
9047,Before the Scarlet Theater,Sci-Fi,2012
9048,The Ancient Archive Case 2,Mystery,1992
9049,After Harbor Chapter 3,Action,2016
9050,Return to Venice,Adventure,1972
9051,The Night of Tokyo,Thriller,1973
9052,The Royal Train,Action,1990
9053,Night Theory Part 8,Animation,1976
9054,Tokyo Planet,Sci-Fi,1976
9055,Crystal Promise Part 3,Drama,2000
9056,Mirror Theory Part 4,Thriller,2025
9057,The Electric Signal Case 2,Horror,1989
9058,The City of Dublin,Thriller,1989
9059,After Avalon Chapter 9,Adventure,2016
9060,Return to Kyoto,Adventure,1987
9061,Golden Forest,Action,1995
9062,Heart from Dublin,Comedy,1985
9063,Scarlet River,Crime,1979
9064,The Voyage of Manila,Horror,2002
9065,Golden Planet Part 4,Adventure,1999
9066,Before the Fallen Voyage,Sci-Fi,1997
9067,The Ancient Galaxy,Sci-Fi,2010
9068,Before the Bright River,Thriller,1970
9069,Frozen Machine Part 5,Sci-Fi,1979
9070,Inside the Secret Voyage,Fantasy,2021
9071,Return to Seoul,Romance,1993
9072,A Silent Heart,Comedy,1970
9073,The Machine of Lisbon,Adventure,2015
9074,Garden Theory Part 5,Fantasy,1990
9075,Before the Savage Bridge,Adventure,2008
9076,Beyond the Last Planet,Adventure,2018
9077,Urban Memory Part 11,Mystery,2022
9078,Beyond the Wild Heart,Romance,2025
9079,After Havana Chapter 5,Animation,2022
9080,After Boston Chapter 3,Thriller,2006
9081,Rome Empire,Sci-Fi,1987
9082,Whisper Theory Part 8,Animation,1977
9083,Brooklyn Road,Adventure,1983
9084,After Kyoto Chapter 9,Romance,2022
9085,Return to Atlantis,Crime,1994
9086,Golden Island Part 7,Sci-Fi,1979
9087,The Lonely Voyage Case 12,Animation,1999
9088,Signal from Mars,Crime,2026
9089,Quantum Castle,Thriller,2008
9090,Garden of Venice,Comedy,2025
9091,Mirror of Dublin,Horror,1974
9092,A Endless Forest,Romance,1973
9093,Shadow of Rome,Mystery,2003
9094,Train from Rome,Adventure,2011
9095,Inside the Frozen Promise,Action,1981
9096,Return to Sydney,Comedy,2021
9097,Before the Midnight Road,Fantasy,2017
9098,Secret of Seoul,Mystery,1980
9099,A Wild Mirror,Sci-Fi,1973
9100,Before the Frozen Empire,Adventure,1979
9101,The Machine of Kyoto,Fantasy,1997
9102,Inside the Secret Theater,Horror,1991
9103,Promise of Harbor,Thriller,2025
9104,Beyond the Lonely Empire,Romance,1987
9105,The Electric Storm,Fantasy,1978
9106,Beyond the Burning Heart,Fantasy,2007
9107,Silver Signal,Horror,1992
9108,Bridge from Rome,Sci-Fi,1981
9109,The Code of Mars,Drama,1977
9110,City of Mars,Animation,1975
9111,The Broken Voyage,Horror,2016
9112,Beyond the Savage Theater,Sci-Fi,2003
9113,A Golden Galaxy,Animation,2015
9114,The Garden of Manila,Horror,2010
9115,The Rising Archive Case 10,Fantasy,2024
9116,After Lisbon Chapter 11,Mystery,1982
9117,Hidden Road,Action,1999
9118,Inside the Modern Road,Fantasy,2006
9119,Return to Boston,Thriller,2005
9120,Urban Memory Part 7,Drama,1972
9121,Return to Cairo,Adventure,1996
9122,Lost Mirror Part 12,Romance,2003
9123,The Ocean of Berlin,Crime,1980
9124,A Silent Empire,Fantasy,2005
9125,Signal from Harbor,Horror,1981
9126,After Atlantis Chapter 2,Horror,1989
9127,Savage Train Part 6,Action,2013
9128,Island of Mars,Fantasy,2003
9129,The First Machine Case 3,Horror,1996
9130,Beyond the Secret Whisper,Sci-Fi,1984
9131,The Code of Paris,Horror,2014
9132,The Urban Castle Case 9,Fantasy,1997
9133,Inside the Broken Dream,Mystery,1991
9134,Inside the Secret Heart,Action,1973
9135,Boston Promise,Sci-Fi,1997
9136,After Boston Chapter 5,Thriller,1998
9137,Signal of Berlin,Mystery,1971
9138,Empire Theory Part 4,Drama,1982
9139,Inside the Lonely Island,Drama,2023
9140,Road Theory Part 2,Animation,2020
9141,Inside the Scarlet Heart,Horror,2014
9142,Island of Paris,Drama,1986
9143,Mars Empire,Horror,2006
9144,The Dream of Atlantis,Animation,1979
9145,River Theory Part 2,Sci-Fi,1989
9146,The Promise of Kyoto,Mystery,2003
9147,The Rising Promise,Fantasy,2006
9148,Beyond the Scarlet Night,Crime,2002
9149,River Theory Part 11,Action,2007
9150,A Golden Road,Crime,1972
9151,Mirror from Boston,Fantasy,1993
9152,The Legend of Rome,Animation,2015
9153,Burning Code,Horror,2013
9154,Prague City,Romance,1971
9155,A Velvet Code,Adventure,1970
9156,The Storm of Sydney,Thriller,1990
9157,Beyond the Lonely Machine,Adventure,1971
9158,Return to Nevada,Thriller,2020
9159,Garden Theory Part 8,Crime,1983
9160,Before the Wild Road,Horror,1980
9161,Inside the Endless Train,Drama,2004
9162,The Final City Case 12,Romance,2024
9163,A Lost Forest,Horror,1998
9164,After Sahara Chapter 2,Drama,2022
9165,Return to Mars,Sci-Fi,1986
9166,Before the Crystal Code,Mystery,1982
9167,The Wild Night,Action,1978
9168,A Crystal Dream,Animation,2019
9169,Before the Savage Shadow,Crime,1994
9170,Inside the Neon Castle,Romance,1974
9171,Inside the Wild Code,Drama,2017
9172,Inside the Gentle Heart,Animation,1980
9173,Hidden Horizon Part 10,Drama,1994
9174,Nevada Secret,Adventure,2002
9175,A Fallen City,Adventure,1997
9176,Horizon of Prague,Thriller,1985
9177,Return to Seoul,Thriller,1974
9178,Inside the Final Signal,Animation,1991
9179,Tokyo Legend,Mystery,1986
9180,Rome Horizon,Drama,2001
9181,Signal Theory Part 3,Thriller,2017
9182,The Theater of Iceland,Sci-Fi,1993
9183,The Silent Legend,Comedy,2003
9184,Signal of Havana,Fantasy,1979
9185,Island from Kyoto,Mystery,1991
9186,A Royal Heart,Thriller,2007
9187,Memory Theory Part 4,Horror,2005
9188,The Golden Road,Romance,2013
9189,Avalon Storm,Action,1992
9190,Empire of Cairo,Sci-Fi,2021
9191,The Garden of Dublin,Sci-Fi,2026
9192,Shadow Theory Part 11,Crime,2024
9193,Quantum Road,Romance,1988
9194,Before the Dark Signal,Adventure,1971
9195,The Hidden Secret Case 10,Sci-Fi,1997
9196,The Golden Theater Case 6,Animation,2004
9197,Secret from Havana,Thriller,1982
9198,Return to Iceland,Horror,2004
9199,The Golden Ocean Case 2,Horror,2007
9200,Heart Theory Part 8,Adventure,2002
9201,The Velvet Archive,Action,1972
9202,Lisbon Forest,Romance,2020
9203,Storm from Berlin,Crime,1982
9204,Endless Road,Drama,1983
9205,Before the Final Secret,Sci-Fi,2010
9206,Beyond the Gentle Memory,Comedy,1986
9207,Promise from Nevada,Fantasy,2008
9208,After Havana Chapter 7,Crime,1983
9209,The Legend of Cairo,Mystery,1980
9210,Last Voyage,Thriller,1986
9211,The Velvet Promise Case 7,Drama,1996
9212,Mars Mirror,Romance,1990
9213,The Royal Theater Case 6,Animation,1996
9214,The Silent Castle,Comedy,1986
9215,The Rising Theater,Animation,1989
9216,Legend from Atlantis,Mystery,2009
9217,After Sydney Chapter 2,Animation,1974
9218,Last Empire,Animation,1986
9219,Kyoto Ocean,Comedy,1983
9220,Return to Berlin,Romance,2008
9221,Frozen City,Romance,2018
9222,Machine of Nevada,Mystery,1992
9223,A Frozen Road,Crime,2015
9224,Inside the Silver Train,Romance,1990
9225,River from Prague,Animation,1991
9226,After Seoul Chapter 10,Comedy,2004
9227,Seoul Forest,Thriller,1984
9228,After Sahara Chapter 12,Thriller,2025
9229,The Scarlet Machine Case 7,Action,1972
9230,Machine Theory Part 9,Fantasy,2002
9231,After Venice Chapter 2,Crime,2018
9232,Shadow from Prague,Thriller,2020
9233,Inside the Last Code,Horror,1972
9234,After Seoul Chapter 8,Animation,2021
9235,Burning Night,Fantasy,1988
9236,Inside the Electric City,Animation,1974
9237,The Midnight Storm,Horror,1984
9238,Endless City Part 8,Action,1973
9239,Electric Bridge Part 3,Crime,2024
9240,Urban Legend Part 10,Drama,2013
9241,A Secret Dream,Animation,1996
9242,Ocean Theory Part 9,Action,1975
9243,Golden Train Part 12,Animation,1988
9244,The Memory of Sahara,Drama,2001
9245,Before the Royal Signal,Animation,1995
9246,After Rome Chapter 3,Romance,2025
9247,Crystal Legend Part 11,Thriller,1974
9248,Inside the Midnight Memory,Crime,2000
9249,Wild Legend Part 12,Thriller,2000
9250,Gentle Storm,Mystery,1970
9251,Silver Storm Part 5,Action,2003
9252,Mars Theater,Horror,1988
9253,Island from Berlin,Drama,2004
9254,Prague Voyage,Sci-Fi,2021
9255,After Tokyo Chapter 3,Sci-Fi,2016
9256,The Quantum Forest,Animation,1974
9257,Kyoto Shadow,Horror,1983
9258,Night from Sydney,Drama,1971
9259,Horizon Theory Part 4,Thriller,2004
9260,Beyond the Burning Secret,Fantasy,2019
9261,Return to Boston,Animation,1975
9262,The Road of Berlin,Sci-Fi,2017
9263,Beyond the Quantum Promise,Mystery,1984
9264,The Horizon of Tokyo,Adventure,1974
9265,The Royal Dream,Thriller,2005
9266,Code Theory Part 5,Adventure,1999
9267,The Hidden Storm Case 8,Romance,1990
9268,Velvet Whisper Part 3,Action,2020
9269,Before the Neon Island,Thriller,1997
9270,A Crystal Whisper,Mystery,2025
9271,The Rising Legend Case 9,Drama,2005
9272,A Velvet Island,Adventure,1982
9273,Seoul City,Animation,2024
9274,Beyond the Midnight Voyage,Drama,1978
9275,The Fallen Archive,Animation,2006
9276,Return to Mars,Sci-Fi,1993
9277,The Modern Promise,Drama,1996
9278,The Bright Castle Case 11,Fantasy,2012
9279,A First Garden,Crime,1970
9280,Beyond the First Signal,Horror,2008
9281,The Secret Heart Case 3,Drama,2024
9282,Broken Planet Part 9,Fantasy,1982
9283,Beyond the Modern Machine,Drama,1970
9284,A Dark Planet,Thriller,1982
9285,After Avalon Chapter 12,Comedy,1982
9286,Beyond the Burning Castle,Crime,1978
9287,Ocean Theory Part 5,Drama,1981
9288,Inside the Secret River,Drama,2008
9289,Return to Sydney,Thriller,1971
9290,Empire of Mars,Crime,1989
9291,Before the Last Horizon,Animation,2014
9292,Last Promise,Sci-Fi,1990
9293,Mars Dream,Action,1992
9294,A Final Ocean,Thriller,1988
9295,Golden Empire Part 6,Thriller,1986
9296,Island from Tokyo,Animation,1987
9297,Promise from Dublin,Mystery,2003
9298,Bright City Part 4,Thriller,1971
9299,After Iceland Chapter 10,Thriller,1979
9300,Secret Theory Part 7,Comedy,1990
9301,The First Mirror,Animation,1980
9302,The Golden Night Case 7,Comedy,1975
9303,Secret Carnival Part 2,Adventure,2011
9304,A Golden Road,Romance,1992
9305,A Fallen Road,Action,1986
9306,Beyond the Fallen Road,Thriller,1975
9307,Before the Dark Machine,Romance,2003
9308,Velvet Night,Drama,2005
9309,After Dublin Chapter 10,Horror,2020
9310,Before the Scarlet Voyage,Drama,2001
9311,Before the Royal City,Adventure,2011
9312,Burning Archive Part 2,Sci-Fi,2022
9313,Dream from London,Drama,1992
9314,After Manila Chapter 2,Comedy,2006
9315,Inside the Silver Forest,Drama,2025
9316,Beyond the Burning Night,Adventure,1995
9317,The Machine of Cairo,Sci-Fi,1997
9318,Before the Quantum Galaxy,Animation,2007
9319,Berlin Signal,Comedy,2011
9320,Whisper of Venice,Adventure,2022
9321,The Burning Forest,Sci-Fi,1979
9322,The Golden Night Case 11,Adventure,1993
9323,The Heart of Manila,Adventure,2011
9324,Beyond the Burning Heart,Animation,2002
9325,Empire from Prague,Comedy,1979
9326,The Secret Promise Case 5,Crime,1986
9327,Island from Iceland,Sci-Fi,2026
9328,Velvet Bridge Part 12,Adventure,2001
9329,Dark Archive,Horror,1980
9330,A Golden Mirror,Thriller,1991
9331,After Atlantis Chapter 3,Adventure,2025
9332,Inside the Last Planet,Adventure,2000
9333,Sahara Voyage,Thriller,2019
9334,The Garden of Boston,Adventure,1985
9335,Wild Empire Part 10,Action,1989
9336,A Silver Galaxy,Fantasy,2010
9337,Inside the Quantum Train,Mystery,1992
9338,Inside the Crystal Voyage,Horror,2011
9339,Beyond the Velvet Galaxy,Sci-Fi,2014
9340,Venice Archive,Animation,1978
9341,After Kyoto Chapter 4,Action,1970
9342,The Shadow of Paris,Sci-Fi,1971
9343,Paris Garden,Action,1999
9344,After Sahara Chapter 7,Drama,2024
9345,Night Theory Part 10,Mystery,2026
9346,Beyond the Frozen Promise,Comedy,2024
9347,A Crystal Planet,Drama,1976
9348,The Electric Code,Animation,2000
9349,The Gentle Empire Case 7,Horror,2022
9350,Dream from Tokyo,Action,2012
9351,Inside the Midnight City,Crime,2021
9352,The Urban Secret Case 4,Crime,2026
9353,After London Chapter 12,Mystery,2018
9354,Beyond the Hidden Heart,Sci-Fi,2003
9355,Velvet Horizon,Horror,1980
9356,Lisbon Train,Animation,2007
9357,After Avalon Chapter 11,Mystery,2007
9358,A Crystal Island,Animation,2016
9359,Silent River Part 6,Sci-Fi,2024
9360,Night Theory Part 11,Comedy,1979
9361,Return to Havana,Mystery,1982
9362,Urban Road,Adventure,1974
9363,Inside the Velvet Forest,Crime,1978
9364,A Midnight Storm,Fantasy,2022
9365,Beyond the Modern Horizon,Drama,2026
9366,After Mars Chapter 7,Action,1991
9367,After Manila Chapter 11,Thriller,1982
9368,Midnight River Part 8,Comedy,2000
9369,The Lost Heart,Romance,2017
9370,Harbor Carnival,Thriller,1980
9371,Beyond the Last Signal,Romance,1994
9372,Memory Theory Part 10,Sci-Fi,1977
9373,A Crystal Island,Mystery,1975
9374,The Horizon of London,Mystery,1971
9375,Before the Electric Horizon,Adventure,1997
9376,Beyond the Endless Legend,Animation,2001
9377,Beyond the Broken Road,Romance,2023
9378,River from Lisbon,Mystery,1982
9379,City Theory Part 5,Crime,1985
9380,Tokyo Code,Animation,2005
9381,A Scarlet Storm,Romance,2022
9382,Return to Atlantis,Crime,1988
9383,The Fallen Dream,Romance,1977
9384,Before the Neon Ocean,Sci-Fi,1979
9385,The Castle of Berlin,Sci-Fi,1995
9386,After Manila Chapter 2,Horror,2003
9387,Mirror of Sydney,Action,1975
9388,Voyage Theory Part 12,Romance,2017
9389,Train Theory Part 5,Fantasy,2025
9390,The Lonely Empire,Mystery,2016
9391,The Final River Case 6,Horror,1974
9392,Inside the Crystal Bridge,Horror,1980
9393,Last Storm Part 5,Thriller,1970
9394,Iceland Bridge,Comedy,2001
9395,After Sydney Chapter 3,Comedy,1991
9396,Dark City Part 3,Sci-Fi,1991
9397,Promise Theory Part 11,Adventure,1974
9398,Beyond the Silver Bridge,Comedy,1991
9399,Quantum Secret,Thriller,1977
9400,Bright Heart,Sci-Fi,1995
9401,Inside the First Memory,Thriller,1981
9402,The Ancient Mirror,Mystery,1970
9403,The Road of Kyoto,Animation,1971
9404,After Sahara Chapter 2,Drama,2007
9405,Silver Machine Part 4,Action,2023
9406,The Island of Boston,Adventure,1992
9407,Legend of Avalon,Horror,1979
9408,Galaxy from Avalon,Thriller,2016
9409,Beyond the Electric Secret,Drama,1982
9410,Code from Nevada,Fantasy,2012
9411,Before the Quantum Carnival,Romance,2025
9412,Nevada Horizon,Adventure,1974
9413,A Quantum Theater,Horror,1986
9414,The Silent Empire Case 11,Horror,2004
9415,After Tokyo Chapter 12,Mystery,1997
9416,The First Code,Sci-Fi,2015
9417,Theater from Rome,Crime,1985
9418,After Rome Chapter 7,Mystery,1973
9419,Before the Quantum River,Thriller,2020
9420,A Burning Secret,Drama,2005
9421,Beyond the Last Night,Horror,1985
9422,Rome City,Adventure,2007
9423,Signal Theory Part 6,Comedy,2002
9424,After Venice Chapter 2,Comedy,1993
9425,Before the Midnight Code,Sci-Fi,1997
9426,Neon Road,Horror,1972
9427,A Neon Signal,Drama,1983
9428,The Modern Road Case 6,Horror,2026
9429,Before the Neon Galaxy,Drama,1997
9430,The Lonely Planet,Comedy,2024
9431,Inside the First Signal,Action,1995
9432,Return to Berlin,Drama,2025
9433,A Last Whisper,Thriller,2026
9434,Train from Sahara,Horror,2016
9435,Theater from Cairo,Adventure,2024
9436,After London Chapter 2,Mystery,1990
9437,Secret Promise,Mystery,2003
9438,The Code of Avalon,Animation,1990
9439,Return to Havana,Horror,2001
9440,Return to Berlin,Drama,2001
9441,After Lisbon Chapter 3,Romance,2018
9442,Inside the Rising Forest,Thriller,2023
9443,Return to Cairo,Action,2015
9444,A Ancient Road,Sci-Fi,2004
9445,After Atlantis Chapter 10,Horror,2000
9446,Tokyo Code,Fantasy,1977
9447,Golden River Part 4,Romance,1980
9448,The Midnight Machine Case 12,Crime,2025
9449,The Burning Road Case 7,Crime,2018
9450,The Promise of Brooklyn,Crime,2015
9451,The Silent Code,Thriller,1984
9452,City from Brooklyn,Thriller,2012
9453,Beyond the Lost City,Fantasy,1974
9454,Mirror from Sahara,Sci-Fi,2021
9455,The Hidden Legend,Horror,2025
9456,Inside the Golden Mirror,Animation,2017
9457,Machine of Manila,Thriller,2003
9458,Dream Theory Part 3,Thriller,1970
9459,Seoul Horizon,Horror,1988
9460,Scarlet Carnival,Thriller,2003
9461,Mirror from Iceland,Sci-Fi,2023
9462,A Royal Machine,Drama,1970
9463,Cairo Road,Thriller,1999
9464,The First Legend Case 12,Action,1973
9465,The Train of Avalon,Action,2008
9466,Return to Havana,Action,2024
9467,Secret Garden,Animation,1993
9468,Inside the Fallen Forest,Thriller,2008
9469,Before the Secret Secret,Comedy,1976
9470,Savage Island,Horror,2002
9471,Galaxy from Sydney,Mystery,1997
9472,The Hidden Planet,Drama,1988
9473,Voyage from Cairo,Crime,1985
9474,Cairo Train,Fantasy,2024
9475,Castle Theory Part 8,Horror,2010
9476,The Broken Empire,Crime,2011
9477,Before the Electric Road,Horror,2023
9478,Code Theory Part 9,Action,1979
9479,After Havana Chapter 8,Drama,2002
9480,Wild Archive Part 6,Animation,2002
9481,Memory Theory Part 3,Crime,2020
9482,Beyond the Fallen Bridge,Animation,2022
9483,Before the Dark Mirror,Drama,1999
9484,The Modern Theater Case 8,Comedy,2015
9485,Manila Galaxy,Mystery,2016
9486,The Last Train,Horror,1997
9487,A Lost Legend,Comedy,2007
9488,Inside the Velvet Storm,Adventure,2011
9489,Inside the Endless Voyage,Crime,2022
9490,After Rome Chapter 6,Comedy,1981
9491,Scarlet Heart Part 3,Comedy,1998
9492,A Savage Promise,Sci-Fi,2000
9493,Inside the Burning Garden,Drama,1980
9494,Beyond the Quantum Code,Drama,1975
9495,Sydney Forest,Action,2002
9496,A Secret Road,Action,1978
9497,Beyond the Velvet Mirror,Adventure,1986
9498,Wild Island Part 2,Thriller,1996
9499,Archive from Dublin,Romance,1970
9500,The Whisper of Cairo,Drama,2002
9501,The Royal Island Case 12,Adventure,2013
9502,After Mars Chapter 11,Sci-Fi,2013
9503,Beyond the Royal Ocean,Comedy,1988
9504,The Royal Island,Crime,1975
9505,Return to Berlin,Mystery,2005
9506,The Silver Archive Case 12,Mystery,2020
9507,Fallen Planet Part 8,Fantasy,2020
9508,Quantum Island Part 11,Romance,2020
9509,Horizon from Paris,Drama,1986
9510,Bridge Theory Part 4,Mystery,2011
9511,After Brooklyn Chapter 4,Crime,1970
9512,The Rising River Case 5,Sci-Fi,2009
9513,The Savage Garden Case 2,Comedy,1979
9514,A Silver Planet,Comedy,1983
9515,Code of Atlantis,Sci-Fi,1999
9516,Code Theory Part 2,Action,1973
9517,Machine of Seoul,Horror,1971
9518,Promise Theory Part 4,Mystery,2024
9519,Kyoto Heart,Drama,2015
9520,The Broken Island,Thriller,2017
9521,Lonely Theater,Adventure,1998
9522,After Iceland Chapter 11,Crime,2011
9523,Rome Theater,Action,2005
9524,Beyond the Lonely Storm,Action,2004
9525,After Havana Chapter 8,Horror,1984
9526,After Seoul Chapter 4,Fantasy,1994
9527,Return to Sydney,Crime,2021
9528,Mars Forest,Sci-Fi,1996
9529,Island of Sydney,Fantasy,2004
9530,The Forest of Nevada,Action,1986
9531,Silver Theater,Comedy,2021
9532,Harbor Code,Animation,1993
9533,Endless Heart Part 11,Animation,2017
9534,Scarlet Train,Sci-Fi,2018
9535,Royal Planet,Adventure,2008
9536,The Gentle Galaxy,Comedy,1980
9537,Ocean of Rome,Horror,2015
9538,The Savage Garden Case 4,Romance,1987
9539,Mirror from Sydney,Crime,2018
9540,Night Theory Part 11,Adventure,1976
9541,After Cairo Chapter 4,Action,2004
9542,After Mars Chapter 4,Adventure,1973
9543,Memory from London,Horror,1972
9544,Forest of Brooklyn,Crime,1977
9545,Return to Cairo,Horror,1998
9546,Sydney Whisper,Mystery,2002
9547,Return to Sahara,Thriller,2000
9548,The Royal Shadow Case 2,Animation,2016
9549,A Hidden Empire,Animation,1979
9550,After Sahara Chapter 6,Horror,2002
9551,Garden of Lisbon,Horror,2016
9552,The Quantum Legend,Drama,2012
9553,Silent Storm,Fantasy,2026
9554,Horizon from Dublin,Fantasy,1998
9555,A Silent Road,Adventure,2016
9556,Urban Bridge,Fantasy,2009
9557,Before the Bright Heart,Thriller,2016
9558,Savage City,Thriller,1983
9559,After Cairo Chapter 4,Horror,2003
9560,A Golden Empire,Horror,1974
9561,Road of Havana,Action,2010
9562,Inside the Modern Carnival,Adventure,2009
9563,Theater from Mars,Horror,1997
9564,Return to Tokyo,Sci-Fi,2008
9565,Machine from Prague,Horror,1983
9566,A Scarlet Bridge,Drama,2014
9567,Mirror of Nevada,Drama,1999
9568,Final Legend Part 9,Crime,2026
9569,A Frozen Whisper,Thriller,1985
9570,Garden Theory Part 3,Action,2013
9571,Ocean from Iceland,Action,1978
9572,Before the Last Legend,Horror,2017
9573,Atlantis Shadow,Drama,1993
9574,The Ancient Whisper Case 11,Action,1984
9575,A Burning Empire,Mystery,1999
9576,Beyond the Crystal Promise,Romance,2012
9577,Hidden Bridge,Romance,2004
9578,Beyond the Frozen Forest,Drama,2008
9579,Return to Berlin,Adventure,2001
9580,The First Mirror Case 12,Sci-Fi,1987
9581,Venice Legend,Adventure,1997
9582,Before the Scarlet Galaxy,Romance,1999
9583,Code of Avalon,Animation,1997
9584,Return to Brooklyn,Horror,1987
9585,The Crystal Code Case 4,Romance,1986
9586,Lonely Secret Part 3,Animation,1983
9587,Mirror from Dublin,Thriller,2008
9588,Carnival Theory Part 4,Action,2007
9589,Dark Voyage,Fantasy,2007
9590,Voyage from Dublin,Animation,2013
9591,The Midnight Storm Case 11,Horror,1975
9592,The Dream of Mars,Animation,2025
9593,Prague Island,Romance,2009
9594,Endless Machine Part 8,Crime,2015
9595,Whisper of Kyoto,Romance,1983
9596,Return to Manila,Thriller,1999
9597,After Cairo Chapter 2,Mystery,1986
9598,The Gentle Signal Case 7,Mystery,2019
9599,Voyage of Cairo,Comedy,1970
9600,London Theater,Thriller,2020
9601,Heart Theory Part 11,Crime,2014
9602,Return to Tokyo,Thriller,1977
9603,Train from London,Horror,1978
9604,Inside the Scarlet Ocean,Crime,2009
9605,Avalon Road,Fantasy,1998
9606,After Kyoto Chapter 10,Sci-Fi,1999
9607,A Savage Empire,Romance,1972
9608,Inside the Modern Legend,Crime,2017
9609,The Royal Road Case 5,Thriller,1985
9610,Signal from Boston,Action,2008
9611,Galaxy from Dublin,Action,2006
9612,Beyond the Ancient Legend,Mystery,2018
9613,Empire from Cairo,Horror,2015
9614,Before the Golden Machine,Fantasy,1993
9615,After Iceland Chapter 5,Action,1977
9616,Savage Ocean Part 12,Thriller,1973
9617,First Mirror,Fantasy,1983
9618,Beyond the Lost River,Fantasy,1973
9619,Beyond the Savage Road,Action,2023
9620,Before the Wild Whisper,Crime,2002
9621,A Broken Night,Comedy,1977
9622,The Midnight Secret,Crime,1984
9623,Silver Archive,Romance,1995
9624,The Neon Promise,Crime,1971
9625,Beyond the Broken Dream,Romance,1982
9626,The Savage Ocean Case 3,Animation,2023
9627,Horizon of Sahara,Crime,2000
9628,Neon Train,Animation,1999
9629,Train of Iceland,Adventure,1994
9630,Inside the Final Road,Horror,2015
9631,After Mars Chapter 2,Horror,2019
9632,Beyond the First Voyage,Drama,1984
9633,The Road of Kyoto,Animation,2008
9634,Before the Bright Mirror,Sci-Fi,1988
9635,Tokyo Legend,Mystery,2024
9636,Castle from Venice,Horror,1970
9637,Beyond the Golden River,Romance,2014
9638,Royal Road Part 7,Horror,1994
9639,Secret from Dublin,Sci-Fi,1989
9640,Before the Secret River,Thriller,2003
9641,Inside the Hidden Night,Comedy,1986
9642,The Train of Berlin,Fantasy,1987
9643,Before the Hidden Bridge,Sci-Fi,1998
9644,Inside the Final Road,Adventure,1973
9645,Beyond the Silver Empire,Mystery,2006
9646,Storm of Harbor,Drama,1986
9647,Silver Carnival,Comedy,1986
9648,Urban Code,Romance,2010
9649,Heart from Brooklyn,Action,1979
9650,After Rome Chapter 12,Adventure,1976
9651,Island Theory Part 2,Drama,2013
9652,The Dream of Manila,Sci-Fi,2000
9653,The Burning Heart,Crime,1995
9654,Havana Secret,Romance,1973
9655,The Night of Dublin,Drama,2023
9656,Horizon Theory Part 11,Fantasy,2024
9657,Ocean from London,Crime,1985
9658,After Mars Chapter 2,Crime,1971
9659,The Ocean of Berlin,Drama,1999
9660,Lost Bridge,Drama,2018
9661,The Final Horizon Case 12,Fantasy,2020
9662,Lonely Dream,Sci-Fi,2001
9663,The Midnight Galaxy,Sci-Fi,2015
9664,A Savage Machine,Action,1972
9665,The Savage Dream,Horror,1994
9666,Before the Lost Theater,Thriller,2026
9667,After Avalon Chapter 5,Drama,1989
9668,Garden from Kyoto,Adventure,2018
9669,Neon Shadow,Comedy,1980
9670,The Electric Night,Comedy,1980
9671,Road Theory Part 10,Crime,1982
9672,After Manila Chapter 8,Fantasy,2015
9673,The Golden Mirror,Action,2006
9674,After Paris Chapter 10,Action,2015
9675,Last Night Part 11,Fantasy,1987
9676,The Frozen Train,Drama,1976
9677,Inside the Silver Legend,Thriller,1983
9678,The Whisper of Boston,Sci-Fi,1970
9679,After Atlantis Chapter 3,Horror,1982
9680,Heart Theory Part 8,Animation,2017
9681,Garden of Tokyo,Sci-Fi,2022
9682,The Crystal Signal,Drama,1988
9683,Theater from Sahara,Romance,1991
9684,Voyage Theory Part 5,Sci-Fi,2011
9685,Harbor Mirror,Mystery,2003
9686,The Electric Horizon Case 2,Fantasy,1989
9687,Beyond the Ancient Castle,Drama,2015
9688,Code of Lisbon,Fantasy,2019
9689,The Scarlet Voyage,Horror,2018
9690,A Scarlet Secret,Fantasy,1973
9691,Return to Kyoto,Horror,2003
9692,After Atlantis Chapter 4,Comedy,1981
9693,Road from Dublin,Animation,2014
9694,Inside the Lonely Legend,Sci-Fi,1996
9695,The Bright Theater Case 3,Romance,2011
9696,Inside the Lonely Promise,Fantasy,1977
9697,Beyond the Velvet Dream,Animation,1971
9698,Return to Iceland,Action,1989
9699,Before the Hidden Night,Drama,1999
9700,Return to Tokyo,Adventure,2021
9701,Return to Lisbon,Thriller,1978
9702,Whisper of Harbor,Romance,2000
9703,Return to Berlin,Thriller,2007
9704,Forest from Nevada,Horror,1976
9705,Before the Last Road,Thriller,2009
9706,A Golden Whisper,Drama,2023
9707,Beyond the Dark Machine,Sci-Fi,2015
9708,The Golden Forest Case 6,Romance,1997
9709,Before the Frozen River,Animation,2002
9710,The Endless Bridge Case 8,Animation,1985
9711,The Wild River Case 10,Thriller,2004
9712,Ocean Theory Part 8,Animation,2015
9713,Final Castle,Mystery,2016
9714,The Quantum Island,Romance,2023
9715,Horizon Theory Part 4,Animation,2015
9716,Inside the Broken Dream,Crime,2010
9717,The Midnight Island,Crime,2000
9718,The Voyage of Dublin,Adventure,1995
9719,Lonely Empire,Sci-Fi,2006
9720,Bright Planet,Drama,2021
9721,Beyond the Scarlet Garden,Comedy,1987
9722,Tokyo Horizon,Comedy,2019
9723,The Horizon of Iceland,Horror,1975
9724,Dream from Nevada,Sci-Fi,1991
9725,Last Whisper Part 12,Adventure,2014
9726,Before the Hidden Theater,Action,1995
9727,The Crystal Forest Case 2,Drama,2018
9728,Heart of Mars,Thriller,1994
9729,The Hidden Code,Animation,1990
9730,Before the Fallen River,Animation,1988
9731,Return to Boston,Animation,2005
9732,Prague Signal,Horror,2022
9733,The Legend of Lisbon,Fantasy,2016
9734,Return to Sahara,Action,1995
9735,Horizon of Cairo,Fantasy,2021
9736,The Lost Train Case 6,Thriller,2021
9737,After Seoul Chapter 8,Fantasy,2022
9738,Dream Theory Part 7,Drama,1996
9739,Heart of Berlin,Sci-Fi,2023
9740,Modern City,Sci-Fi,2008
9741,Before the Rising Theater,Animation,2016
9742,The Bright Secret,Action,2022
9743,After Mars Chapter 10,Horror,1983
9744,Beyond the Burning Voyage,Sci-Fi,2015
9745,The Silver Dream Case 9,Mystery,1970
9746,The Road of Paris,Thriller,1995
9747,Silver Machine Part 6,Thriller,2019
9748,Lonely Voyage Part 5,Romance,1970
9749,Rising Promise,Drama,2006
9750,The Quantum Road Case 2,Fantasy,1996
9751,Rome Promise,Adventure,1991
9752,Frozen Theater Part 2,Adventure,2002
9753,The Scarlet Dream Case 9,Drama,1993
9754,Signal of Lisbon,Animation,1996
9755,Rome Ocean,Horror,2014
9756,After Nevada Chapter 6,Mystery,2013
9757,Road Theory Part 11,Animation,1998
9758,The Crystal Horizon Case 10,Horror,1985
9759,The Golden Road Case 8,Mystery,2007
9760,After Lisbon Chapter 2,Drama,1987
9761,Broken City,Mystery,1988
9762,Machine of Prague,Comedy,1997
9763,Frozen Night Part 5,Drama,2004
9764,City Theory Part 2,Romance,2009
9765,A Quantum City,Drama,1994
9766,Road Theory Part 2,Crime,1985
9767,Kyoto Train,Romance,2021
9768,Inside the Savage Shadow,Crime,2024
9769,Venice Empire,Adventure,1998
9770,Golden Ocean Part 9,Comedy,2001
9771,The Frozen Signal,Animation,2020
9772,Boston Whisper,Drama,2004
9773,After Havana Chapter 4,Action,2010
9774,Before the Gentle Mirror,Action,2011
9775,Beyond the Gentle Forest,Romance,2010
9776,Neon Memory,Animation,2008
9777,Inside the Ancient Bridge,Drama,2022
9778,Dream from Manila,Romance,1981
9779,Voyage of Lisbon,Romance,2009
9780,The Planet of Brooklyn,Mystery,1975
9781,Before the Endless Signal,Comedy,1992
9782,Silent Island Part 7,Animation,2009
9783,Inside the Broken Secret,Crime,2025
9784,Beyond the Gentle River,Horror,2002
9785,Whisper Theory Part 11,Fantasy,2018
9786,After Seoul Chapter 7,Romance,1992
9787,Return to Seoul,Crime,1990
9788,A Savage City,Sci-Fi,2017
9789,Broken Heart Part 4,Sci-Fi,2018
9790,Theater from London,Comedy,2016
9791,Beyond the First River,Horror,1982
9792,Galaxy of Nevada,Animation,1987
9793,Iceland Road,Thriller,1995
9794,Beyond the Silver Signal,Adventure,1992
9795,Beyond the Quantum Forest,Drama,1981
9796,The Heart of Sahara,Romance,2017
9797,Royal Night,Sci-Fi,2012
9798,Lonely Island,Sci-Fi,2012
9799,The Electric Storm Case 10,Fantasy,2015
9800,Return to Avalon,Crime,2004
9801,After Mars Chapter 4,Horror,2003
9802,Mirror from Havana,Thriller,1984
9803,A Ancient Memory,Mystery,2013
9804,Promise Theory Part 5,Horror,1998
9805,Before the Bright Machine,Crime,2010
9806,Beyond the Fallen Bridge,Horror,1987
9807,A First Signal,Animation,2012
9808,Inside the Lost Carnival,Romance,2009
9809,Inside the Crystal Dream,Thriller,1984
9810,Castle of Harbor,Crime,1980
9811,Inside the Modern Promise,Thriller,2007
9812,A Wild Empire,Animation,1973
9813,Heart from Seoul,Romance,2015
9814,The Silver Garden,Adventure,2007
9815,Code of Nevada,Horror,1985
9816,Night from Brooklyn,Horror,2013
9817,Inside the Last Storm,Romance,1974
9818,Paris Voyage,Crime,1970
9819,Inside the Velvet Bridge,Horror,1977
9820,Beyond the Electric Garden,Comedy,1970
9821,Secret Road,Drama,2004
9822,The Fallen Planet Case 9,Comedy,2009
9823,Planet from Kyoto,Thriller,2015
9824,A Lonely City,Fantasy,1980
9825,After Prague Chapter 7,Action,2024
9826,A Ancient Island,Crime,2001
9827,Inside the Scarlet Memory,Comedy,2014
9828,The Frozen Mirror,Horror,2019
9829,Archive of Brooklyn,Adventure,2022
9830,Mirror of Manila,Animation,1998
9831,Beyond the Hidden Forest,Action,1986
9832,Modern Road Part 9,Horror,1985
9833,Return to Sahara,Sci-Fi,2006
9834,Inside the Midnight Storm,Fantasy,1987
9835,Train of Sahara,Adventure,2001
9836,After Sahara Chapter 4,Animation,1976
9837,First Carnival Part 2,Horror,1985
9838,The Voyage of Berlin,Mystery,1978
9839,The Forest of Dublin,Sci-Fi,1980
9840,Return to Tokyo,Animation,2024
9841,Carnival from Sahara,Adventure,2016
9842,City from Dublin,Thriller,2024
9843,Return to Seoul,Sci-Fi,1976
9844,Signal of Harbor,Drama,2008
9845,The Gentle Secret Case 8,Adventure,2011
9846,The Savage Galaxy Case 11,Mystery,2017
9847,Carnival from Lisbon,Animation,1992
9848,Inside the Golden Voyage,Animation,2001
9849,Theater from Venice,Romance,2008
9850,After Havana Chapter 3,Fantasy,1991
9851,Neon Theater Part 3,Romance,2007
9852,Castle from Harbor,Mystery,1987
9853,Island of Nevada,Thriller,2008
9854,The Signal of London,Thriller,1993
9855,Promise Theory Part 9,Animation,2002
9856,The Hidden Shadow,Drama,2006
9857,After Cairo Chapter 2,Thriller,1977
9858,Endless Signal Part 4,Fantasy,1973
9859,The Silver Castle,Horror,1980
9860,Before the Secret Garden,Crime,2007
9861,After Atlantis Chapter 7,Fantasy,2003
9862,Before the Bright Train,Horror,1981
9863,The City of Rome,Thriller,1976
9864,A Burning River,Mystery,1994
9865,Rome River,Fantasy,2009
9866,Return to Venice,Romance,2001
9867,Final Heart Part 12,Animation,2007
9868,Rome Horizon,Crime,2016
9869,Planet from Paris,Crime,2026
9870,Lisbon Machine,Fantasy,1976
9871,A Ancient Road,Fantasy,2025
9872,Frozen Shadow Part 4,Mystery,2002
9873,Inside the Burning Horizon,Animation,2007
9874,After Prague Chapter 6,Drama,1984
9875,After Avalon Chapter 10,Animation,2008
9876,Memory of Brooklyn,Fantasy,2014
9877,A Silver Dream,Thriller,2002
9878,The Silver Road,Drama,1987
9879,Before the Silver Dream,Animation,1995
9880,After Havana Chapter 10,Action,2019
9881,River Theory Part 10,Drama,2024
9882,Return to Cairo,Drama,1974
9883,Night from Venice,Sci-Fi,1975
9884,Endless Code,Thriller,2025
9885,Silver Code Part 4,Fantasy,1985
9886,Dark Train Part 11,Animation,2020
9887,Beyond the Golden Ocean,Mystery,1984
9888,After Kyoto Chapter 7,Thriller,1992
9889,Iceland Storm,Romance,2023
9890,After Berlin Chapter 5,Animation,2008
9891,A Quantum Garden,Fantasy,1980
9892,Beyond the Crystal Shadow,Horror,2018
9893,A Wild Storm,Mystery,2018
9894,Return to Boston,Fantasy,2009
9895,Signal from Manila,Sci-Fi,2018
9896,A Savage City,Animation,2011
9897,The Last Night,Romance,2023
9898,After Manila Chapter 9,Adventure,1971
9899,The Ancient City Case 10,Sci-Fi,2001
9900,Beyond the Crystal Storm,Romance,2017
9901,The Bright Signal Case 10,Action,1990
9902,The Dark Machine Case 5,Crime,2021
9903,Inside the Electric Night,Romance,1981
9904,Sahara Theater,Horror,2026
9905,Beyond the Secret Castle,Fantasy,2021
9906,Before the Savage Theater,Romance,2006
9907,Shadow of Dublin,Romance,1973
9908,After London Chapter 5,Thriller,1981
9909,Archive from Dublin,Adventure,1977
9910,Empire from Berlin,Horror,1991
9911,Iceland Island,Sci-Fi,2023
9912,Bridge Theory Part 2,Fantasy,2013
9913,The Savage Ocean Case 7,Fantasy,2018
9914,The Secret of Dublin,Thriller,2006
9915,Electric Carnival,Adventure,1983
9916,Beyond the Final Bridge,Action,1991
9917,Return to Atlantis,Horror,1985
9918,Before the Last Horizon,Sci-Fi,2014
9919,The Neon Island,Fantasy,1995
9920,Planet from Manila,Horror,2015
9921,A Rising Promise,Thriller,1990
9922,Voyage of Cairo,Thriller,2017
9923,Prague Archive,Action,1973
9924,A Urban Shadow,Horror,1985
9925,Return to Cairo,Fantasy,1997
9926,A Wild Secret,Drama,2012
9927,Planet from Harbor,Romance,1986
9928,The Archive of Prague,Thriller,2012
9929,Paris Shadow,Horror,1992
9930,The Shadow of Sydney,Sci-Fi,2018
9931,Empire Theory Part 6,Crime,2011
9932,Galaxy from Brooklyn,Animation,1991
9933,The Ocean of Avalon,Romance,1982
9934,Inside the Frozen Legend,Comedy,1980
9935,The Bridge of Dublin,Horror,1994
9936,Before the Final Night,Action,1974
9937,After Brooklyn Chapter 5,Mystery,1983
9938,Frozen Horizon Part 6,Comedy,2018
9939,Velvet Secret,Animation,2004
9940,Garden Theory Part 9,Romance,2008
9941,Empire from London,Thriller,1971
9942,Archive from Prague,Romance,1999
9943,After Kyoto Chapter 8,Drama,1980
9944,Venice Empire,Adventure,1997
9945,Return to Mars,Sci-Fi,1999
9946,The Broken Archive Case 3,Sci-Fi,1995
9947,After Mars Chapter 3,Thriller,2009
9948,Before the Rising Shadow,Thriller,2013
9949,The Castle of Seoul,Comedy,1991
9950,Dark Galaxy Part 6,Horror,1979
9951,A Burning Galaxy,Thriller,2013
9952,The Night of Venice,Action,2021
9953,Beyond the Fallen Planet,Action,1994
9954,The Modern Machine Case 10,Mystery,2005
9955,The Lost Forest,Thriller,2009
9956,Burning Voyage,Sci-Fi,1988
9957,A Endless Carnival,Horror,1981
9958,Before the Ancient City,Fantasy,2005
9959,Beyond the Silent Archive,Animation,1995
9960,Before the Modern Archive,Thriller,2021
9961,Electric Castle,Animation,2014
9962,The Scarlet Whisper Case 6,Mystery,2015
9963,Paris Legend,Thriller,1996
9964,Before the Silver Empire,Sci-Fi,2012
9965,Return to Iceland,Drama,2022
9966,Last Mirror Part 4,Fantasy,1993
9967,The Heart of Cairo,Fantasy,2026
9968,The Urban Dream Case 7,Drama,2024
9969,The Bright Horizon Case 8,Drama,2003
9970,Mirror Theory Part 3,Drama,1983
9971,Return to Sydney,Fantasy,1987
9972,The Final Carnival Case 3,Animation,1991
9973,The Midnight Mirror,Comedy,2020
9974,The Silent Night,Animation,1995
9975,Nevada Voyage,Fantasy,2014
9976,Inside the Crystal Heart,Crime,1989
9977,Inside the Ancient Garden,Fantasy,1994
9978,Before the Broken City,Mystery,1992
9979,Quantum Train,Romance,2016
9980,A Wild Planet,Horror,2003
9981,Return to Prague,Mystery,2000
9982,Dream of Nevada,Animation,2003
9983,Beyond the Midnight Voyage,Comedy,1981
9984,Beyond the Lonely Night,Crime,1983
9985,Empire from Paris,Animation,1980
9986,Sahara Planet,Horror,1988
9987,The Carnival of Prague,Fantasy,1989
9988,Garden from Venice,Action,1994
9989,Lonely Signal Part 4,Adventure,1979
9990,After Kyoto Chapter 12,Sci-Fi,2004
9991,Signal Theory Part 5,Drama,1991
9992,Before the Fallen Heart,Horror,1998
9993,Before the Fallen Heart,Animation,1970
9994,Royal Machine Part 12,Mystery,1970
9995,Legend from Avalon,Thriller,1997
9996,Signal from Lisbon,Sci-Fi,2018
9997,Inside the Ancient Garden,Adventure,1995
9998,Midnight Storm,Action,2023
9999,The Wild Theater Case 6,Comedy,2020
10000,River from Boston,Comedy,1992
