userId,movieId,score
1,1,5
1,2,4.5
1,3,4
1,4,4.5
1,6,4.5
1,8,4
1,10,4
1,12,4.5
1,13,4
1,14,4.5
1,16,4.5
1,18,4
1,20,3.5
1,22,4.5
1,23,5
1,24,4
1,25,4
1,26,4
1,27,4
1,28,3.5
1,29,3.5
1,33,3.5
1,37,3
1,40,3
1,47,3
1,54,4
1,55,3
1,59,1.5
1,60,2.5
1,61,1
1,66,2.5
1,67,2
1,68,2
1,69,2
1,70,2.5
1,71,3.5
1,72,3.5
1,76,5
1,78,3.5
1,79,4
1,80,4.5
1,81,3
1,84,3.5
1,87,4
1,88,5
1,89,4
1,93,4
1,103,3.5
1,111,2.5
1,121,3.5
1,127,3.5
1,133,3
1,144,2.5
1,150,3
1,170,3.5
1,182,2.5
1,208,3
1,229,2.5
1,265,4
1,270,3
1,272,3
1,312,3
1,334,2
1,350,3
1,386,1
1,393,3
1,402,3.5
1,415,2.5
1,429,2.5
1,432,4
1,472,3
1,488,3.5
1,490,2
1,502,2
1,544,4
1,559,3.5
1,599,2.5
1,652,4.5
1,663,3
1,693,3
1,697,4.5
1,703,2.5
1,720,2
1,722,2.5
1,723,3
1,732,2
1,735,2.5
1,741,4
1,763,3
1,772,2.5
1,801,3.5
1,819,4
2,1,4.5
2,2,3.5
2,3,5
2,5,5
2,6,4.5
2,7,4
2,8,4.5
2,9,5
2,11,5
2,13,4.5
2,15,4.5
2,16,5
2,17,4.5
2,19,4.5
2,21,5
2,23,3.5
2,26,3.5
2,27,3
2,29,5
2,30,4.5
2,31,4
2,32,4
2,33,4
2,34,4.5
2,35,4
2,36,4.5
2,39,3
2,41,2.5
2,43,1.5
2,51,3
2,52,3.5
2,54,3.5
2,67,3
2,73,3
2,75,4.5
2,76,4.5
2,77,4.5
2,79,3.5
2,80,3.5
2,83,2
2,85,1.5
2,86,3.5
2,87,4.5
2,88,5
2,89,5
2,92,2
2,93,5
2,94,4.5
2,95,4
2,96,5
2,98,5
2,109,3.5
2,124,3.5
2,148,3
2,169,4
2,171,2.5
2,185,3.5
2,196,2.5
2,204,4
2,219,3
2,220,3.5
2,243,4.5
2,271,4
2,325,4.5
2,350,2.5
2,383,4
2,399,4
2,424,2.5
2,444,4.5
2,507,4
2,541,3
2,567,2.5
2,609,3.5
2,710,4.5
2,715,4
2,718,3
2,720,2.5
2,726,3
2,727,2
2,732,3.5
2,743,4
2,746,3.5
2,756,4
2,764,4
2,770,3.5
2,789,4
2,815,3
2,826,4
2,831,4
2,850,3.5
2,859,4
2,862,3.5
2,887,3.5
2,916,3
2,917,3.5
3,1,2
3,4,3.5
3,5,4
3,6,3
3,9,3
3,14,2
3,15,2
3,21,1.5
3,23,4
3,25,3
3,26,3
3,29,3.5
3,30,3.5
3,32,2.5
3,33,3.5
3,34,3.5
3,35,3
3,36,3.5
3,40,2
3,41,2
3,42,1
3,43,2.5
3,45,1.5
3,46,1
3,49,3
3,50,3
3,52,3
3,53,3
3,54,4.5
3,55,4.5
3,56,3.5
3,57,4
3,58,3.5
3,59,4
3,60,4.5
3,61,4.5
3,62,4.5
3,63,3.5
3,64,4
3,65,4
3,66,2.5
3,69,3
3,74,3
3,75,4
3,76,2.5
3,77,2.5
3,78,3
3,82,4.5
3,83,4.5
3,85,2
3,86,2.5
3,87,2
3,90,2.5
3,94,3.5
3,95,3
3,99,3
3,101,4
3,109,3
3,128,3
3,144,3.5
3,146,5
3,165,3
3,202,2.5
3,224,3
3,234,2
3,241,4.5
3,244,3.5
3,272,3.5
3,287,4.5
3,310,3.5
3,316,3.5
3,334,2.5
3,360,2.5
3,369,5
3,373,4
3,385,3
3,408,3
3,434,2.5
3,465,3.5
3,475,3.5
3,507,4.5
3,529,4
3,532,4.5
3,538,3.5
3,572,3.5
3,591,4
3,602,3.5
3,611,4.5
3,622,4
3,638,3
3,646,3.5
3,663,3
3,685,4
3,691,4.5
3,732,2.5
3,736,4.5
3,753,5
4,1,4.5
4,2,3.5
4,3,4
4,8,3
4,9,3
4,10,2.5
4,11,4.5
4,12,4
4,18,4.5
4,19,4.5
4,20,4.5
4,21,4.5
4,27,3
4,28,2.5
4,30,3.5
4,31,3.5
4,35,3.5
4,36,3.5
4,37,3.5
4,39,3
4,41,4
4,42,4
4,43,4
4,44,4
4,45,4
4,46,4
4,47,4
4,48,4
4,49,4
4,50,4.5
4,51,3.5
4,52,4.5
4,53,4
4,54,3
4,57,3
4,60,3.5
4,62,1.5
4,63,2.5
4,66,1.5
4,67,2.5
4,68,2
4,69,1.5
4,70,2
4,74,2.5
4,75,3.5
4,81,4
4,82,3
4,85,4
4,88,4
4,89,4
4,90,4
4,91,4.5
4,92,4
4,98,3
4,99,2.5
4,100,3
4,101,3.5
4,103,2.5
4,120,3
4,142,3
4,244,4.5
4,311,2.5
4,313,3.5
4,335,2.5
4,348,2.5
4,380,2.5
4,384,2.5
4,397,3
4,404,3
4,490,2
4,510,3
4,528,4
4,530,3.5
4,540,4.5
4,545,3
4,566,3.5
4,594,4.5
4,611,3.5
4,626,1.5
4,631,3.5
4,639,4.5
4,652,4
5,2,3
5,4,4
5,5,5
5,6,4
5,8,4
5,9,4.5
5,14,4
5,20,3
5,23,2.5
5,24,4
5,25,3.5
5,26,4
5,27,4
5,28,4.5
5,29,4
5,30,4.5
5,33,4.5
5,34,4.5
5,35,4
5,36,5
5,45,2
5,47,2.5
5,54,3
5,56,3
5,59,3
5,63,3.5
5,67,3
5,69,3
5,77,3.5
5,79,3
5,82,3
5,84,3
5,90,2
5,91,2.5
5,93,4.5
5,94,5
5,98,4
5,112,3
5,122,4.5
5,146,3
5,148,2.5
5,156,3.5
5,209,5
5,220,3.5
5,229,2.5
5,252,3.5
5,268,3
5,290,2.5
5,305,4.5
5,324,2
5,361,3.5
5,393,3
5,396,3.5
5,411,3
5,427,4
5,429,5
5,431,3
5,438,3
5,443,3.5
5,448,4.5
5,458,3.5
5,486,3.5
5,487,3.5
5,515,2
5,581,3
5,596,2
5,625,3
5,639,3
5,648,2.5
5,678,3
5,686,2.5
5,689,2
5,692,3
5,759,3.5
5,761,3
5,767,3.5
5,779,3
5,797,3.5
5,807,3
5,814,3
5,825,2
5,843,5
5,895,3
5,897,3
5,912,2
5,941,4
5,943,5
5,953,4
5,967,3
6,2,3.5
6,6,3.5
6,7,3.5
6,9,3
6,10,4.5
6,14,4
6,15,3.5
6,17,2.5
6,20,2.5
6,23,3.5
6,24,3.5
6,30,1.5
6,32,2
6,33,3
6,36,1
6,37,4
6,38,5
6,39,3.5
6,41,3.5
6,42,4.5
6,43,4
6,44,4
6,45,4.5
6,47,3
6,52,3
6,57,3
6,61,3
6,62,2.5
6,63,3
6,68,2
6,69,2
6,70,1.5
6,71,3.5
6,73,3.5
6,74,4.5
6,81,3.5
6,82,2.5
6,84,4
6,86,4
6,88,3.5
6,90,4
6,91,3.5
6,97,2
6,99,5
6,100,4
6,105,4
6,129,4.5
6,179,4
6,180,3
6,245,3.5
6,276,3
6,290,4
6,295,4
6,304,4.5
6,350,3.5
6,352,3
6,356,3.5
6,367,3.5
6,421,4
6,437,3
6,440,3.5
6,473,4
6,474,3.5
6,492,5
6,509,2.5
6,534,4
6,560,4.5
6,595,2.5
6,597,3
6,608,5
6,624,4
6,678,4
6,709,4
6,715,3.5
6,726,4
6,747,3.5
6,759,3
6,780,3
6,790,4
6,793,3.5
6,795,4
6,805,3.5
6,816,3
6,838,3
6,851,3.5
6,884,3
6,900,3
6,930,4
6,956,3
6,961,3
6,986,4
7,1,1.5
7,2,1.5
7,3,3.5
7,6,3.5
7,12,2
7,17,3
7,19,2
7,23,3
7,24,2.5
7,35,3.5
7,36,3
7,42,4
7,43,2.5
7,45,3.5
7,53,3.5
7,54,4.5
7,55,3.5
7,56,4
7,57,4
7,58,4.5
7,59,4
7,60,4
7,61,4
7,63,4
7,64,3
7,65,4
7,67,2.5
7,74,3.5
7,75,4.5
7,76,3
7,82,4
7,83,4
7,84,3.5
7,87,2.5
7,97,3
7,98,3
7,101,5
7,110,4.5
7,131,4
7,142,3.5
7,159,4
7,162,3.5
7,187,3.5
7,190,3
7,198,3.5
7,260,4
7,358,3.5
7,374,3
7,394,4
7,397,3
7,456,2
7,481,5
7,518,4
7,522,4
7,543,4
7,554,2.5
7,575,4
7,578,3
7,599,4
7,600,4
7,601,4
7,623,3.5
7,635,3
7,664,4.5
7,666,4.5
7,679,3.5
7,694,4
7,707,3.5
7,732,3.5
7,745,3
7,748,3
7,762,4
7,790,3
7,798,3.5
7,805,4.5
7,806,4.5
7,810,3.5
7,816,3.5
7,834,3
7,849,5
7,901,2.5
7,920,4.5
7,928,3
7,929,3.5
7,931,3
7,933,2.5
7,945,4.5
7,952,3
7,981,4
7,984,3.5
7,993,2.5
7,998,4
8,1,4.5
8,12,5
8,13,4
8,14,4
8,15,4.5
8,16,4.5
8,17,3.5
8,20,4.5
8,21,4
8,22,4
8,23,3.5
8,24,4
8,25,3
8,26,5
8,27,4
8,28,3.5
8,39,3.5
8,43,4
8,45,3.5
8,49,4
8,58,3
8,59,3
8,62,3
8,63,3
8,66,2
8,67,2
8,68,2.5
8,69,2.5
8,70,2
8,71,3
8,75,3.5
8,76,4.5
8,78,4
8,79,4
8,80,4.5
8,85,3
8,88,4
8,93,3
8,98,3.5
8,111,3.5
8,119,4.5
8,171,3
8,204,2.5
8,205,3.5
8,209,4
8,224,4
8,228,3
8,259,4
8,261,3.5
8,294,3.5
8,297,3.5
8,307,4
8,319,3.5
8,321,4
8,322,2.5
8,374,3.5
8,404,4
8,417,2.5
8,448,3.5
8,461,2.5
8,482,3.5
8,491,3.5
8,495,3.5
8,501,4
8,502,3.5
8,505,3.5
8,508,2.5
8,518,2.5
8,519,5
8,525,3.5
8,554,3.5
8,560,4.5
8,565,2
8,568,3
8,576,5
8,604,2.5
8,623,3.5
8,648,2.5
8,679,2
8,688,3.5
8,694,2
8,695,3.5
8,712,3.5
8,737,4
8,738,3
8,739,3
8,805,3
8,814,2.5
8,821,2.5
8,823,2.5
8,824,4.5
8,863,2.5
8,890,3.5
8,899,3
8,930,4
8,938,4
8,965,2
8,988,4
8,995,3.5
9,2,3
9,10,3.5
9,11,3.5
9,19,3
9,21,3.5
9,22,3
9,23,4
9,24,3.5
9,26,3
9,29,4
9,30,4.5
9,31,4.5
9,32,4
9,33,5
9,34,4
9,35,4
9,37,2.5
9,39,3.5
9,42,1.5
9,43,2
9,45,2.5
9,46,2
9,49,3.5
9,50,3
9,53,3.5
9,54,4.5
9,55,3.5
9,56,4
9,57,4
9,58,4
9,59,4
9,60,4.5
9,62,4
9,64,3
9,68,3
9,70,3.5
9,73,3
9,75,3.5
9,76,3.5
9,79,3
9,80,2.5
9,82,4
9,83,4.5
9,86,3
9,87,3.5
9,88,4
9,89,2.5
9,96,4.5
9,97,4
9,127,2
9,136,3.5
9,150,4
9,220,2
9,229,3.5
9,232,2.5
9,255,3
9,256,3
9,282,3.5
9,283,2.5
9,292,2.5
9,294,5
9,310,2
9,333,1
9,374,2
9,394,3
9,451,3
9,461,3
9,495,2.5
9,509,4
9,533,4.5
9,559,2.5
9,561,3.5
9,576,2
9,588,3.5
9,591,4.5
9,600,4.5
9,607,3.5
9,618,3.5
9,631,4
9,648,2.5
9,664,3.5
9,667,2.5
9,668,3
9,686,3
9,700,3
9,730,4
9,754,4
9,765,3.5
9,792,3
9,793,3.5
9,798,2.5
9,824,4.5
9,849,4
10,5,3
10,6,2.5
10,13,3
10,15,4
10,18,3.5
10,20,3.5
10,31,3
10,37,4.5
10,38,5
10,39,4
10,41,4.5
10,42,3.5
10,43,4.5
10,46,4
10,47,5
10,48,4
10,49,4
10,50,4
10,51,4
10,52,4.5
10,53,4
10,54,3.5
10,59,2.5
10,60,4.5
10,63,3
10,64,2.5
10,66,2
10,67,1.5
10,68,1.5
10,69,1.5
10,70,2
10,72,5
10,73,4.5
10,74,4
10,76,3.5
10,81,5
10,82,3.5
10,84,4
10,85,4
10,86,4
10,90,4
10,94,3
10,96,3
10,100,5
10,106,2.5
10,123,2.5
10,132,3.5
10,181,3
10,287,3.5
10,313,4
10,324,4
10,365,3
10,374,2
10,391,3
10,433,3
10,438,2.5
10,443,3.5
10,456,2.5
10,487,3.5
10,488,2.5
10,498,3
10,516,3.5
10,531,4
10,575,4
10,578,5
10,608,4.5
10,612,4.5
10,641,4
10,645,2.5
10,654,2.5
10,665,3.5
10,667,4
10,681,5
10,698,4.5
10,711,3.5
10,716,3
10,727,3.5
10,735,4
10,741,3.5
10,770,2.5
10,795,4.5
10,802,2.5
11,3,4.5
11,5,4
11,7,4.5
11,9,4.5
11,10,3.5
11,11,4
11,13,3
11,14,3.5
11,15,4
11,17,3.5
11,19,2.5
11,20,3
11,28,2.5
11,30,3.5
11,33,4
11,36,3
11,38,3.5
11,41,3
11,42,3
11,44,3.5
11,47,2.5
11,48,2
11,49,2
11,52,2
11,53,2
11,54,4
11,55,4
11,56,4
11,57,4
11,58,4.5
11,59,2.5
11,62,3
11,63,4
11,64,3.5
11,65,4
11,68,2.5
11,71,3
11,75,4
11,77,4
11,78,3
11,80,3
11,81,2.5
11,82,3.5
11,84,3
11,86,3.5
11,88,3.5
11,90,3
11,92,3
11,93,4
11,94,3
11,95,4.5
11,99,3.5
11,142,3
11,150,2.5
11,154,4
11,161,3.5
11,173,3.5
11,239,3
11,249,3.5
11,266,3
11,272,3.5
11,299,3.5
11,302,2.5
11,393,3.5
11,414,3
11,443,3.5
11,446,2.5
11,450,3
11,458,3.5
11,501,2.5
11,503,2.5
11,522,4
11,533,3.5
11,543,3
11,601,2.5
11,613,3.5
11,643,4
11,671,4.5
11,673,4
12,1,3.5
12,6,3.5
12,8,3
12,15,3
12,16,3
12,17,3.5
12,18,3
12,23,3.5
12,27,3.5
12,28,3
12,29,3
12,33,3.5
12,35,3
12,37,4
12,38,3.5
12,39,5
12,40,3.5
12,42,4
12,45,2.5
12,47,4
12,48,4
12,49,4.5
12,51,4.5
12,52,4.5
12,54,3.5
12,56,3
12,63,3.5
12,64,2.5
12,66,2
12,67,2.5
12,68,2.5
12,69,2
12,70,1.5
12,73,4
12,74,4.5
12,76,3
12,77,3.5
12,84,4
12,86,4.5
12,87,3.5
12,91,3
12,96,3.5
12,97,3.5
12,98,3.5
12,99,5
12,100,4.5
12,111,3.5
12,158,4.5
12,192,3
12,194,3
12,220,3
12,271,3.5
12,278,4
12,305,3
12,316,5
12,334,3.5
12,336,3.5
12,341,3.5
12,348,4
12,357,5
12,363,4.5
12,371,3
12,375,5
12,460,3.5
12,478,4.5
12,492,4
12,506,3
12,575,5
12,579,5
12,602,4.5
12,619,4
12,625,3.5
12,630,3
12,661,3.5
12,672,3.5
12,691,4
12,693,4.5
12,710,4.5
12,716,4
12,738,3.5
12,755,4
12,756,5
12,758,3
12,761,4
12,762,4
12,764,3.5
12,801,3.5
12,821,3.5
12,889,3
12,893,4.5
12,896,4.5
12,925,4
12,960,5
12,991,3.5
12,997,4
13,3,4.5
13,4,5
13,6,4.5
13,7,3.5
13,8,4.5
13,10,4.5
13,11,3.5
13,14,3.5
13,20,3
13,21,2.5
13,23,4
13,24,3.5
13,25,4
13,26,4.5
13,27,4.5
13,28,4.5
13,30,5
13,31,4
13,32,4
13,34,4.5
13,35,4.5
13,36,4
13,37,1.5
13,38,3
13,42,3
13,44,2.5
13,47,3.5
13,48,2.5
13,50,3
13,53,2.5
13,57,3
13,58,2.5
13,60,3
13,61,3.5
13,65,3
13,67,3.5
13,68,3.5
13,71,2
13,72,2.5
13,74,2.5
13,75,5
13,78,3.5
13,79,3.5
13,83,3.5
13,84,2.5
13,91,2.5
13,92,3.5
13,94,4.5
13,95,4.5
13,96,4
13,97,4
13,98,4.5
13,99,2.5
13,100,1.5
13,142,4
13,154,5
13,210,4
13,233,3.5
13,236,4.5
13,238,4
13,255,3.5
13,281,3
13,284,4
13,306,3.5
13,310,2.5
13,313,3.5
13,320,4
13,344,3
13,370,3
13,401,2.5
13,426,2
13,432,3.5
13,440,4
13,441,3
13,444,4
13,480,5
13,527,3
13,570,3
13,578,4
13,585,3.5
13,615,5
13,646,3.5
13,660,4
13,688,2.5
13,707,3.5
13,720,4.5
13,742,4
13,774,4.5
13,787,3
13,794,3.5
13,795,3.5
13,834,4
14,2,4
14,4,3.5
14,11,4.5
14,12,4.5
14,14,5
14,16,4.5
14,18,4
14,19,4.5
14,20,4
14,21,4
14,29,3
14,35,3.5
14,37,3.5
14,41,4
14,42,4.5
14,43,3.5
14,45,3.5
14,46,4
14,47,4
14,48,4
14,49,4
14,50,4
14,51,4.5
14,52,4.5
14,53,4
14,56,2.5
14,58,3.5
14,59,2
14,61,2
14,62,2
14,66,3.5
14,67,3
14,71,3
14,76,5
14,81,3.5
14,85,3.5
14,90,4
14,91,3.5
14,92,4
14,98,3
14,114,4
14,128,4.5
14,146,4.5
14,150,4
14,162,4
14,168,2.5
14,176,5
14,210,5
14,277,4
14,290,3.5
14,370,5
14,375,5
14,391,4.5
14,400,3
14,418,4
14,437,3.5
14,453,3.5
14,477,5
14,489,3.5
14,507,3.5
14,521,4.5
14,530,3
14,543,4
14,559,3.5
14,565,3.5
14,572,4.5
14,596,3
14,606,3.5
14,620,2.5
14,622,3
14,624,4.5
14,647,3.5
14,673,3
14,676,4
14,701,3
14,702,4
14,703,3
14,750,3.5
14,787,3.5
14,791,4
14,793,3.5
14,803,3
14,808,3.5
14,832,4
14,836,4
14,852,4.5
14,862,3
14,886,3.5
14,890,4.5
14,903,3.5
14,949,4
14,960,4
14,992,4
14,995,4.5
15,1,4.5
15,2,4.5
15,5,3.5
15,6,3.5
15,7,3.5
15,9,3.5
15,12,4
15,14,5
15,17,4
15,18,4.5
15,20,4
15,21,3.5
15,22,4
15,23,3.5
15,24,4
15,25,4
15,26,4
15,27,3.5
15,28,3.5
15,33,3
15,37,3
15,38,4
15,40,3.5
15,41,3
15,44,3.5
15,46,2.5
15,51,3.5
15,59,2
15,60,2.5
15,61,2
15,62,1.5
15,66,3.5
15,70,3
15,78,5
15,79,4
15,80,4.5
15,81,3
15,82,1.5
15,83,2.5
15,88,4
15,89,3.5
15,90,3.5
15,92,3.5
15,97,3
15,100,3
15,104,3
15,105,3.5
15,135,3
15,155,4
15,198,2.5
15,217,3
15,224,4
15,225,5
15,263,4.5
15,271,4
15,295,4.5
15,342,3
15,380,4
15,387,4
15,389,4.5
15,390,5
15,478,2.5
15,479,3.5
15,482,3
15,487,4
15,499,4
15,521,4
15,536,4
15,538,4.5
15,584,3.5
15,593,2.5
15,600,3
15,618,3.5
15,619,4
15,628,3
15,651,3.5
15,712,3.5
15,721,3.5
15,723,4
16,1,2
16,10,2.5
16,12,1.5
16,14,2.5
16,16,2.5
16,18,2.5
16,19,4
16,23,3
16,26,2.5
16,28,3
16,34,3.5
16,37,3.5
16,41,3
16,43,2
16,44,1.5
16,45,1.5
16,46,2
16,50,2.5
16,54,4.5
16,55,4.5
16,56,4
16,57,4
16,58,4
16,63,2.5
16,64,3.5
16,66,3.5
16,67,4
16,68,3.5
16,69,4.5
16,70,4.5
16,72,4
16,79,3.5
16,88,2
16,89,2
16,91,2
16,92,2
16,100,3
16,103,4.5
16,143,3.5
16,183,4.5
16,200,3.5
16,257,3
16,274,3.5
16,293,3
16,295,4
16,335,3.5
16,348,2.5
16,374,4
16,392,4
16,470,3.5
16,472,3
16,500,3
16,501,3.5
16,503,3.5
16,539,3.5
16,554,3
16,566,4.5
16,633,4
16,674,3.5
16,689,4.5
16,704,4.5
16,717,3.5
16,739,3
16,782,3
16,806,3.5
16,811,2.5
16,838,4.5
16,855,2.5
16,861,4
16,898,4.5
16,904,4
16,907,3.5
16,927,4.5
16,952,4
16,972,4
17,4,3
17,6,4
17,8,3
17,10,3.5
17,11,3.5
17,12,2.5
17,17,3.5
17,19,3.5
17,20,3.5
17,21,3.5
17,22,2
17,23,2.5
17,26,3.5
17,27,2.5
17,32,2.5
17,34,3.5
17,36,4
17,37,4
17,38,5
17,39,4
17,41,3
17,44,3.5
17,52,3.5
17,54,3.5
17,57,3.5
17,59,3.5
17,60,4.5
17,61,4.5
17,62,4
17,64,3
17,65,3
17,69,3
17,70,3
17,71,5
17,73,4.5
17,74,4
17,75,3.5
17,76,3.5
17,78,2
17,79,2
17,80,2
17,81,3.5
17,82,4
17,83,4
17,84,4.5
17,85,3
17,86,4
17,88,3.5
17,89,3
17,92,3.5
17,93,2.5
17,99,4
17,142,5
17,163,3.5
17,164,2.5
17,165,3.5
17,169,4
17,240,3
17,248,5
17,251,4.5
17,320,4
17,322,4
17,334,4
17,340,4
17,343,2.5
17,352,2
17,357,3
17,386,2.5
17,428,3.5
17,464,4.5
17,474,3.5
17,511,3.5
17,517,4
17,532,4.5
17,558,4.5
18,3,3.5
18,4,3
18,7,3.5
18,15,3
18,18,2.5
18,20,3
18,21,3.5
18,22,3.5
18,30,3
18,34,3.5
18,39,3.5
18,40,4.5
18,41,3.5
18,42,4
18,43,4.5
18,44,3.5
18,46,4
18,47,3.5
18,48,3
18,49,3.5
18,50,3.5
18,51,4
18,52,4.5
18,53,4
18,54,3
18,59,3
18,61,2.5
18,62,2.5
18,63,3
18,65,2.5
18,66,2
18,68,2.5
18,69,2
18,70,2
18,73,3
18,74,4
18,75,4
18,76,3.5
18,77,3
18,78,2.5
18,79,2.5
18,80,3
18,81,3
18,84,3
18,85,4
18,87,3
18,89,3
18,90,4
18,91,4.5
18,92,4
18,93,3
18,95,3.5
18,100,3.5
18,102,4
18,122,5
18,140,3
18,187,4
18,189,3
18,198,4
18,204,4
18,211,3
18,253,3
18,257,3
18,301,3.5
18,345,4.5
18,347,3
18,430,3.5
18,432,3.5
18,488,3.5
18,495,3
18,516,5
18,527,4
18,539,2.5
18,602,4
18,611,4
18,653,4.5
19,1,3.5
19,2,3.5
19,5,4
19,7,4.5
19,8,4
19,10,4.5
19,12,2.5
19,13,3.5
19,14,3
19,15,3.5
19,18,3.5
19,21,3
19,23,3.5
19,24,3
19,25,3.5
19,26,3
19,29,4.5
19,30,4.5
19,32,3.5
19,33,4.5
19,35,5
19,37,3.5
19,38,3.5
19,39,3
19,42,1.5
19,43,2
19,44,2
19,51,2.5
19,53,3.5
19,54,4
19,59,2.5
19,60,3.5
19,61,3
19,62,3.5
19,63,4
19,64,4
19,65,4
19,68,3
19,69,3
19,70,3
19,71,2.5
19,73,3
19,74,3.5
19,78,2.5
19,82,3
19,83,3
19,84,3
19,88,3
19,90,2.5
19,92,2
19,93,4
19,94,3.5
19,95,4.5
19,96,4.5
19,97,4.5
19,99,3.5
19,119,3.5
19,124,3.5
19,145,3
19,169,3.5
19,196,3.5
19,209,4.5
19,214,3.5
19,257,3.5
19,289,2.5
19,297,5
19,315,3
19,318,5
19,320,3.5
19,347,3.5
19,353,4.5
19,405,3.5
19,455,3.5
19,463,4
19,489,4
19,568,4
19,609,3.5
19,619,3
19,621,3
19,628,2.5
19,651,3.5
19,680,2.5
19,696,3.5
19,709,4.5
19,735,3.5
19,738,3.5
19,760,4
19,781,4
19,790,3.5
20,5,3.5
20,6,3
20,8,3
20,9,3.5
20,10,3
20,11,3.5
20,16,4
20,17,2.5
20,18,3
20,22,4
20,23,4
20,24,3
20,28,3.5
20,37,5
20,39,4
20,40,4.5
20,41,4.5
20,43,3.5
20,44,4.5
20,45,4
20,48,3
20,49,3
20,51,3
20,53,3.5
20,54,3.5
20,55,3
20,58,3
20,61,3
20,66,1.5
20,67,2
20,68,2
20,69,2
20,70,2
20,72,4.5
20,75,3.5
20,78,4.5
20,79,3.5
20,80,4
20,83,3.5
20,84,4
20,85,4
20,86,4
20,88,3.5
20,90,4
20,91,4
20,92,4
20,94,3.5
20,96,4
20,99,4
20,100,4.5
20,108,4
20,118,4.5
20,130,4
20,133,3
20,146,4
20,199,4
20,200,2.5
20,227,3.5
20,362,4
20,363,4
20,364,5
20,374,2.5
20,375,5
20,426,3
20,428,3.5
20,429,2.5
20,438,2.5
20,462,3
20,487,4
20,524,3.5
20,536,2.5
20,539,2
20,546,2.5
20,565,3.5
20,571,4.5
20,573,4
20,605,3
20,636,2.5
20,679,4
20,715,3.5
20,724,4
20,742,3.5
20,746,1.5
20,798,4
20,806,4
20,809,4
20,816,4.5
20,854,3
20,856,3.5
20,858,3.5
20,862,3
20,900,4
20,922,4.5
20,931,3
20,956,2.5
20,971,2.5
20,976,3.5
20,977,3.5
20,986,3
20,989,3.5
21,2,4.5
21,4,4.5
21,5,5
21,6,5
21,7,4.5
21,9,4.5
21,10,4.5
21,11,5
21,12,4
21,13,5
21,14,5
21,15,4.5
21,17,4.5
21,19,4.5
21,20,4.5
21,21,5
21,22,4
21,23,5
21,25,3
21,26,3
21,27,3.5
21,31,3
21,35,3.5
21,36,3
21,43,3
21,48,3.5
21,49,3
21,58,3.5
21,60,1
21,61,1.5
21,62,2
21,69,2.5
21,75,5
21,76,5
21,77,5
21,78,5
21,79,4
21,80,4.5
21,83,1.5
21,86,3
21,87,5
21,88,5
21,89,4
21,93,4.5
21,94,4
21,95,4.5
21,98,4
21,107,4.5
21,115,4
21,134,4
21,141,2.5
21,167,2.5
21,170,2.5
21,180,3.5
21,190,3.5
21,193,3.5
21,208,4
21,225,3
21,244,3.5
21,276,4.5
21,282,3
21,293,3.5
21,304,4.5
21,341,3.5
21,357,4
21,387,4.5
21,439,2.5
21,491,3.5
21,517,4.5
21,526,4
21,530,3.5
21,573,3
21,578,3.5
21,581,5
22,1,3
22,2,2.5
22,3,3
22,8,2.5
22,11,3.5
22,13,3
22,14,3
22,20,3.5
22,23,3.5
22,25,3
22,28,3
22,29,4.5
22,30,3.5
22,31,4.5
22,32,3.5
22,33,4
22,34,4.5
22,35,4.5
22,36,4.5
22,37,3
22,39,3.5
22,46,2.5
22,47,2
22,48,2
22,49,2.5
22,51,2
22,52,2
22,53,1.5
22,54,5
22,55,4.5
22,56,3.5
22,57,5
22,58,3.5
22,59,3.5
22,60,4.5
22,61,3.5
22,62,4.5
22,63,3
22,65,3
22,68,3.5
22,69,2.5
22,71,3.5
22,73,3
22,79,3.5
22,80,4
22,82,5
22,83,4
22,85,2.5
22,86,3.5
22,87,3
22,90,2.5
22,93,3.5
22,96,4
22,97,5
22,105,3.5
22,115,3.5
22,117,4
22,118,4
22,124,3.5
22,147,2.5
22,170,3.5
22,201,3
22,203,3.5
22,225,5
22,248,4.5
22,263,2.5
22,266,4
22,294,3
22,309,3.5
22,322,4.5
22,337,2.5
22,343,3.5
22,379,5
22,389,4
22,403,2.5
22,415,2
22,422,4.5
22,441,4.5
22,449,4
22,470,3
22,476,3.5
22,481,3.5
22,483,3
22,485,3.5
22,514,4
22,534,3
22,560,4.5
22,584,3.5
22,633,4
22,651,3
22,661,3
22,720,3
22,728,2.5
22,729,4
22,737,4.5
22,747,5
22,748,3
22,755,4.5
23,1,4
23,2,5
23,4,3
23,9,4
23,11,4.5
23,12,4
23,13,4
23,14,4.5
23,15,4.5
23,17,4.5
23,18,3.5
23,19,4.5
23,20,3.5
23,21,4.5
23,22,2.5
23,24,3
23,32,3.5
23,35,2.5
23,36,3
23,38,3.5
23,39,2.5
23,40,2.5
23,41,3
23,42,3
23,46,2.5
23,47,4.5
23,48,4
23,49,3.5
23,50,4.5
23,51,4
23,52,4
23,53,4.5
23,54,3.5
23,56,2.5
23,57,3
23,58,3
23,64,3
23,66,2
23,67,2
23,70,2
23,71,3
23,72,2.5
23,74,3.5
23,76,5
23,77,3.5
23,81,4
23,82,3.5
23,88,3.5
23,92,3
23,93,3
23,95,3
23,98,3.5
23,100,3.5
23,102,2.5
23,103,4.5
23,146,3
23,186,2.5
23,188,3
23,191,3.5
23,201,2
23,232,3.5
23,250,2
23,268,3
23,272,4
23,276,3
23,280,3.5
23,390,4.5
23,437,3.5
23,475,4
23,478,4.5
23,515,2
23,522,3.5
23,640,4
23,655,3.5
23,657,4.5
23,677,3.5
23,712,3
23,713,4
23,719,4
24,2,3.5
24,4,4
24,9,4.5
24,10,4.5
24,13,3
24,14,4
24,20,2.5
24,22,4
24,23,4.5
24,24,4
24,25,3.5
24,26,4
24,27,4
24,28,4
24,29,2.5
24,34,3.5
24,37,2
24,43,3
24,45,3
24,48,3
24,51,3
24,52,3.5
24,56,2
24,58,3
24,60,3
24,65,2.5
24,66,3
24,67,2.5
24,72,2.5
24,73,2
24,74,1.5
24,75,5
24,76,4
24,77,4
24,78,4.5
24,79,4.5
24,80,4
24,83,3
24,87,3
24,89,3.5
24,94,4.5
24,95,4
24,96,2.5
24,97,2.5
24,99,1.5
24,100,1.5
24,126,3
24,143,3.5
24,144,3.5
24,152,3.5
24,193,4
24,199,4
24,223,4
24,257,4.5
24,273,4.5
24,285,3.5
24,297,3.5
24,319,4
24,367,3.5
24,368,4
24,373,4.5
24,379,3.5
24,405,3.5
24,425,3.5
24,459,3
24,464,4
24,510,3.5
24,528,2.5
24,546,4
24,562,3.5
24,563,4
24,565,4
24,605,3.5
24,643,5
24,664,4
24,669,3
24,692,3.5
24,727,3
24,740,3.5
24,753,4
24,809,3
24,844,3.5
24,847,4
24,885,4.5
24,911,3.5
24,914,4.5
24,923,5
24,961,2.5
24,990,3
25,7,3
25,15,3.5
25,16,3.5
25,18,3.5
25,19,3.5
25,22,2.5
25,23,3
25,24,2.5
25,30,2.5
25,31,2
25,33,2
25,34,2
25,37,4.5
25,38,4.5
25,40,3
25,41,3.5
25,46,3
25,48,3
25,50,3.5
25,54,3
25,55,3
25,58,2.5
25,63,4
25,64,4
25,65,4
25,66,2
25,69,2.5
25,71,3.5
25,72,4.5
25,73,4.5
25,74,4
25,77,3.5
25,80,3.5
25,82,3
25,83,2.5
25,84,4
25,86,5
25,89,3.5
25,97,2
25,99,4.5
25,156,4
25,164,2.5
25,167,4
25,168,2.5
25,185,3.5
25,199,2
25,203,3
25,213,5
25,217,1.5
25,236,3
25,238,4.5
25,272,3.5
25,292,2.5
25,332,3
25,386,2.5
25,398,2.5
25,404,3
25,426,2.5
25,430,5
25,444,2
25,450,3
25,455,2
25,474,4
25,483,3
25,570,3
25,602,3.5
25,626,3
25,631,4
25,664,3
25,675,3
25,682,2.5
25,687,3.5
25,697,4
25,714,3
25,742,2.5
25,788,4.5
25,819,3
25,821,4
25,822,4
25,824,4
25,835,2.5
25,853,2
25,864,3
25,884,2.5
25,892,3
25,940,3.5
25,952,4
25,969,4
25,982,3
26,8,3
26,10,3.5
26,13,1.5
26,17,1.5
26,18,2.5
26,19,2
26,32,2.5
26,35,3
26,36,3.5
26,42,2.5
26,49,2.5
26,51,3
26,53,3
26,54,5
26,55,4
26,56,4
26,57,3.5
26,58,4
26,63,3.5
26,64,4.5
26,65,4
26,66,4
26,67,4
26,68,4
26,69,4.5
26,70,4.5
26,74,3.5
26,81,3
26,82,2
26,84,3
26,87,2
26,88,1.5
26,89,1.5
26,90,4
26,92,3
26,97,3.5
26,98,3.5
26,112,4.5
26,135,4
26,137,3.5
26,143,4.5
26,163,4
26,179,3.5
26,219,4
26,239,2.5
26,251,3.5
26,258,3
26,270,3.5
26,279,4
26,282,4
26,291,4.5
26,292,3.5
26,338,2.5
26,340,4.5
26,382,5
26,385,5
26,387,5
26,416,4
26,452,4
26,460,3.5
26,467,3.5
26,470,2.5
26,474,2.5
26,481,4
26,492,4.5
26,513,4.5
26,514,4.5
26,524,2.5
26,535,4.5
26,564,4
26,582,3.5
26,592,3.5
26,598,4.5
26,603,3
26,604,4.5
26,616,3.5
26,617,4
26,623,2.5
26,624,4
26,631,4.5
26,645,2.5
26,654,4
26,693,4
26,705,3
26,737,3.5
26,813,4.5
26,823,5
26,824,4
26,849,5
26,864,4.5
26,871,4.5
26,891,5
26,905,3.5
26,908,3.5
26,922,4.5
26,929,3
26,934,3
26,972,4
26,980,3
26,985,4.5
27,2,5
27,3,5
27,4,5
27,5,5
27,6,5
27,7,4
27,9,4
27,10,4
27,11,5
27,12,5
27,13,4.5
27,14,5
27,15,4.5
27,16,5
27,17,4.5
27,18,3.5
27,19,4.5
27,21,4.5
27,23,4
27,24,5
27,25,4.5
27,26,4.5
27,27,4.5
27,28,4
27,30,2.5
27,31,3.5
27,35,3
27,36,3.5
27,44,3
27,50,3.5
27,55,3
27,62,2.5
27,66,1.5
27,67,1.5
27,68,2
27,69,1
27,70,1.5
27,75,5
27,76,5
27,77,5
27,79,3
27,80,3
27,89,4.5
27,90,3
27,93,4.5
27,94,5
27,95,4.5
27,106,5
27,116,3
27,118,3
27,142,3
27,186,4
27,187,4
27,195,4
27,202,3
27,221,3.5
27,242,3.5
27,247,3
27,249,4.5
27,260,4.5
27,261,5
27,265,4.5
27,294,4
27,306,3
27,326,3
27,371,4.5
27,407,3.5
27,413,3.5
27,480,5
27,499,3.5
27,580,4
27,597,4
27,601,3
27,613,5
27,620,3.5
27,625,4
27,642,4
27,649,3.5
27,655,4.5
27,695,2.5
27,696,4.5
27,703,4
27,708,4
27,732,3
27,753,2.5
27,762,3.5
27,768,3
27,771,3.5
27,789,5
27,792,4
27,816,4
28,11,3.5
28,20,2.5
28,27,2.5
28,30,4
28,31,4
28,33,4.5
28,34,3.5
28,35,4.5
28,36,4
28,37,3.5
28,40,2
28,42,1.5
28,46,2
28,47,4
28,48,4.5
28,49,4
28,50,4
28,51,4
28,52,3.5
28,53,4.5
28,54,4
28,55,2.5
28,65,3
28,66,3
28,69,3
28,76,4
28,79,3.5
28,81,4
28,82,4
28,90,2
28,92,2
28,96,4.5
28,97,4
28,99,4
28,168,3.5
28,182,3.5
28,189,2.5
28,212,4
28,213,3.5
28,244,5
28,301,2
28,329,4.5
28,355,4
28,380,2.5
28,395,4
28,396,3.5
28,433,2.5
28,439,4
28,457,4
28,460,2.5
28,462,3
28,532,4
28,542,3.5
28,544,3.5
28,547,4
28,569,3
28,609,3
28,623,3
28,638,3.5
28,646,2
28,648,3
28,653,3.5
28,661,3
28,669,3
28,678,3
28,741,3.5
28,743,3
28,750,4.5
28,769,4.5
28,777,3.5
28,788,3.5
28,820,4
28,826,3.5
28,838,3
28,844,3.5
28,874,4
28,877,3
28,883,3
28,886,3.5
28,896,4
28,916,3.5
28,928,3
28,951,3.5
28,964,2.5
29,2,3.5
29,6,3
29,7,3
29,9,3.5
29,10,3
29,12,3
29,16,4
29,23,4
29,26,2.5
29,29,3
29,32,3
29,35,3
29,37,3.5
29,38,4.5
29,39,4
29,40,4
29,41,4
29,42,4
29,45,4
29,47,4.5
29,48,4
29,51,5
29,52,4.5
29,53,4.5
29,54,3
29,59,3
29,60,3
29,64,3
29,65,3
29,66,2
29,67,2
29,68,2
29,69,1.5
29,70,1.5
29,71,4
29,72,5
29,73,4
29,74,4
29,76,4
29,80,3
29,81,3.5
29,84,4
29,85,3.5
29,86,4
29,87,3.5
29,90,4.5
29,92,4.5
29,93,3
29,94,3
29,95,3.5
29,99,4.5
29,100,4
29,111,2.5
29,113,2.5
29,131,3.5
29,145,3
29,148,2.5
29,186,3
29,197,3
29,198,3.5
29,213,3
29,230,3
29,239,3
29,262,2.5
29,266,2.5
29,279,4.5
29,357,3
29,365,3.5
29,372,4.5
29,391,2
29,449,3.5
29,451,3
29,482,3.5
29,525,2.5
29,583,2
29,590,3
29,600,4.5
29,637,2.5
29,639,4.5
29,640,2
29,651,3
29,654,3
29,689,2.5
29,694,3
29,697,3
29,704,2.5
29,714,3.5
29,722,4
29,738,3
29,743,4
29,745,3
29,773,3
29,775,2
29,783,2
29,797,3.5
29,836,2
29,862,2
29,871,3
29,879,1.5
30,2,5
30,4,4.5
30,5,5
30,7,5
30,8,5
30,9,4.5
30,10,4.5
30,11,5
30,13,4.5
30,14,5
30,15,5
30,17,4.5
30,19,4
30,21,5
30,23,4
30,26,3.5
30,27,3.5
30,31,3.5
30,35,3
30,36,3
30,58,2.5
30,59,2
30,61,2
30,62,1.5
30,66,1.5
30,67,1.5
30,68,1.5
30,69,2
30,72,3.5
30,75,5
30,76,4.5
30,77,4.5
30,79,3.5
30,80,3
30,87,5
30,89,4.5
30,93,5
30,94,5
30,95,5
30,96,3
30,135,4
30,138,4
30,142,2
30,164,3
30,203,3.5
30,240,3.5
30,243,4
30,246,5
30,249,4.5
30,312,4
30,336,3
30,340,4
30,364,4
30,385,4.5
30,390,5
30,397,4
30,414,4
30,418,4
30,466,4
30,476,3
30,484,3.5
30,486,3
30,489,4
30,523,4
30,584,2.5
30,636,4
30,642,3.5
30,644,3.5
30,671,3.5
30,684,4.5
30,746,5
30,747,2
30,757,3.5
30,758,3.5
30,798,3.5
30,814,3
30,818,5
30,847,4
30,878,4.5
30,912,4
30,913,3.5
30,958,4
30,977,3
30,982,5
30,991,3.5
31,4,3
31,8,3
31,13,3
31,19,3.5
31,21,3
31,22,2
31,23,2
31,25,2.5
31,29,3
31,30,2.5
31,31,2.5
31,32,3
31,35,3.5
31,36,3.5
31,39,3.5
31,41,3
31,46,3
31,50,3
31,54,4
31,55,4.5
31,56,4.5
31,57,4
31,58,4
31,59,4
31,60,4
31,61,4
31,62,4
31,64,2.5
31,68,4
31,69,3
31,72,4
31,73,4
31,74,4
31,75,3.5
31,76,4
31,78,1
31,79,1.5
31,80,1.5
31,82,4
31,83,3.5
31,84,3.5
31,85,2.5
31,86,4.5
31,90,3
31,91,3.5
31,95,4
31,98,3
31,99,3.5
31,100,4
31,110,2.5
31,158,3.5
31,163,2
31,178,3.5
31,224,3
31,320,3
31,326,4
31,350,2.5
31,354,4.5
31,361,4.5
31,364,3.5
31,374,3.5
31,385,4.5
31,390,3.5
31,401,2
31,402,4
31,439,4
31,446,4
31,480,3.5
31,493,5
31,505,2.5
31,512,3.5
31,530,4.5
31,556,3.5
31,587,3
31,651,4
31,705,3
31,711,3.5
31,717,3.5
31,772,3.5
31,773,3.5
31,786,3.5
31,816,3
31,820,3.5
31,826,3.5
31,827,3
31,865,4
31,877,2.5
31,888,2.5
31,894,3
31,906,2.5
31,942,3
31,962,4.5
32,3,4
32,4,3.5
32,5,2.5
32,7,3
32,10,2.5
32,12,3
32,13,3
32,14,3.5
32,21,3
32,22,4.5
32,23,4.5
32,27,3
32,29,3.5
32,34,3
32,37,4.5
32,38,4
32,40,4
32,41,4
32,42,4
32,43,4.5
32,44,4.5
32,45,4
32,46,4.5
32,49,3.5
32,50,2
32,53,3
32,54,3.5
32,56,3.5
32,57,2.5
32,58,3
32,62,3
32,64,3
32,66,2.5
32,68,2
32,69,2
32,70,2.5
32,71,4
32,72,4.5
32,73,4
32,74,4
32,77,3
32,78,3.5
32,79,3.5
32,80,4.5
32,84,4
32,88,3.5
32,90,3.5
32,91,4.5
32,92,4.5
32,94,3
32,98,3.5
32,99,4
32,105,4
32,119,4.5
32,121,4
32,127,4.5
32,132,3
32,147,3
32,158,5
32,197,4.5
32,238,3
32,253,3.5
32,259,4.5
32,274,3.5
32,277,4
32,347,2
32,412,4
32,435,3
32,504,3.5
32,529,3.5
32,553,4.5
32,556,2.5
32,561,4.5
32,576,2.5
32,577,2.5
32,592,4
32,599,4.5
32,614,4
32,638,3.5
32,653,4
32,657,4.5
32,660,2.5
32,664,3
32,693,5
33,2,2.5
33,5,4.5
33,6,5
33,9,4
33,10,4
33,12,3
33,15,3
33,19,3.5
33,20,3
33,29,4.5
33,30,4
33,33,5
33,34,4
33,35,4
33,36,4
33,42,2
33,44,1.5
33,45,1.5
33,50,4
33,51,3
33,54,3.5
33,59,4.5
33,60,4.5
33,61,3
33,62,4
33,67,3
33,71,3.5
33,72,3.5
33,73,3
33,76,4
33,80,3
33,82,4
33,83,4
33,90,2
33,91,2.5
33,93,4
33,94,4.5
33,95,4
33,96,4
33,97,4.5
33,98,4.5
33,130,4.5
33,134,5
33,161,4
33,179,3
33,186,4
33,199,4
33,200,3.5
33,211,3
33,216,2.5
33,226,3.5
33,251,3.5
33,266,4.5
33,288,4.5
33,328,3
33,355,3
33,368,4
33,409,4
33,413,4.5
33,429,4
33,446,3.5
33,447,3.5
33,464,3
33,499,5
33,519,4
33,524,2.5
33,550,4
33,598,4
33,611,5
33,615,4.5
33,627,3.5
33,632,3
33,644,3
33,650,3
33,670,3
33,677,3.5
33,684,4.5
33,686,4
33,735,4
33,746,3
33,760,3.5
33,775,4
33,820,3.5
33,825,3.5
33,829,4
33,830,3.5
33,840,2
33,898,3.5
34,1,5
34,2,5
34,4,4.5
34,5,3.5
34,7,3.5
34,9,4
34,11,5
34,13,4.5
34,15,4
34,16,5
34,17,5
34,19,5
34,20,5
34,21,5
34,22,4
34,23,4.5
34,26,3
34,27,3.5
34,31,3.5
34,35,4
34,36,3.5
34,47,4
34,48,4
34,49,4.5
34,50,4
34,51,4
34,52,4
34,53,4
34,58,3.5
34,61,1
34,62,2.5
34,63,3
34,65,2.5
34,75,3.5
34,76,5
34,77,3.5
34,78,5
34,79,4
34,80,4
34,81,4
34,82,1.5
34,83,1
34,88,4.5
34,89,5
34,93,3
34,94,3
34,95,3
34,144,4.5
34,177,2.5
34,182,4
34,200,4.5
34,214,3
34,292,3
34,297,3.5
34,299,4.5
34,312,3
34,322,4
34,324,4
34,332,3.5
34,364,4
34,371,4.5
34,407,3.5
34,420,3.5
34,431,3.5
34,449,4.5
34,464,4.5
34,514,3
34,555,3.5
34,566,4.5
34,574,3.5
34,593,5
34,629,4
34,646,4.5
34,658,3.5
34,679,2.5
34,701,2
34,733,4.5
34,776,4
34,795,4
34,797,4.5
34,827,4.5
34,869,4
35,5,5
35,6,4
35,7,4.5
35,12,3
35,13,3
35,17,3
35,22,3
35,24,3
35,25,2.5
35,29,3
35,34,3
35,38,4.5
35,39,4.5
35,43,3
35,44,3
35,46,2.5
35,50,2.5
35,52,3.5
35,54,4
35,61,4
35,63,3.5
35,64,5
35,65,5
35,66,1
35,67,2.5
35,69,2.5
35,72,4.5
35,73,4.5
35,74,3.5
35,75,5
35,77,4
35,82,3
35,84,4
35,85,3
35,86,4.5
35,88,2.5
35,91,3.5
35,92,3.5
35,93,4.5
35,94,4
35,95,4
35,96,3.5
35,98,3
35,120,3.5
35,123,3.5
35,137,2.5
35,149,2
35,154,4
35,164,3.5
35,176,4
35,187,3
35,216,3
35,248,4
35,280,3.5
35,282,3.5
35,314,3.5
35,334,4
35,362,4.5
35,368,3
35,389,5
35,410,3
35,440,3.5
35,478,4
35,489,3.5
35,500,4.5
35,512,3.5
35,515,3.5
35,541,3
35,577,4.5
35,583,3
35,589,4
35,608,3.5
35,614,3.5
35,625,2.5
35,634,3
35,638,2.5
35,645,3.5
35,655,3
35,693,4.5
35,713,3
35,754,3.5
35,767,3.5
35,776,3.5
35,788,4
35,812,4.5
35,828,4.5
35,885,3.5
35,946,5
35,951,3
35,966,3
35,976,3
35,990,3.5
35,996,4
36,1,4.5
36,6,3.5
36,9,4
36,12,4.5
36,13,4
36,14,4.5
36,15,4.5
36,18,5
36,19,4.5
36,20,4.5
36,21,4
36,22,3
36,38,3
36,39,3.5
36,40,5
36,42,4
36,43,4
36,44,4.5
36,45,5
36,46,4.5
36,56,3
36,59,1.5
36,60,3
36,61,2
36,62,1.5
36,63,3
36,67,2.5
36,68,3
36,76,5
36,77,3.5
36,87,4
36,88,4
36,90,4
36,94,2.5
36,97,3
36,113,4
36,135,5
36,154,5
36,167,3
36,177,5
36,179,3.5
36,236,3.5
36,291,4.5
36,312,3
36,337,3
36,356,4
36,363,3.5
36,375,4.5
36,448,3.5
36,449,4
36,453,4
36,457,4
36,466,3
36,474,4.5
36,486,4.5
36,494,4.5
36,497,5
36,508,3.5
36,519,3
36,537,4.5
36,551,4
36,575,4
36,578,4
36,617,4.5
36,620,4.5
36,629,4.5
36,671,4.5
36,672,3
36,685,4.5
36,696,4.5
36,710,4.5
36,711,5
36,728,4
36,774,4.5
36,783,3.5
36,790,5
36,802,5
36,830,4
36,834,3.5
36,854,3
36,868,4
36,893,4
36,900,3.5
36,925,4
36,940,4
36,947,4
36,973,4.5
36,977,3.5
36,998,3
37,10,3.5
37,12,3
37,13,3
37,15,3
37,20,3
37,24,4
37,25,4.5
37,26,4
37,27,4.5
37,28,4.5
37,29,4.5
37,30,5
37,32,4.5
37,33,4.5
37,34,4
37,35,4
37,38,4
37,40,1.5
37,43,1.5
37,45,2.5
37,54,5
37,55,4.5
37,56,4.5
37,57,4.5
37,58,4
37,59,2.5
37,64,3.5
37,66,3
37,74,2.5
37,83,3
37,86,3
37,90,2
37,92,1.5
37,93,3.5
37,96,4
37,97,4
37,98,4.5
37,100,3.5
37,110,3.5
37,165,2.5
37,178,3
37,182,2.5
37,184,4
37,213,4
37,218,3.5
37,227,3
37,250,3.5
37,255,3.5
37,258,3
37,260,2.5
37,267,2.5
37,340,3
37,452,3.5
37,463,3.5
37,538,2.5
37,545,3
37,550,4
37,558,4
37,571,2.5
37,588,2.5
37,606,3
37,630,2.5
37,631,4
37,672,2
37,717,3.5
37,724,3
37,813,3.5
37,847,2.5
37,872,2
37,894,3
37,903,4.5
37,905,3
37,908,3
37,909,3.5
37,935,5
37,971,3
38,2,2.5
38,7,3.5
38,20,3
38,21,3
38,37,4
38,38,4.5
38,39,4
38,40,4
38,41,4.5
38,43,4
38,44,4.5
38,45,3.5
38,46,4
38,47,3.5
38,48,4.5
38,49,4
38,50,4
38,51,3.5
38,52,4
38,53,4.5
38,61,3
38,64,3
38,65,3
38,68,2.5
38,69,2
38,70,1.5
38,72,4.5
38,73,4
38,74,4
38,79,2.5
38,81,3
38,83,3
38,84,4.5
38,85,4
38,86,4.5
38,87,2.5
38,91,4
38,92,3.5
38,99,4.5
38,112,4.5
38,170,3
38,184,3
38,205,3.5
38,212,4
38,222,2.5
38,233,3
38,280,3.5
38,287,3
38,293,4.5
38,316,3.5
38,321,2.5
38,328,3.5
38,343,3
38,388,4
38,402,4.5
38,407,4
38,408,4
38,442,3.5
38,453,3
38,480,3.5
38,516,3.5
38,525,3
38,563,3.5
38,590,3
38,602,2.5
38,621,4.5
38,630,4
38,648,3.5
38,652,4.5
38,654,3.5
38,658,3
38,702,3
38,714,3
38,723,3.5
38,729,3.5
38,730,3
38,732,2
38,733,3.5
38,750,2
38,764,2
38,777,2.5
38,794,3
38,829,2.5
38,865,3
38,867,3
38,873,3
38,909,3.5
38,954,3.5
38,957,2
38,965,4.5
38,978,2.5
39,42,3.5
39,51,4.5
39,85,4
39,92,3.5
39,103,3
39,131,3.5
39,135,4
39,136,4
39,139,3
39,145,4
39,155,2.5
39,156,3.5
39,174,4.5
39,182,3
39,191,3.5
39,200,4
39,241,3
39,270,4
39,275,4
39,308,3.5
39,326,2.5
39,359,2.5
39,361,3
39,373,3
39,374,3
39,386,3.5
39,392,3
39,404,3
39,414,3
39,416,3
39,417,2.5
39,448,3
39,477,4
39,486,4
39,491,4.5
39,505,3.5
39,511,3.5
39,519,3.5
39,521,3.5
39,542,2.5
39,569,3
39,582,4.5
39,591,3.5
39,597,3
39,610,4
39,627,4.5
39,646,4
39,653,3.5
39,656,2.5
39,661,2
39,674,4
39,681,3.5
39,692,3
39,715,4
39,732,2.5
39,742,3.5
39,767,3.5
39,769,4.5
39,770,4
39,819,4
39,832,4
39,835,4
39,844,3.5
39,846,2.5
39,865,3.5
39,886,3.5
39,895,4
39,902,3.5
39,911,3
39,912,4
39,913,3.5
39,944,5
39,948,3
39,955,3.5
39,960,4
39,966,3.5
39,973,4
39,976,3.5
39,977,3
40,1,4
40,2,4
40,14,4.5
40,17,4
40,20,4.5
40,27,4
40,76,4.5
40,87,4
40,94,4
40,103,4
40,106,5
40,107,3.5
40,111,3.5
40,116,3
40,121,5
40,123,2
40,128,4
40,134,3.5
40,138,3.5
40,154,4.5
40,158,3.5
40,185,3.5
40,206,4
40,230,3.5
40,241,2.5
40,253,4.5
40,259,4
40,263,3.5
40,266,3.5
40,274,3
40,277,4
40,278,4.5
40,290,3.5
40,309,4.5
40,312,2.5
40,313,3
40,317,4
40,320,4
40,323,3.5
40,324,4.5
40,338,2.5
40,339,3
40,389,4
40,391,4.5
40,399,5
40,416,3
40,435,3.5
40,444,2
40,465,3
40,512,3.5
40,513,3.5
40,520,4
40,523,3
40,534,4
40,548,3.5
40,599,3
40,618,3.5
40,621,3.5
40,636,3.5
40,637,3
40,653,3
40,655,3.5
40,684,4.5
40,685,4
40,694,3.5
40,707,4
40,779,3.5
40,793,3
40,797,5
40,821,2.5
40,828,3.5
40,849,2
40,856,4
40,882,4
40,884,3
40,908,3
40,912,4.5
40,919,4
40,930,4.5
40,934,3
40,936,4
40,943,4
40,948,5
40,959,4
40,969,5
41,103,3
41,147,3.5
41,161,2.5
41,170,3
41,181,4
41,184,3.5
41,190,2.5
41,202,3
41,208,4
41,219,3
41,220,3.5
41,221,4.5
41,222,4
41,235,4.5
41,238,2.5
41,245,3.5
41,261,3
41,269,2.5
41,286,3.5
41,318,4.5
41,325,2.5
41,333,3
41,334,2.5
41,335,3
41,343,3
41,354,3.5
41,368,3.5
41,389,3
41,425,3.5
41,443,4
41,447,3.5
41,451,4.5
41,464,3.5
41,471,3.5
41,475,3.5
41,476,4
41,485,3
41,493,2.5
41,510,3.5
41,537,3.5
41,552,3.5
41,559,2.5
41,561,3.5
41,573,4
41,612,3.5
41,625,4
41,641,3.5
41,678,4
41,682,2.5
41,683,2.5
41,691,3
41,701,3
41,707,3.5
41,719,2.5
41,728,2.5
41,752,5
41,757,4
41,761,3
41,769,3.5
41,782,4.5
41,793,3.5
41,795,3.5
41,797,3
41,808,3.5
41,818,3.5
41,828,4.5
41,855,5
41,875,3.5
41,884,3.5
41,901,3.5
41,903,2.5
41,907,2.5
41,908,2.5
41,910,3.5
41,911,2
41,947,3
41,953,3
41,965,3.5
41,977,3.5
42,5,3
42,44,3
42,49,4
42,50,3.5
42,52,4
42,53,3.5
42,72,2
42,81,3
42,108,2
42,161,2
42,163,3
42,181,4
42,185,2.5
42,191,4
42,199,3
42,200,4
42,214,3.5
42,267,3
42,287,2.5
42,289,3
42,293,3
42,300,2.5
42,312,3.5
42,320,4.5
42,339,2.5
42,342,3
42,378,3
42,382,3.5
42,391,3.5
42,393,3.5
42,401,3
42,415,2.5
42,419,3
42,422,4
42,476,3.5
42,485,4
42,487,4.5
42,503,3.5
42,510,2.5
42,512,4
42,519,3.5
42,533,3.5
42,537,2
42,548,3
42,549,4.5
42,550,3.5
42,556,2.5
42,572,3.5
42,574,2.5
42,583,3
42,587,4
42,593,4.5
42,618,2
42,623,3
42,629,3
42,649,2.5
42,687,3
42,703,2.5
42,706,3.5
42,715,4.5
42,722,2.5
42,725,4.5
42,737,3
42,739,3.5
42,752,2.5
42,758,4.5
42,804,4.5
42,813,3.5
42,820,3.5
42,832,4
42,840,3.5
42,848,4
42,854,5
42,863,3
42,871,3.5
42,877,3.5
42,881,2.5
42,885,4
42,893,2.5
42,902,2.5
42,911,2
42,915,3.5
42,937,3.5
42,947,3.5
42,952,4.5
42,961,3.5
42,968,5
43,30,2.5
43,38,4
43,39,3
43,71,5
43,72,3.5
43,73,4
43,104,3
43,112,4
43,140,3
43,158,3.5
43,171,4
43,172,3.5
43,177,2.5
43,178,3.5
43,188,3
43,192,3.5
43,201,1.5
43,234,2.5
43,242,3
43,268,5
43,272,5
43,278,3
43,297,2
43,299,3
43,302,5
43,306,4
43,327,3.5
43,334,4.5
43,336,4.5
43,381,2.5
43,386,3.5
43,402,4
43,403,3
43,413,3
43,422,3.5
43,432,2.5
43,478,3.5
43,483,2
43,488,3
43,500,4.5
43,505,3
43,509,4
43,511,3.5
43,529,3
43,550,3.5
43,554,5
43,561,3
43,570,3.5
43,576,3
43,596,2.5
43,600,3.5
43,608,4.5
43,618,4
43,627,4.5
43,634,3
43,637,2.5
43,648,2
43,698,3
43,707,3
43,715,3.5
43,722,4
43,736,5
43,745,2
43,775,2.5
43,776,3
43,782,3.5
43,786,3.5
43,814,3
43,847,2.5
43,848,3
43,850,3
43,877,3
43,882,4
43,885,4
43,886,3.5
43,889,2.5
43,893,3
43,915,4.5
43,936,2.5
43,949,4
43,951,2
43,961,4
43,995,3.5
43,997,2.5
44,7,4
44,117,2.5
44,151,4
44,157,4.5
44,158,4
44,160,4.5
44,168,3
44,172,3.5
44,180,3.5
44,189,3.5
44,222,3
44,235,4
44,250,2.5
44,251,4
44,273,3.5
44,279,4.5
44,280,5
44,306,3.5
44,309,4
44,318,4.5
44,353,3
44,367,3.5
44,378,4.5
44,399,4.5
44,415,3.5
44,434,3
44,436,2.5
44,438,3.5
44,442,3
44,448,3.5
44,476,3.5
44,484,4
44,510,4.5
44,513,4.5
44,520,3.5
44,525,4
44,533,3.5
44,552,4
44,560,3.5
44,573,5
44,577,3.5
44,594,4.5
44,613,3.5
44,626,3
44,628,5
44,634,3.5
44,668,3
44,669,3.5
44,682,4.5
44,695,4.5
44,705,3.5
44,711,3
44,712,4
44,723,3.5
44,734,4.5
44,740,5
44,750,2.5
44,756,3
44,772,4
44,773,2
44,778,4
44,788,4
44,808,4
44,826,4.5
44,839,4.5
44,843,5
44,859,3.5
44,883,3
44,884,3.5
44,905,4.5
44,953,4.5
44,958,5
44,980,4
44,996,3.5
45,27,5
45,45,3
45,116,3
45,126,3.5
45,128,4
45,133,3
45,138,3
45,163,5
45,172,3.5
45,178,3
45,195,3.5
45,216,2.5
45,225,2.5
45,235,3
45,247,2
45,251,3.5
45,256,3.5
45,257,3
45,266,3.5
45,276,3
45,288,3.5
45,319,3.5
45,321,2.5
45,343,3
45,372,4
45,379,4
45,383,3
45,388,3
45,402,2.5
45,415,3
45,417,2.5
45,426,3.5
45,434,2.5
45,460,4.5
45,461,2.5
45,465,2.5
45,466,3
45,478,2.5
45,480,3
45,487,4
45,491,3
45,496,3
45,501,4.5
45,519,5
45,523,3
45,546,2.5
45,552,2
45,555,3
45,557,4
45,563,3.5
45,577,3.5
45,601,4.5
45,619,4
45,626,2.5
45,634,3
45,635,3.5
45,654,4
45,658,4
45,671,4
45,675,3
45,695,2
45,698,3.5
45,699,3
45,708,2
45,716,2.5
45,718,2.5
45,725,4.5
45,778,3.5
45,807,4
45,809,2
45,820,5
45,840,2
45,854,3
45,863,2.5
45,867,4
45,869,3.5
45,877,3
45,887,2.5
45,888,2
45,892,4.5
45,895,3
45,903,2.5
45,914,2
45,927,2
45,929,3
45,931,3.5
45,947,4.5
45,949,3
45,950,2
45,953,3.5
45,963,3
45,982,2.5
45,990,4
45,997,2.5
46,30,2.5
46,52,2.5
46,83,3.5
46,104,3
46,123,3.5
46,136,3.5
46,157,3.5
46,160,3.5
46,186,3
46,188,2.5
46,193,1
46,196,4
46,218,4
46,227,2.5
46,247,2.5
46,248,2.5
46,249,3
46,255,3
46,280,3.5
46,298,2.5
46,300,3.5
46,322,3.5
46,372,3
46,376,2
46,378,3
46,381,2
46,391,2.5
46,405,3.5
46,412,3.5
46,435,2.5
46,441,3
46,457,3
46,491,4
46,501,3.5
46,504,3.5
46,542,2
46,591,3
46,609,3
46,642,3
46,644,2.5
46,652,3.5
46,661,2.5
46,668,2.5
46,677,2
46,700,4
46,710,2.5
46,732,3
46,744,4
46,745,3.5
46,768,4
46,776,4
46,779,2.5
46,787,3.5
46,794,2.5
46,803,3
46,809,3.5
46,815,4
46,820,2
46,822,2.5
46,823,3
46,846,2.5
46,852,3
46,853,3.5
46,866,3.5
46,874,3
46,880,3
46,892,3
46,894,3
46,920,2.5
46,923,4
46,926,3.5
46,932,2.5
46,946,2
46,955,3.5
46,964,3.5
46,975,2.5
46,989,3
46,992,1.5
46,998,2.5
46,999,1.5
47,25,4
47,36,4.5
47,63,4
47,66,3.5
47,95,3
47,101,4.5
47,105,2.5
47,115,3
47,119,4
47,121,3
47,130,5
47,133,3.5
47,162,4.5
47,164,3.5
47,165,3
47,207,4
47,217,3
47,232,3.5
47,239,4.5
47,267,2.5
47,278,3
47,294,2
47,314,4
47,315,3.5
47,317,3.5
47,321,2.5
47,332,4
47,336,3.5
47,351,2.5
47,384,4.5
47,418,4
47,428,3.5
47,434,3
47,439,3.5
47,449,3.5
47,462,2.5
47,469,4
47,481,4.5
47,482,4
47,484,3.5
47,485,3.5
47,489,3.5
47,507,3
47,508,3
47,519,3
47,523,5
47,525,4
47,543,3.5
47,564,2.5
47,573,2
47,576,2.5
47,582,2.5
47,584,3.5
47,588,3.5
47,595,4
47,604,4
47,625,2.5
47,626,4
47,640,4
47,641,3.5
47,643,2
47,656,3.5
47,662,3.5
47,667,3.5
47,669,2.5
47,688,3
47,698,3.5
47,703,3
47,717,3.5
47,733,3.5
47,746,4.5
47,753,4.5
47,757,4
47,762,3
47,768,3
47,777,4
47,789,3
47,812,3.5
47,814,4
47,824,3
47,828,3.5
47,837,3
47,838,3.5
47,839,3
47,843,3
47,847,3.5
47,854,2.5
47,861,2
47,863,4
47,889,3
47,897,3.5
47,902,3.5
47,906,2.5
47,954,3.5
47,970,4
47,979,2.5
47,980,3.5
47,981,4.5
47,982,2.5
48,27,5
48,73,4.5
48,79,3.5
48,81,3
48,99,4.5
48,130,3
48,160,4
48,165,4
48,179,3.5
48,185,3
48,195,4
48,214,4.5
48,218,4.5
48,233,4
48,253,4.5
48,269,3.5
48,280,2.5
48,287,3
48,290,4.5
48,294,2.5
48,323,3.5
48,364,4
48,372,3.5
48,382,4
48,392,3.5
48,419,1.5
48,421,4
48,430,5
48,446,4
48,453,2.5
48,454,3.5
48,455,3
48,457,3.5
48,490,3
48,513,3
48,519,5
48,533,3
48,537,3.5
48,557,3.5
48,561,3
48,579,4.5
48,593,5
48,596,4
48,624,4
48,625,3
48,628,4
48,662,3
48,681,4
48,690,3
48,697,3.5
48,703,4
48,706,3.5
48,708,4
48,717,3.5
48,728,3
48,746,2
48,749,2.5
48,768,3
48,775,3.5
48,777,2.5
48,792,4
48,798,3
48,802,2.5
48,820,3.5
48,837,2
48,843,5
48,862,3
48,867,4
48,906,4
48,915,3.5
48,926,3
48,954,3
48,957,3.5
48,966,2.5
48,980,2.5
48,984,3.5
48,991,4.5
49,5,3.5
49,28,2.5
49,58,5
49,88,4
49,89,3
49,121,4
49,129,3
49,137,3
49,141,3.5
49,161,3
49,166,3
49,173,3
49,189,4.5
49,195,3
49,207,4
49,224,3
49,241,3
49,245,5
49,253,4
49,254,3
49,265,3.5
49,281,4
49,303,2
49,307,3.5
49,309,4.5
49,310,3.5
49,313,2.5
49,314,4
49,328,3
49,337,3.5
49,341,2.5
49,342,3
49,346,3.5
49,350,4.5
49,374,2.5
49,380,3.5
49,390,4
49,392,3.5
49,399,4.5
49,441,3.5
49,452,4.5
49,471,2.5
49,492,5
49,493,3.5
49,509,3
49,518,2.5
49,522,3.5
49,553,3.5
49,575,3.5
49,585,2.5
49,586,2
49,590,3
49,636,4
49,646,4
49,669,4.5
49,675,3.5
49,696,3.5
49,715,3.5
49,724,3
49,758,4
49,762,4
49,771,5
49,784,2.5
49,788,3.5
49,789,4
49,800,3
49,808,3.5
49,812,3.5
49,826,4.5
49,827,4
49,832,2.5
49,840,3
49,849,4.5
49,860,4
49,884,3.5
49,898,4.5
49,906,2.5
49,910,3
49,914,4.5
49,922,3.5
49,928,2.5
49,930,4
49,955,3
49,958,3
49,971,4.5
49,978,3
49,987,3.5
49,996,3.5
50,11,4
50,47,2.5
50,90,3.5
50,111,5
50,114,4
50,115,3.5
50,117,4.5
50,119,5
50,121,4
50,151,4
50,163,4.5
50,170,4
50,172,3.5
50,177,3
50,183,4.5
50,195,2.5
50,199,4.5
50,205,4
50,216,4
50,221,4
50,233,3.5
50,237,2.5
50,248,4.5
50,251,2.5
50,252,3
50,258,4
50,259,4.5
50,269,2.5
50,287,3.5
50,307,4.5
50,309,4.5
50,311,3
50,326,4
50,349,4
50,361,3.5
50,362,3.5
50,371,5
50,387,4
50,390,3.5
50,391,4
50,399,4
50,408,4
50,417,4
50,455,3.5
50,471,3.5
50,474,4
50,491,4
50,507,2
50,527,3.5
50,574,3.5
50,575,3.5
50,620,3
50,632,3.5
50,658,3.5
50,675,3
50,684,4
50,697,4
50,711,4
50,718,4.5
50,726,5
50,741,5
50,765,4
50,766,3.5
50,775,4
50,790,4.5
50,800,2
50,805,4.5
50,821,3.5
50,830,4.5
50,836,4
50,880,4.5
50,910,3
50,923,3.5
50,936,4
50,938,4.5
50,965,3.5
50,982,3
50,996,4.5
50,998,3.5
51,51,3.5
51,61,4
51,104,3.5
51,114,2
51,120,3
51,129,4.5
51,137,3.5
51,140,3
51,148,4.5
51,152,4.5
51,168,3.5
51,192,3.5
51,193,1.5
51,194,3.5
51,200,4
51,206,3
51,210,4
51,214,2.5
51,232,3
51,244,3
51,246,4.5
51,255,3.5
51,262,3
51,267,3.5
51,268,4
51,270,5
51,272,4
51,283,3
51,292,3
51,308,3.5
51,309,3.5
51,315,3
51,316,3.5
51,321,4
51,338,3.5
51,348,2.5
51,366,3.5
51,401,3.5
51,416,2
51,417,3
51,453,3
51,458,4.5
51,484,3
51,490,3
51,508,3.5
51,527,2.5
51,532,3.5
51,550,4.5
51,553,3.5
51,555,3
51,595,3
51,606,3.5
51,612,4.5
51,616,2
51,627,4.5
51,651,3
51,653,4
51,661,3.5
51,664,4
51,678,3
51,699,2.5
51,721,4
51,771,3.5
51,780,2.5
51,810,3.5
51,828,4
51,856,4
51,875,5
51,885,3.5
51,891,3
51,905,3
51,917,3
51,925,3
51,939,5
51,941,3.5
51,945,4.5
51,949,3.5
51,961,5
51,971,2.5
51,973,3.5
51,976,2
51,978,3
52,4,3.5
52,50,5
52,63,5
52,64,5
52,65,4.5
52,69,3.5
52,91,3.5
52,102,5
52,114,3
52,127,3.5
52,133,3.5
52,151,4.5
52,152,3.5
52,157,4
52,184,5
52,185,4.5
52,200,4
52,211,4
52,219,4
52,225,4.5
52,226,3
52,262,5
52,270,3
52,278,4
52,282,3.5
52,285,4.5
52,289,5
52,299,3.5
52,319,3
52,324,3
52,328,4
52,336,4
52,346,2.5
52,351,3
52,403,3.5
52,407,4.5
52,410,3
52,411,4
52,422,3.5
52,424,4
52,463,3.5
52,465,4.5
52,471,4
52,475,4
52,490,4
52,493,3.5
52,497,4
52,512,4.5
52,524,3.5
52,537,4
52,542,4.5
52,549,4
52,550,5
52,552,4.5
52,569,4.5
52,572,4.5
52,573,4
52,575,3.5
52,580,3.5
52,608,3.5
52,625,4.5
52,642,4
52,645,3.5
52,664,3
52,680,4
52,701,4
52,718,3
52,719,3.5
52,735,4.5
52,749,4
52,758,5
52,761,3.5
52,773,4
52,796,3
52,811,5
52,814,4
52,825,4
52,828,4.5
52,848,3.5
52,866,4
52,901,4
52,919,3
52,920,4.5
52,924,4.5
52,937,3.5
52,939,4
52,949,3.5
52,952,4
52,968,3.5
52,969,4
52,976,3
52,996,3
53,49,4.5
53,51,4
53,59,2.5
53,65,4.5
53,81,4
53,101,4
53,105,2.5
53,121,4.5
53,139,4
53,151,3.5
53,168,3.5
53,185,5
53,210,4
53,211,4
53,218,3.5
53,221,4
53,241,4
53,269,3
53,270,4.5
53,286,3.5
53,289,2.5
53,295,4
53,299,4
53,302,3
53,318,3.5
53,337,2.5
53,339,2.5
53,342,4
53,371,3
53,390,3.5
53,391,4.5
53,409,3
53,411,4
53,421,3
53,434,3.5
53,447,2
53,448,3.5
53,451,4.5
53,454,2.5
53,458,4.5
53,459,4.5
53,471,3
53,476,4
53,479,2
53,481,3.5
53,509,3.5
53,512,2.5
53,515,4
53,516,2.5
53,533,3
53,539,2.5
53,552,4
53,553,4.5
53,569,3.5
53,573,3.5
53,577,4.5
53,619,3.5
53,620,4.5
53,621,4
53,634,4
53,635,2.5
53,641,3
53,653,4
53,655,2.5
53,660,3.5
53,661,3.5
53,702,3
53,719,4
53,739,5
53,759,2.5
53,766,3
53,775,4.5
53,781,4
53,795,3
53,809,3
53,810,3.5
53,845,3
53,846,3.5
53,851,3.5
53,864,4
53,867,2.5
53,871,2.5
53,876,3.5
53,885,5
53,901,3.5
53,922,3.5
53,928,3
53,931,2
53,936,3
53,937,4
53,947,3
53,952,4.5
53,965,3.5
53,977,3
53,987,3
54,17,4
54,59,4
54,83,4.5
54,112,5
54,125,4.5
54,131,3
54,144,5
54,164,3.5
54,166,2.5
54,215,4.5
54,217,3
54,230,3.5
54,236,5
54,247,3
54,261,4
54,266,4
54,270,4
54,274,3.5
54,284,4.5
54,286,3
54,300,4
54,308,3.5
54,310,2.5
54,331,3.5
54,337,4
54,351,2
54,352,4
54,358,3.5
54,360,3
54,361,3
54,363,4.5
54,366,4
54,391,4
54,396,4.5
54,401,3.5
54,442,3.5
54,452,3
54,454,3.5
54,461,4
54,468,4.5
54,478,4.5
54,485,4
54,491,2.5
54,505,3
54,515,3
54,517,4
54,528,3
54,534,4.5
54,542,3.5
54,564,3.5
54,576,4
54,577,4
54,585,4
54,591,4.5
54,608,5
54,629,4
54,633,4.5
54,637,2
54,647,4
54,664,4.5
54,666,4.5
54,667,4
54,668,3.5
54,672,3
54,681,3.5
54,688,3
54,722,3
54,723,4
54,731,3.5
54,737,4
54,746,3
54,760,5
54,781,3
54,786,4
54,788,4.5
54,800,4
54,802,4.5
54,817,3
54,844,5
54,845,4
54,851,3.5
54,853,2.5
54,865,2
54,872,4.5
54,924,2.5
54,935,3.5
54,939,3.5
54,945,3.5
54,954,3.5
54,956,2
54,960,3.5
54,970,4
54,974,5
54,978,4.5
55,6,4
55,10,3.5
55,75,4
55,94,4
55,95,4.5
55,110,5
55,130,4
55,132,4
55,134,4
55,169,3.5
55,175,2.5
55,178,4.5
55,185,4
55,188,4
55,197,3.5
55,200,4
55,223,3.5
55,239,3
55,245,3.5
55,284,4
55,297,3.5
55,317,2.5
55,319,3
55,326,4
55,329,3
55,343,2.5
55,348,4.5
55,352,4
55,365,4
55,369,4
55,384,4
55,403,2.5
55,442,2.5
55,450,3
55,453,3
55,465,3.5
55,468,3
55,494,4
55,502,3.5
55,504,3.5
55,519,3.5
55,523,4
55,527,2
55,538,3
55,543,3.5
55,546,4.5
55,551,4
55,553,3
55,565,4.5
55,571,3
55,572,4.5
55,574,4
55,591,3.5
55,598,4
55,620,3
55,640,3.5
55,649,3.5
55,673,4
55,675,3
55,680,4
55,681,2.5
55,693,4
55,707,4
55,709,4.5
55,723,2.5
55,730,2.5
55,784,3.5
55,785,4.5
55,795,3.5
55,803,3.5
55,809,1.5
55,817,4
55,842,3
55,849,3.5
55,856,3
55,864,4
55,874,4
55,880,4
55,897,3
55,902,4
55,909,3
55,910,4.5
55,925,4.5
55,931,2.5
55,953,3
55,959,3
55,963,4
55,965,3
55,971,3
55,973,3
55,977,3
55,982,2.5
55,983,2.5
55,991,4.5
56,47,4.5
56,48,4.5
56,81,4.5
56,93,4.5
56,107,5
56,115,3
56,116,3.5
56,124,4
56,134,5
56,137,3
56,169,5
56,174,4
56,191,4
56,192,5
56,193,2.5
56,205,4.5
56,218,3
56,219,2
56,221,3
56,244,5
56,262,4.5
56,272,4.5
56,274,3.5
56,280,4.5
56,299,4.5
56,335,3
56,342,3.5
56,346,3
56,357,4
56,386,4.5
56,392,4
56,394,3
56,407,4
56,422,4
56,447,3
56,450,3.5
56,463,4
56,489,3
56,506,4
56,509,4
56,510,5
56,514,3.5
56,520,3.5
56,550,3.5
56,567,2.5
56,571,3
56,596,2.5
56,624,3
56,633,3.5
56,646,3.5
56,656,3
56,671,4.5
56,682,2.5
56,695,3
56,707,3
56,713,3
56,722,3
56,725,4
56,739,4
56,741,4.5
56,760,4
56,772,5
56,786,3.5
56,789,3
56,792,4
56,793,4.5
56,808,3.5
56,811,4
56,817,4
56,830,3
56,836,2.5
56,838,4
56,841,5
56,842,4
56,859,4.5
56,871,3
56,905,3.5
56,913,3.5
56,958,4
56,961,4
56,979,3
57,57,2.5
57,77,4
57,107,1.5
57,108,3
57,124,3.5
57,125,3.5
57,138,4
57,141,2.5
57,156,4
57,175,3
57,180,2.5
57,183,3
57,184,5
57,185,3.5
57,193,3.5
57,205,2.5
57,217,4.5
57,245,2
57,247,4
57,261,2.5
57,273,3.5
57,286,2
57,304,2.5
57,315,3.5
57,322,3.5
57,335,2.5
57,337,2.5
57,347,3
57,364,2.5
57,365,2
57,384,3.5
57,393,2.5
57,419,3.5
57,455,3.5
57,457,3
57,465,3.5
57,471,3
57,484,2.5
57,488,4
57,504,2.5
57,512,3
57,543,2.5
57,552,3.5
57,569,3.5
57,593,2.5
57,616,2.5
57,628,2.5
57,631,3.5
57,645,3
57,657,3.5
57,666,3
57,681,3
57,687,2
57,691,2.5
57,696,2.5
57,706,3
57,716,2.5
57,725,2.5
57,762,4.5
57,782,3
57,797,4
57,799,4
57,818,3.5
57,821,3
57,850,3
57,871,4
57,872,2.5
57,884,1.5
57,932,2.5
57,942,3
57,949,3.5
57,952,4
57,953,3.5
57,955,2.5
57,959,3
57,981,3.5
57,998,3.5
58,55,4
58,114,3.5
58,121,3
58,140,4
58,147,3
58,166,3
58,167,3.5
58,174,4
58,190,3.5
58,204,4.5
58,208,3
58,217,4.5
58,218,4.5
58,220,3
58,237,2.5
58,249,2.5
58,254,4
58,258,3.5
58,267,3.5
58,323,3
58,343,3
58,349,3.5
58,351,3.5
58,361,4
58,396,3.5
58,397,2.5
58,398,3
58,419,4
58,424,4
58,426,5
58,434,3.5
58,436,4
58,450,3.5
58,460,4
58,466,4.5
58,485,3.5
58,488,3.5
58,496,4
58,506,3
58,553,3
58,557,4.5
58,565,3.5
58,566,3
58,582,3
58,584,5
58,609,3.5
58,635,4
58,638,3.5
58,647,4.5
58,650,3
58,712,4.5
58,725,3.5
58,731,3.5
58,748,4.5
58,774,3.5
58,777,3.5
58,787,4.5
58,790,3.5
58,800,3
58,802,4
58,809,3
58,849,4.5
58,850,3.5
58,859,3
58,867,4.5
58,870,5
58,871,5
58,873,4
58,874,3.5
58,878,3
58,879,2.5
58,881,4
58,883,3.5
58,900,3.5
58,926,3.5
58,929,3.5
58,931,3.5
58,932,5
58,958,3.5
58,963,3.5
58,975,4
58,979,4.5
58,989,3.5
58,999,4.5
59,21,2.5
59,70,4
59,75,3.5
59,110,5
59,121,4.5
59,126,3.5
59,131,2.5
59,183,3.5
59,224,2.5
59,226,5
59,227,5
59,254,2.5
59,280,4.5
59,281,3
59,285,3.5
59,286,2.5
59,292,4
59,305,4.5
59,323,4
59,335,3.5
59,359,3.5
59,360,3
59,375,3.5
59,390,3.5
59,411,4.5
59,418,4.5
59,424,4
59,427,4
59,434,3.5
59,443,4
59,447,4
59,452,4
59,498,3.5
59,508,3.5
59,523,3
59,526,5
59,530,2.5
59,537,4.5
59,549,3
59,551,5
59,579,4
59,583,3
59,589,4
59,606,4
59,626,3.5
59,631,2.5
59,644,2.5
59,645,3.5
59,656,3.5
59,659,3.5
59,711,3.5
59,724,5
59,737,4
59,740,4
59,753,3
59,754,4
59,767,5
59,770,3
59,778,3.5
59,785,5
59,787,3.5
59,788,4
59,804,3.5
59,808,3.5
59,814,3.5
59,818,4.5
59,830,3.5
59,860,3.5
59,873,4
59,877,2.5
59,904,3
59,916,3
59,926,4.5
59,936,3.5
59,951,3.5
59,964,3
59,965,3
59,969,4
59,972,4.5
59,979,4
59,988,4.5
59,1000,4.5
60,48,3
60,49,3.5
60,51,4
60,55,3.5
60,56,3.5
60,58,4
60,65,4
60,101,4.5
60,104,4
60,129,3
60,141,4
60,160,3
60,162,3
60,173,2.5
60,184,3.5
60,185,4
60,195,2.5
60,221,4
60,222,4
60,237,2.5
60,242,3.5
60,252,3
60,266,3
60,267,2
60,268,4
60,303,2.5
60,342,3.5
60,388,3
60,389,2.5
60,428,3.5
60,441,3
60,451,3.5
60,465,3.5
60,477,4
60,481,3.5
60,482,3
60,485,3.5
60,509,3.5
60,523,3.5
60,524,3
60,525,3
60,539,2.5
60,549,4
60,550,3.5
60,552,4
60,569,2
60,581,4
60,598,3
60,605,3
60,607,3.5
60,630,4.5
60,642,3.5
60,653,3.5
60,661,2.5
60,671,2.5
60,683,3
60,694,2.5
60,702,4
60,705,3
60,707,3.5
60,712,4
60,715,4
60,717,2
60,719,3.5
60,739,3.5
60,746,2
60,754,5
60,761,4
60,774,3.5
60,777,4.5
60,784,3
60,799,4
60,804,3.5
60,805,1.5
60,807,3
60,808,4.5
60,836,3
60,882,3.5
60,884,3.5
60,886,3.5
60,901,4
60,906,4
60,913,3.5
60,932,3.5
60,939,2.5
60,956,2.5
60,968,4.5
60,981,3
60,996,2
60,998,4
61,43,5
61,45,3.5
61,59,2.5
61,71,5
61,74,5
61,85,4.5
61,106,4.5
61,111,5
61,114,3.5
61,139,3.5
61,166,3.5
61,172,3
61,204,4
61,215,4
61,217,3.5
61,225,4
61,231,5
61,234,4
61,251,3.5
61,271,5
61,273,4.5
61,275,4.5
61,296,3.5
61,313,4
61,315,4
61,330,3.5
61,334,4
61,364,4.5
61,372,5
61,377,4
61,379,4.5
61,397,3
61,420,4.5
61,422,3.5
61,440,4
61,463,3.5
61,477,3.5
61,478,4.5
61,492,4.5
61,524,4.5
61,547,3.5
61,548,5
61,559,2.5
61,564,5
61,566,5
61,567,3.5
61,589,3.5
61,618,4.5
61,698,4.5
61,717,4.5
61,718,4.5
61,740,5
61,744,5
61,746,3.5
61,751,2.5
61,764,3.5
61,766,3.5
61,789,4
61,795,4
61,799,3.5
61,800,3.5
61,811,4
61,813,3
61,816,2.5
61,817,3
61,819,3.5
61,835,3
61,854,4
61,855,3.5
61,858,4.5
61,880,4
61,883,4
61,897,3.5
61,929,2.5
61,936,2.5
61,958,3.5
61,971,3.5
61,974,5
61,991,5
61,996,3.5
61,999,3.5
62,62,4
62,99,2.5
62,105,3.5
62,109,2.5
62,122,5
62,123,3.5
62,127,3
62,128,3.5
62,130,4
62,138,4
62,149,3
62,151,2.5
62,159,4
62,162,3.5
62,184,3.5
62,220,4.5
62,284,4.5
62,293,3
62,311,3
62,314,4
62,320,4
62,325,3.5
62,337,2.5
62,341,4
62,373,3.5
62,388,3
62,394,4.5
62,396,4.5
62,397,4
62,427,4
62,428,4
62,435,3.5
62,498,4.5
62,503,2.5
62,510,4
62,521,4.5
62,534,3.5
62,614,3.5
62,625,3.5
62,627,3.5
62,641,4
62,679,3.5
62,680,4
62,701,3
62,708,2.5
62,712,4
62,718,3.5
62,720,4
62,735,3.5
62,753,3
62,758,3.5
62,775,4
62,778,4
62,792,4.5
62,794,3.5
62,798,4.5
62,826,3
62,830,3.5
62,847,2.5
62,852,3
62,874,3
62,899,4
62,900,3
62,902,5
62,903,2.5
62,905,4.5
62,907,2.5
62,919,2.5
62,920,4
62,935,3.5
62,938,3
62,942,3.5
62,974,4.5
62,978,3.5
63,41,2.5
63,61,4
63,83,4
63,85,2.5
63,104,4
63,112,3.5
63,124,3.5
63,160,4
63,174,3
63,207,4
63,210,5
63,236,3
63,238,4
63,242,3
63,246,4
63,310,4
63,321,4
63,345,3
63,354,3.5
63,376,2.5
63,387,3.5
63,394,4
63,395,3.5
63,401,3.5
63,402,4.5
63,411,2
63,415,2.5
63,428,5
63,430,4
63,447,3.5
63,460,2.5
63,468,2.5
63,505,2.5
63,522,2
63,526,3
63,533,3
63,536,4.5
63,539,3
63,571,3.5
63,585,3
63,591,4
63,599,3.5
63,612,2
63,616,3
63,632,3
63,642,3.5
63,652,4.5
63,664,4
63,665,4.5
63,670,2.5
63,672,3
63,683,4
63,700,3.5
63,702,2.5
63,706,4
63,719,3
63,720,4
63,726,3.5
63,739,3.5
63,767,4
63,773,3
63,786,4
63,793,3.5
63,812,3
63,827,4.5
63,845,3.5
63,853,3
63,856,4.5
63,858,4.5
63,871,3.5
63,885,4
63,900,3
63,945,5
63,957,3
63,962,4.5
63,970,3
63,972,3
63,979,3
63,993,5
64,57,3
64,82,3.5
64,89,3
64,117,2.5
64,119,4
64,139,3
64,151,3.5
64,152,3
64,155,4
64,156,3.5
64,157,3
64,160,3
64,162,4
64,196,4
64,207,4.5
64,208,3
64,216,4.5
64,217,5
64,221,3.5
64,238,3.5
64,250,2.5
64,258,3
64,276,2.5
64,280,4
64,299,3.5
64,332,4
64,344,4
64,357,3
64,367,2
64,394,4.5
64,396,4.5
64,405,2.5
64,407,4
64,419,2.5
64,422,4.5
64,423,4
64,428,2.5
64,467,3
64,488,4
64,507,3.5
64,508,3
64,515,3
64,531,4.5
64,536,3
64,544,3
64,547,3
64,586,3
64,591,4.5
64,604,4
64,620,4
64,634,4
64,640,3
64,646,2.5
64,661,3.5
64,678,3
64,697,4
64,705,3
64,724,4
64,732,3.5
64,742,3
64,747,3
64,753,3
64,762,4
64,775,3.5
64,826,2.5
64,835,3.5
64,836,2
64,838,3.5
64,849,5
64,852,1.5
64,882,3
64,890,3.5
64,904,2.5
64,906,3.5
64,927,3
64,934,4
64,936,3.5
64,939,3.5
64,972,3.5
64,979,2
64,984,4
64,998,4.5
65,15,3.5
65,38,4.5
65,56,4
65,57,4.5
65,109,2
65,132,3.5
65,148,2.5
65,158,3.5
65,165,4
65,167,5
65,173,3
65,207,5
65,217,4
65,232,3.5
65,245,4
65,267,4.5
65,285,3.5
65,316,4
65,318,3.5
65,327,4
65,328,4
65,332,4
65,345,3.5
65,380,3.5
65,386,3.5
65,403,3
65,430,4.5
65,435,3.5
65,445,4
65,447,4
65,458,3.5
65,472,4
65,475,5
65,488,4.5
65,520,3.5
65,524,4
65,531,4
65,543,3
65,560,3.5
65,576,2
65,583,3
65,587,4.5
65,604,3.5
65,608,4.5
65,616,3.5
65,640,4
65,660,3
65,662,3
65,669,3
65,677,5
65,703,3
65,704,3
65,714,3.5
65,721,3
65,722,4.5
65,726,4
65,742,3.5
65,756,4
65,771,3.5
65,772,4.5
65,781,2.5
65,793,3.5
65,796,3
65,801,3.5
65,811,4
65,830,4
65,849,4.5
65,855,4
65,891,4
65,895,3.5
65,905,3
65,927,4
65,940,4
65,944,3
65,967,4
65,973,4.5
65,984,3.5
65,997,5
66,1,4
66,17,4.5
66,18,4
66,28,2.5
66,70,4.5
66,76,4
66,89,3.5
66,104,2.5
66,121,4
66,131,2.5
66,146,3.5
66,192,2.5
66,193,3.5
66,198,3
66,260,4.5
66,277,4
66,282,5
66,299,3.5
66,301,3.5
66,328,3.5
66,332,4
66,347,3.5
66,356,4.5
66,366,4
66,368,3.5
66,381,4
66,383,3
66,385,4.5
66,388,3.5
66,400,4
66,404,4.5
66,417,4.5
66,418,4
66,424,4.5
66,432,5
66,444,3
66,458,3
66,462,4
66,466,4
66,468,4
66,481,3.5
66,513,4.5
66,515,3.5
66,527,4.5
66,532,5
66,549,4.5
66,553,3.5
66,559,4
66,561,4
66,573,4
66,575,4
66,578,3.5
66,581,5
66,582,3
66,588,4.5
66,596,3
66,599,4
66,601,4.5
66,620,2.5
66,664,3.5
66,670,3
66,674,4
66,685,4
66,714,3.5
66,725,3
66,741,4.5
66,744,3.5
66,747,4
66,757,5
66,763,3.5
66,776,4
66,787,4.5
66,791,4.5
66,794,4
66,799,4
66,802,4
66,813,3
66,816,5
66,818,3.5
66,831,4.5
66,849,3.5
66,851,4
66,855,4
66,860,4.5
66,891,5
66,899,3.5
66,906,2.5
66,907,4
66,912,4
66,934,5
66,939,3.5
66,950,3.5
66,960,3
66,980,4
66,985,4
66,987,4.5
66,988,3.5
67,48,5
67,49,4.5
67,64,4.5
67,83,4
67,131,3.5
67,132,3
67,139,4
67,142,3
67,168,4
67,184,4.5
67,185,3.5
67,200,5
67,203,4.5
67,212,4.5
67,219,4
67,221,4.5
67,223,3.5
67,274,3
67,290,3.5
67,291,4.5
67,324,3.5
67,359,3
67,363,3.5
67,374,2.5
67,381,2.5
67,385,4
67,386,3
67,420,3
67,433,4.5
67,451,4
67,467,3
67,471,4.5
67,490,3.5
67,493,3
67,498,3
67,520,3
67,529,5
67,537,3.5
67,552,3
67,563,3
67,597,2.5
67,605,5
67,612,5
67,625,4.5
67,630,3.5
67,642,4
67,661,4
67,665,4
67,666,5
67,676,4.5
67,686,4
67,689,3
67,690,4.5
67,695,3.5
67,701,5
67,711,4
67,716,3
67,721,3.5
67,730,3.5
67,739,4.5
67,755,3
67,761,4
67,782,4
67,793,4
67,794,2.5
67,823,4
67,837,4.5
67,843,3.5
67,888,3.5
67,901,3.5
67,908,3
67,914,4.5
67,937,4
67,948,4
67,975,3.5
67,988,4
67,990,3.5
67,994,3.5
68,11,4
68,13,4
68,21,4
68,80,3.5
68,85,4.5
68,91,4.5
68,104,4.5
68,111,4.5
68,140,4
68,166,4
68,175,2
68,176,5
68,178,4
68,183,5
68,198,3.5
68,205,3.5
68,206,4
68,240,3
68,251,4
68,259,5
68,265,4
68,273,3.5
68,285,3.5
68,301,2.5
68,303,5
68,305,4
68,327,2.5
68,329,4.5
68,339,4
68,349,4
68,362,4.5
68,374,4
68,385,4
68,390,4.5
68,424,2.5
68,434,3.5
68,465,3.5
68,491,4
68,495,4
68,533,5
68,548,4.5
68,552,4
68,557,3
68,565,3.5
68,575,4
68,578,4.5
68,580,3
68,581,5
68,594,4
68,603,4
68,617,3.5
68,623,3
68,641,5
68,645,2.5
68,660,3
68,662,3.5
68,666,5
68,694,3.5
68,720,3.5
68,727,3.5
68,728,3.5
68,730,5
68,746,3.5
68,771,4.5
68,781,3
68,798,5
68,804,4
68,855,3
68,878,4
68,881,3.5
68,890,4.5
68,896,4.5
68,904,4
68,912,4
68,915,5
68,930,4.5
68,933,3.5
68,943,3.5
68,947,4.5
68,973,4.5
68,993,4
68,1000,4.5
69,37,3.5
69,64,3.5
69,78,3
69,95,4
69,106,5
69,113,3.5
69,121,4.5
69,130,5
69,134,4
69,161,4.5
69,177,2.5
69,180,5
69,187,4
69,195,3
69,205,3.5
69,221,3.5
69,230,3.5
69,237,4.5
69,241,3.5
69,252,4.5
69,253,4
69,267,3
69,276,2.5
69,277,3.5
69,321,2.5
69,331,4
69,335,4
69,339,4
69,362,3
69,367,5
69,379,3.5
69,386,3
69,399,4
69,404,3
69,406,4.5
69,413,3.5
69,426,5
69,430,3.5
69,438,4
69,449,5
69,455,2
69,470,3
69,474,5
69,487,3.5
69,489,3.5
69,495,4.5
69,503,4
69,505,3.5
69,513,4
69,525,3.5
69,528,3.5
69,541,2.5
69,556,2.5
69,560,5
69,562,3.5
69,585,3
69,586,2
69,615,3.5
69,628,3
69,645,3.5
69,647,2.5
69,650,3
69,652,5
69,655,3
69,656,3.5
69,680,3.5
69,684,4.5
69,688,3.5
69,697,5
69,705,3
69,707,4.5
69,709,5
69,749,4
69,766,2.5
69,771,4
69,779,4
69,783,3
69,800,3.5
69,813,3
69,856,3.5
69,859,3.5
69,861,2
69,879,3.5
69,888,4
69,894,3
69,905,4.5
69,912,4
69,921,4
69,924,5
69,925,3.5
69,930,4
69,948,4
69,952,4.5
69,958,4
69,985,3.5
69,989,4.5
69,992,2.5
69,995,4.5
70,30,3
70,33,4.5
70,51,3
70,66,4
70,67,5
70,70,3
70,96,2.5
70,129,3.5
70,133,4.5
70,138,2.5
70,147,4
70,149,3
70,178,4
70,190,4
70,191,3.5
70,192,3.5
70,194,2.5
70,204,3
70,207,3
70,215,3.5
70,226,4.5
70,227,4
70,281,3
70,282,3
70,290,3.5
70,304,4
70,347,4
70,371,4
70,375,4
70,384,3.5
70,402,4.5
70,429,4
70,448,3.5
70,454,5
70,456,1
70,462,3.5
70,466,4
70,491,2.5
70,511,3
70,515,2.5
70,541,3
70,564,3
70,567,4.5
70,568,4.5
70,574,3.5
70,585,2
70,586,3
70,588,4
70,610,3
70,622,3.5
70,629,3.5
70,637,3
70,649,4
70,653,3.5
70,657,3
70,661,3.5
70,674,2.5
70,676,3.5
70,685,3.5
70,692,4
70,702,2.5
70,711,2.5
70,736,3.5
70,753,4
70,756,5
70,763,3.5
70,764,2
70,791,2.5
70,823,4
70,837,4.5
70,841,1.5
70,893,4
70,905,2.5
70,907,3.5
70,911,2
70,933,3.5
70,957,4
70,983,2
70,986,5
70,989,3
71,25,4
71,65,3
71,76,4.5
71,117,5
71,137,4.5
71,141,3.5
71,184,5
71,193,3
71,211,5
71,216,3.5
71,221,4
71,234,3
71,300,4.5
71,312,2.5
71,316,3.5
71,339,3.5
71,350,3.5
71,353,3.5
71,358,4
71,361,4.5
71,376,4.5
71,384,4
71,398,2.5
71,400,4.5
71,407,5
71,437,3
71,452,4.5
71,465,3.5
71,471,5
71,478,4
71,490,4
71,502,3
71,532,4
71,533,3
71,552,5
71,564,4.5
71,566,5
71,567,4
71,573,4.5
71,575,4.5
71,626,4
71,632,2.5
71,636,3.5
71,656,3.5
71,657,4
71,671,3.5
71,682,3.5
71,695,4
71,699,4.5
71,700,4
71,705,3.5
71,719,3.5
71,730,5
71,733,3.5
71,734,3
71,757,3.5
71,759,2.5
71,782,4.5
71,839,4
71,844,3.5
71,848,4
71,855,4
71,870,4
71,876,4
71,880,3.5
71,896,4
71,904,3
71,916,4
71,930,4
71,932,3
71,948,5
71,950,3.5
71,963,4.5
71,968,3.5
71,991,4
71,993,3.5
71,995,3.5
72,3,5
72,8,4.5
72,10,4.5
72,26,3
72,32,4.5
72,37,4
72,77,5
72,89,3
72,93,3.5
72,123,3.5
72,126,2.5
72,131,3
72,132,4
72,134,4
72,135,4
72,147,4.5
72,158,5
72,177,2.5
72,188,3
72,198,4
72,239,3
72,240,2.5
72,254,3
72,269,3
72,317,3.5
72,335,4
72,338,3.5
72,390,3
72,398,4
72,399,4
72,404,4
72,408,2
72,421,3.5
72,422,4.5
72,427,4
72,436,3
72,440,3
72,466,4
72,497,4.5
72,517,4
72,525,5
72,537,3.5
72,545,4.5
72,557,2.5
72,565,4.5
72,582,3.5
72,590,3.5
72,592,4.5
72,633,3.5
72,637,4
72,640,4
72,649,3
72,662,4.5
72,674,3
72,687,4
72,702,4
72,707,3.5
72,710,3.5
72,712,4
72,718,3.5
72,719,3.5
72,724,4.5
72,759,4
72,769,5
72,776,4
72,786,5
72,792,4
72,815,4
72,818,5
72,822,3
72,834,4.5
72,836,2.5
72,852,5
72,853,5
72,855,4
72,859,4
72,864,3.5
72,895,4.5
72,919,3
72,932,3
72,935,3.5
72,940,4.5
72,960,3
72,971,3.5
72,974,5
72,975,4
72,987,4
72,994,3.5
72,1000,3.5
73,6,3.5
73,17,4
73,75,4
73,77,4.5
73,85,3.5
73,102,3.5
73,114,3.5
73,130,4
73,134,4.5
73,140,3
73,147,4
73,155,3
73,165,3
73,166,3.5
73,174,5
73,175,2.5
73,177,3.5
73,208,5
73,226,3
73,240,4
73,262,3
73,263,3.5
73,277,3
73,283,4
73,296,4
73,298,3.5
73,315,3.5
73,318,3.5
73,324,3.5
73,325,4
73,350,2
73,372,4
73,393,4
73,394,4.5
73,405,4
73,425,3.5
73,451,3.5
73,454,3.5
73,476,5
73,479,4
73,491,3.5
73,531,3.5
73,537,4
73,538,4
73,547,3.5
73,557,3
73,564,4
73,595,3
73,602,3
73,621,3
73,625,3
73,626,3.5
73,646,3.5
73,652,5
73,671,3
73,674,4.5
73,682,3
73,683,3
73,701,2.5
73,709,3.5
73,721,3
73,724,4
73,729,3.5
73,734,3
73,746,2.5
73,759,4
73,774,4
73,787,4
73,794,4
73,814,3
73,818,5
73,827,4.5
73,828,5
73,835,3.5
73,836,4.5
73,852,4
73,890,5
73,891,4
73,897,3.5
73,898,4
73,901,2.5
73,902,4.5
73,905,4
73,912,3.5
73,919,2
73,932,2
73,936,3
73,959,3.5
73,963,3
73,965,4.5
73,993,4.5
73,994,3
73,1000,2.5
74,53,4
74,102,3.5
74,153,3
74,167,3
74,174,4.5
74,175,3.5
74,184,3.5
74,187,2.5
74,190,2.5
74,194,3.5
74,200,4.5
74,222,2.5
74,227,3
74,234,3
74,247,2.5
74,252,1.5
74,255,3.5
74,259,3.5
74,265,3
74,279,3.5
74,283,2.5
74,285,3
74,286,3.5
74,298,4
74,301,3
74,307,4
74,314,2.5
74,331,3.5
74,378,3
74,379,3
74,389,3.5
74,412,2.5
74,417,2.5
74,442,3
74,477,4.5
74,482,3
74,486,4
74,488,3.5
74,508,3
74,509,3.5
74,511,3
74,550,4
74,578,4
74,583,1.5
74,585,2
74,604,3.5
74,616,2.5
74,617,3
74,625,2.5
74,650,3.5
74,663,3.5
74,683,2.5
74,690,4.5
74,693,4.5
74,695,2
74,699,4
74,719,3
74,744,4
74,761,3
74,769,3.5
74,786,3
74,794,3
74,823,3.5
74,824,4
74,828,4
74,837,3
74,850,4
74,887,3
74,889,4
74,898,3.5
74,913,4
74,932,3.5
74,946,2.5
74,963,3
74,974,2
74,1000,2.5
75,29,4
75,36,4.5
75,44,3
75,88,4.5
75,101,4
75,113,4
75,153,4.5
75,160,4
75,187,2.5
75,197,3.5
75,233,3.5
75,242,4
75,255,5
75,257,4.5
75,258,4.5
75,274,4.5
75,297,4.5
75,303,3.5
75,332,4.5
75,336,4.5
75,337,4.5
75,367,4
75,374,4.5
75,378,3.5
75,383,4
75,403,2.5
75,415,3.5
75,424,3.5
75,425,3.5
75,431,4
75,439,3
75,443,3
75,446,5
75,460,4.5
75,467,3.5
75,473,4
75,484,2.5
75,493,4
75,513,3
75,518,3.5
75,520,2
75,551,3.5
75,568,5
75,571,3.5
75,592,4.5
75,601,4
75,609,3.5
75,611,4
75,631,4.5
75,638,4.5
75,642,4.5
75,643,4
75,649,4.5
75,675,5
75,676,4
75,680,5
75,684,5
75,700,4
75,761,3.5
75,773,5
75,780,3.5
75,788,3.5
75,791,3.5
75,804,3.5
75,826,4
75,860,3.5
75,867,5
75,887,3.5
75,888,4
75,946,3.5
75,949,4
75,960,5
75,967,3.5
75,969,3
75,980,5
75,981,3
75,982,4.5
75,986,4.5
75,990,4
76,26,3.5
76,28,2.5
76,39,4
76,70,4
76,100,4.5
76,120,3
76,122,3.5
76,128,3.5
76,139,2.5
76,144,4.5
76,176,4
76,183,3
76,184,3.5
76,192,4
76,205,5
76,216,4
76,218,4
76,222,3.5
76,234,4.5
76,247,3
76,251,3
76,261,3
76,286,3.5
76,290,4
76,292,4.5
76,302,4
76,336,3.5
76,349,3.5
76,376,4.5
76,421,3.5
76,430,4.5
76,440,4
76,446,3.5
76,462,4
76,465,3.5
76,473,4
76,478,3.5
76,485,5
76,494,4
76,495,3
76,502,2.5
76,512,4
76,520,2.5
76,531,3.5
76,548,4.5
76,550,4
76,551,4.5
76,567,4.5
76,571,3.5
76,579,4.5
76,587,3.5
76,588,4.5
76,590,2.5
76,597,3
76,603,3.5
76,607,3
76,612,5
76,614,4
76,632,3.5
76,653,3.5
76,665,4
76,672,3.5
76,679,3.5
76,689,4
76,710,3
76,711,4
76,733,3.5
76,736,5
76,738,3.5
76,747,2.5
76,753,4
76,754,4
76,755,2
76,757,3.5
76,758,4
76,766,3.5
76,770,3
76,771,4.5
76,779,3
76,808,3
76,814,4
76,835,3.5
76,842,3.5
76,848,4
76,857,3.5
76,862,2.5
76,872,3
76,882,4.5
76,891,4
76,896,3
76,911,2.5
76,931,3
76,933,3
76,936,3.5
76,937,4.5
76,950,2.5
76,957,3
76,986,4
76,994,2.5
76,995,4
77,6,3.5
77,42,2.5
77,60,4.5
77,61,4
77,82,4
77,102,2.5
77,107,4
77,112,3
77,127,4.5
77,131,4.5
77,137,2.5
77,145,3.5
77,155,4
77,171,3
77,176,5
77,183,4.5
77,203,4
77,220,5
77,224,2.5
77,227,3.5
77,234,2.5
77,239,3.5
77,248,4
77,282,5
77,284,3
77,368,3
77,372,5
77,375,3.5
77,388,4
77,394,4.5
77,410,2
77,430,4
77,431,3
77,450,3.5
77,452,2.5
77,471,2.5
77,486,4
77,490,5
77,507,3
77,517,4.5
77,520,3
77,522,3
77,530,3.5
77,532,3.5
77,535,4
77,543,4.5
77,547,4.5
77,555,4
77,582,3.5
77,596,3
77,615,4
77,616,3
77,629,3.5
77,636,3
77,648,3.5
77,661,4.5
77,664,3.5
77,666,4
77,682,2
77,694,3
77,732,3.5
77,751,2
77,778,4.5
77,837,3.5
77,841,3.5
77,848,3.5
77,857,2
77,876,3
77,880,4
77,882,3
77,887,4
77,892,3
77,911,2.5
77,936,3.5
77,939,3
77,951,4
77,977,3
77,978,4
77,980,3
77,985,4
77,988,4.5
78,84,5
78,98,3.5
78,105,3
78,107,2
78,144,3
78,151,3
78,164,3
78,167,4.5
78,183,4.5
78,215,4
78,221,4
78,226,5
78,229,5
78,271,3.5
78,273,4.5
78,274,3
78,307,3.5
78,311,3
78,322,5
78,334,4
78,342,4
78,346,5
78,353,4.5
78,357,4
78,362,3.5
78,368,3.5
78,378,4
78,384,3.5
78,388,2
78,409,4
78,426,3
78,502,4.5
78,510,3.5
78,520,3
78,524,4.5
78,548,4.5
78,554,3
78,562,3
78,568,4.5
78,586,3.5
78,594,4
78,597,4
78,599,4
78,603,3
78,611,4
78,625,5
78,632,3.5
78,634,4.5
78,648,4
78,670,3.5
78,679,4.5
78,682,4.5
78,695,4
78,696,3
78,713,4
78,719,4
78,722,2.5
78,739,4
78,747,4
78,753,4.5
78,760,4
78,769,3.5
78,788,4
78,790,4
78,828,4.5
78,844,4
78,845,4
78,852,4.5
78,873,3
78,875,4
78,884,3.5
78,885,4.5
78,893,4.5
78,903,3.5
78,940,3
78,946,4.5
78,948,3.5
78,962,3
78,972,3.5
78,985,4
78,990,3
78,992,3.5
78,995,5
78,996,3
79,35,3.5
79,37,3.5
79,64,4
79,71,3.5
79,74,4
79,83,2.5
79,107,2.5
79,120,1
79,157,3
79,215,4
79,217,3.5
79,222,3.5
79,228,3
79,229,3
79,230,3
79,234,2.5
79,235,2
79,237,3
79,243,3.5
79,245,3.5
79,247,3
79,283,2.5
79,293,2.5
79,318,3
79,326,3.5
79,353,3.5
79,359,2
79,361,4
79,376,3
79,381,3
79,385,4
79,402,4
79,404,2
79,414,3
79,426,1.5
79,428,3.5
79,430,4
79,438,3.5
79,445,3.5
79,453,2
79,457,4
79,471,3
79,488,3
79,500,3.5
79,516,3
79,523,4.5
79,529,3.5
79,541,4
79,544,2.5
79,545,3
79,555,4.5
79,556,3
79,593,3.5
79,604,2.5
79,608,4.5
79,632,4
79,650,4
79,666,2
79,669,4
79,676,3.5
79,690,3
79,700,3.5
79,707,3.5
79,716,4
79,724,4
79,756,4
79,762,3
79,774,2.5
79,776,3
79,806,4.5
79,813,4
79,816,3
79,839,3
79,850,3.5
79,862,4
79,886,2.5
79,904,3.5
79,907,3
79,927,3
79,935,4
79,946,2.5
79,968,2
79,973,5
79,981,4
79,982,2.5
79,987,4.5
80,58,4
80,82,4.5
80,120,3.5
80,139,5
80,141,3
80,150,2.5
80,175,3.5
80,181,4
80,187,3.5
80,194,4
80,196,4
80,207,4.5
80,208,2.5
80,213,3
80,238,5
80,245,5
80,257,5
80,264,3.5
80,274,4
80,276,3
80,308,3.5
80,323,4.5
80,344,4.5
80,354,3.5
80,357,4.5
80,366,4
80,389,3
80,396,4.5
80,422,2.5
80,433,4
80,436,4
80,447,4
80,459,3.5
80,468,4.5
80,470,4
80,475,4
80,481,4.5
80,484,2
80,488,4.5
80,504,2.5
80,516,2.5
80,530,3.5
80,531,4
80,533,4
80,535,5
80,538,3.5
80,545,3.5
80,546,2.5
80,557,3.5
80,606,4
80,614,4
80,619,3
80,627,4
80,640,4
80,647,4
80,665,4
80,669,5
80,672,3.5
80,677,4.5
80,689,3
80,698,3.5
80,707,3
80,712,5
80,713,4
80,726,3
80,728,2.5
80,748,3
80,768,4
80,779,2.5
80,834,3.5
80,837,4
80,838,3.5
80,850,3
80,857,3
80,864,4.5
80,870,5
80,884,2.5
80,898,4
80,910,3.5
80,911,3
80,918,3.5
80,922,3.5
80,932,3.5
80,933,2.5
80,934,3.5
80,942,4
80,948,4
80,949,2
80,981,4
80,982,2.5
80,991,3.5
80,999,3
81,41,3.5
81,48,4
81,92,4.5
81,103,3
81,104,4.5
81,105,3
81,113,4
81,140,4
81,152,5
81,154,2.5
81,159,4.5
81,169,3.5
81,203,3.5
81,211,4
81,230,4.5
81,242,3.5
81,270,4
81,272,4.5
81,278,3.5
81,289,5
81,293,3.5
81,303,4
81,308,4
81,315,4.5
81,333,3
81,365,2.5
81,373,3.5
81,376,5
81,388,3.5
81,405,4
81,414,3
81,429,3
81,469,4
81,474,4.5
81,477,5
81,483,2
81,497,5
81,509,5
81,516,4
81,580,2.5
81,588,3.5
81,596,4.5
81,605,3
81,610,3.5
81,621,5
81,658,3
81,660,4
81,668,4.5
81,681,4.5
81,686,3
81,688,3
81,690,4
81,695,4
81,698,5
81,701,4
81,703,3
81,704,4
81,711,5
81,717,3.5
81,718,4
81,728,3.5
81,735,3.5
81,766,3.5
81,792,4.5
81,800,3.5
81,811,5
81,827,3.5
81,834,4
81,837,2.5
81,857,2.5
81,861,3.5
81,876,4
81,877,4
81,879,3
81,880,3.5
81,884,2
81,890,4
81,904,3.5
81,951,3.5
81,960,3.5
81,961,3.5
81,968,4
81,979,4
81,988,4.5
82,18,4.5
82,19,3.5
82,21,3.5
82,40,4
82,51,3
82,75,4
82,91,4.5
82,101,3
82,113,3.5
82,118,4.5
82,128,3.5
82,146,3.5
82,188,3
82,195,2
82,206,4
82,227,4.5
82,231,4.5
82,249,4.5
82,287,3.5
82,288,2.5
82,298,4
82,315,3.5
82,317,5
82,332,3.5
82,342,4
82,380,4.5
82,396,3.5
82,403,3.5
82,405,4.5
82,406,3.5
82,417,4.5
82,439,2.5
82,440,3.5
82,450,2.5
82,459,3
82,470,2.5
82,474,4.5
82,479,3
82,494,3
82,518,4.5
82,520,4
82,527,3.5
82,536,3
82,540,5
82,558,3.5
82,573,3.5
82,578,3.5
82,580,3.5
82,581,5
82,587,3
82,588,3
82,594,5
82,599,3
82,616,3.5
82,633,5
82,639,5
82,645,3.5
82,662,3
82,672,2.5
82,691,4
82,705,4.5
82,721,3
82,726,3
82,728,4
82,734,3.5
82,750,3
82,771,3.5
82,789,4.5
82,798,5
82,815,3
82,824,4
82,846,4
82,857,4
82,869,4.5
82,900,3
82,919,3.5
82,942,4.5
82,951,3.5
82,964,4.5
82,985,4
82,990,4
83,1,3.5
83,3,4
83,55,4
83,69,3
83,93,5
83,106,3.5
83,123,4
83,141,4.5
83,158,4
83,171,3
83,181,3
83,198,4
83,203,2.5
83,207,3.5
83,208,3.5
83,237,3
83,245,3.5
83,256,3
83,257,4
83,264,3
83,265,3.5
83,289,2.5
83,291,4.5
83,359,3
83,377,5
83,386,2.5
83,392,4
83,395,2.5
83,417,3
83,436,3
83,446,1.5
83,463,3.5
83,465,2.5
83,479,1.5
83,486,3
83,498,4.5
83,508,3
83,528,2.5
83,557,3
83,566,4.5
83,569,2.5
83,575,3.5
83,588,3.5
83,627,3
83,630,4
83,660,3
83,664,2.5
83,665,4
83,668,2.5
83,669,3
83,676,2.5
83,691,4
83,703,3
83,712,4
83,724,5
83,738,3
83,756,4
83,758,3
83,759,3
83,784,3.5
83,792,3.5
83,818,4.5
83,819,4
83,828,4.5
83,842,4
83,849,3.5
83,861,2.5
83,863,2.5
83,867,3.5
83,901,2
83,902,3.5
83,921,3
83,922,3.5
83,923,4.5
83,927,3.5
83,939,2.5
83,970,3.5
83,972,4
83,981,3
83,986,3
83,1000,3
84,56,3.5
84,101,4.5
84,122,3.5
84,126,4
84,133,3.5
84,138,3.5
84,141,4
84,163,3.5
84,172,3.5
84,202,4
84,207,4
84,231,4
84,232,3
84,245,3.5
84,254,3
84,295,3.5
84,301,3
84,305,3.5
84,308,3.5
84,320,4
84,352,4.5
84,361,4
84,374,4
84,392,4.5
84,429,4
84,433,4.5
84,439,4.5
84,444,3.5
84,446,3.5
84,448,5
84,457,4.5
84,460,3.5
84,464,4
84,468,3.5
84,483,4
84,503,4.5
84,508,2.5
84,528,2.5
84,566,3
84,576,4
84,593,4
84,598,3.5
84,638,4.5
84,640,4.5
84,647,4.5
84,651,3
84,653,3.5
84,654,3.5
84,658,5
84,666,3.5
84,689,3
84,691,4
84,704,3
84,716,3
84,750,3
84,774,3.5
84,776,4
84,778,2.5
84,787,4
84,792,2.5
84,799,4.5
84,806,3.5
84,809,3.5
84,812,4
84,830,3.5
84,834,2.5
84,846,2.5
84,861,2
84,867,4.5
84,870,3.5
84,876,3.5
84,878,2.5
84,899,3.5
84,908,2
84,912,3.5
84,927,4
84,929,3.5
84,936,4
84,960,4.5
84,976,2
84,991,4
84,992,4
85,28,3.5
85,46,3
85,64,5
85,78,4
85,80,4
85,83,3
85,109,2
85,117,4
85,124,4
85,137,3.5
85,151,3.5
85,153,5
85,160,4
85,186,4
85,200,4.5
85,221,4
85,230,3
85,235,3
85,237,3
85,238,3.5
85,242,4
85,253,3
85,255,4
85,266,4.5
85,279,4
85,299,3
85,302,3
85,307,3
85,312,2.5
85,318,4.5
85,323,5
85,370,3.5
85,392,4
85,403,2.5
85,405,3.5
85,407,4.5
85,417,3
85,418,3.5
85,460,4.5
85,471,5
85,474,4.5
85,484,2.5
85,490,3
85,501,5
85,541,2.5
85,545,3.5
85,547,3.5
85,568,3
85,605,3
85,616,3.5
85,619,4.5
85,621,5
85,642,4
85,644,4.5
85,648,3
85,660,3.5
85,678,3.5
85,685,4.5
85,695,4
85,699,4
85,704,3.5
85,705,4
85,708,4
85,719,3.5
85,734,3.5
85,739,4
85,747,3
85,775,4
85,783,2.5
85,789,4.5
85,791,4
85,808,3.5
85,811,4
85,839,3
85,846,4
85,858,2.5
85,861,3.5
85,871,4.5
85,882,5
85,908,3.5
85,915,3.5
85,920,4.5
85,925,2.5
85,926,5
85,955,4
85,961,4
85,987,3
85,999,3
86,4,4
86,15,3
86,26,4.5
86,38,3
86,66,4.5
86,73,3.5
86,95,4
86,107,3.5
86,119,4.5
86,120,2.5
86,124,3.5
86,128,4
86,136,3
86,139,4
86,160,4
86,165,2.5
86,169,4
86,172,3.5
86,174,4
86,180,4.5
86,209,5
86,214,3.5
86,220,4.5
86,224,3.5
86,235,3
86,276,4.5
86,277,4
86,278,4.5
86,303,4
86,305,4
86,319,4
86,330,3
86,333,3.5
86,349,4
86,354,2
86,364,4.5
86,378,3.5
86,384,4.5
86,398,4
86,406,3.5
86,424,3.5
86,426,3
86,427,4.5
86,456,3
86,458,4.5
86,468,3.5
86,483,4
86,508,3
86,519,4
86,521,3.5
86,522,3.5
86,527,2.5
86,530,3.5
86,537,3.5
86,546,4.5
86,548,4.5
86,556,3.5
86,560,3.5
86,589,3.5
86,593,4.5
86,595,3.5
86,600,4.5
86,603,3.5
86,618,2.5
86,624,3
86,631,4
86,664,4.5
86,671,5
86,678,4
86,708,4.5
86,740,3.5
86,743,3.5
86,752,4
86,759,2.5
86,760,4
86,791,3
86,799,3
86,803,4
86,819,3.5
86,834,4
86,853,3.5
86,869,4.5
86,884,3.5
86,923,5
86,933,3.5
86,940,3.5
86,970,2.5
86,994,4
86,1000,3.5
87,55,3.5
87,57,3
87,58,4
87,60,3
87,82,4.5
87,83,4.5
87,88,3
87,109,2.5
87,113,3
87,117,4
87,118,3
87,120,3
87,129,4
87,131,4
87,139,4
87,140,4.5
87,141,3
87,172,3
87,175,3
87,177,2.5
87,180,3.5
87,207,4.5
87,208,3
87,209,4
87,210,4.5
87,236,4
87,245,4
87,247,4
87,251,3.5
87,254,4
87,270,5
87,282,4
87,301,2.5
87,304,3.5
87,326,3
87,332,4.5
87,344,3
87,345,3.5
87,354,4
87,377,2.5
87,388,3.5
87,394,3.5
87,396,3.5
87,414,3
87,436,3.5
87,454,4.5
87,456,1
87,459,3
87,470,4
87,487,2.5
87,491,2.5
87,497,3.5
87,499,3
87,529,4.5
87,531,4.5
87,536,2.5
87,553,4
87,561,3.5
87,584,4.5
87,604,3.5
87,605,4.5
87,608,4
87,618,3.5
87,620,5
87,635,3
87,640,3.5
87,661,4
87,666,4
87,682,2.5
87,690,3
87,703,3
87,717,2.5
87,721,3
87,732,2
87,736,2.5
87,745,2.5
87,765,3.5
87,767,4
87,781,2
87,803,2.5
87,819,3
87,822,3.5
87,823,3
87,838,4.5
87,850,3
87,851,4
87,852,2.5
87,871,4
87,875,3.5
87,927,4
87,932,3
87,945,2.5
87,970,4.5
87,981,4
87,983,3
87,998,4
87,999,3
87,1000,2.5
88,3,4.5
88,8,2.5
88,14,2
88,61,3.5
88,86,4
88,100,5
88,106,2
88,109,3
88,110,5
88,112,4.5
88,113,3
88,123,3.5
88,125,4.5
88,136,4.5
88,142,3.5
88,145,4
88,156,4.5
88,170,3
88,193,2.5
88,202,2.5
88,219,3.5
88,220,4
88,223,3
88,280,4
88,285,3
88,295,3.5
88,302,3
88,318,4
88,341,3.5
88,349,3.5
88,353,3.5
88,359,4
88,360,3
88,363,2.5
88,369,2.5
88,375,3.5
88,382,4
88,408,3
88,418,3.5
88,428,3
88,432,3.5
88,435,4.5
88,437,2.5
88,443,3.5
88,492,4
88,496,2.5
88,501,3
88,506,3.5
88,551,4
88,564,4
88,571,3.5
88,579,4.5
88,592,3.5
88,608,4
88,612,3
88,631,2.5
88,634,4
88,652,3.5
88,658,2
88,662,4
88,713,4
88,714,3
88,718,4
88,730,3.5
88,731,5
88,769,3.5
88,788,4.5
88,796,4.5
88,803,2.5
88,815,4
88,825,4
88,832,3.5
88,834,4
88,839,4.5
88,840,3
88,845,4.5
88,850,2
88,861,2.5
88,864,3
88,870,3
88,886,3.5
88,902,5
88,910,3.5
88,928,2.5
88,947,2.5
88,974,3.5
88,975,4.5
88,977,3.5
89,17,4
89,94,5
89,111,3.5
89,121,3.5
89,134,4
89,139,3.5
89,147,4
89,155,4
89,169,4.5
89,187,4.5
89,189,5
89,266,4
89,289,2.5
89,291,5
89,292,3.5
89,309,4
89,314,3.5
89,326,3
89,339,4
89,356,3
89,385,5
89,387,3
89,391,4
89,397,4
89,425,3
89,448,3
89,451,3.5
89,462,2.5
89,480,4.5
89,482,3.5
89,516,2.5
89,517,4.5
89,518,4
89,563,3.5
89,585,3
89,592,2.5
89,602,3.5
89,604,2.5
89,620,3
89,626,3
89,630,2
89,648,2.5
89,655,3.5
89,675,2.5
89,689,3
89,692,4
89,699,3
89,707,4.5
89,726,3
89,730,4.5
89,734,3.5
89,739,2.5
89,742,3.5
89,752,4
89,765,4.5
89,767,4
89,775,3
89,790,3.5
89,795,3.5
89,797,3.5
89,819,4
89,829,2.5
89,853,4.5
89,879,3.5
89,880,3.5
89,888,4
89,891,5
89,898,3.5
89,913,2
89,923,4
89,926,2
89,938,4.5
89,964,3
89,975,3.5
89,986,4
90,6,3.5
90,68,4.5
90,75,3.5
90,102,3
90,119,3
90,147,4
90,149,3.5
90,152,3
90,158,5
90,159,2
90,160,4
90,163,3.5
90,173,2.5
90,180,3.5
90,190,4
90,192,3
90,198,3.5
90,203,5
90,214,2.5
90,220,4
90,239,3
90,243,4
90,276,4
90,281,2.5
90,313,2.5
90,324,3
90,326,3.5
90,331,4
90,335,3.5
90,343,4
90,348,3
90,351,3
90,353,2.5
90,365,2.5
90,376,3
90,380,2.5
90,400,3
90,411,2.5
90,419,3.5
90,440,2
90,477,3
90,481,3
90,490,4
90,517,4.5
90,519,3
90,586,4
90,588,3.5
90,592,4
90,614,3
90,626,3
90,627,3
90,635,4
90,647,3
90,662,4
90,666,3.5
90,668,3
90,678,3.5
90,680,3.5
90,690,2.5
90,703,4.5
90,705,4
90,708,4.5
90,725,4
90,734,4
90,767,4
90,777,4.5
90,793,4
90,796,3
90,804,4.5
90,824,4
90,825,3.5
90,828,4
90,831,3.5
90,837,4
90,843,4
90,844,5
90,850,4
90,854,4
90,863,4.5
90,864,3
90,868,4
90,870,3.5
90,880,2.5
90,884,4
90,886,4
90,889,4
90,899,3
90,917,2.5
90,918,4.5
90,931,2.5
90,953,2.5
90,989,3.5
90,990,3
90,996,2
91,26,2.5
91,102,3
91,123,3.5
91,125,3
91,140,3.5
91,142,2
91,160,3.5
91,170,4
91,178,2.5
91,182,3.5
91,185,3
91,195,3
91,201,3.5
91,214,2
91,231,3
91,236,3
91,251,4.5
91,266,4
91,283,3.5
91,284,3.5
91,293,3.5
91,296,3
91,311,3.5
91,320,4.5
91,329,3
91,330,2.5
91,340,2
91,362,4
91,366,3
91,386,4
91,398,4
91,404,3
91,456,4
91,490,2.5
91,496,3.5
91,514,3.5
91,535,4.5
91,546,2.5
91,551,3.5
91,557,4
91,563,3.5
91,564,3
91,587,4.5
91,593,4.5
91,600,3.5
91,601,3.5
91,623,3
91,626,3
91,647,4.5
91,680,4
91,699,3
91,708,4
91,740,3
91,752,4
91,761,3
91,768,3
91,802,3
91,807,3
91,829,3.5
91,835,1.5
91,843,4.5
91,847,2.5
91,875,3
91,900,4.5
91,917,2.5
91,919,2.5
91,922,3
91,926,4
91,928,4
91,943,3.5
91,946,2.5
91,956,3.5
91,962,3
91,966,4.5
91,968,3
91,994,3.5
91,999,3
92,25,4.5
92,26,3.5
92,33,3.5
92,104,4
92,108,3
92,121,3
92,160,3.5
92,172,3
92,188,4
92,192,2.5
92,203,3.5
92,205,3.5
92,214,3
92,238,2.5
92,261,2.5
92,264,3
92,269,3
92,286,3
92,288,3.5
92,309,3
92,311,3.5
92,315,3.5
92,319,4
92,348,4
92,357,5
92,362,3
92,371,4
92,379,3.5
92,392,2.5
92,395,3
92,408,2.5
92,457,4.5
92,461,3.5
92,462,3
92,468,4
92,473,2.5
92,492,3
92,499,4
92,518,3.5
92,519,4.5
92,551,4
92,554,3
92,555,4
92,572,3.5
92,584,3
92,587,3.5
92,593,4.5
92,606,2.5
92,616,3.5
92,620,3.5
92,623,4
92,635,3
92,639,3
92,654,4.5
92,682,3.5
92,683,2
92,685,3
92,687,3
92,703,3.5
92,712,3.5
92,725,4
92,728,2.5
92,737,3
92,759,3
92,761,3.5
92,785,3
92,788,2.5
92,795,2.5
92,806,3.5
92,813,3.5
92,822,3.5
92,841,3
92,844,3
92,854,3.5
92,862,4
92,869,2
92,905,3.5
92,913,2.5
92,916,3.5
92,929,4
92,943,5
92,947,4
92,953,3
92,955,3
92,961,3.5
92,986,3.5
92,1000,3.5
93,12,4.5
93,16,4.5
93,28,3
93,36,5
93,89,3
93,97,4.5
93,115,4
93,117,5
93,121,5
93,140,3
93,149,4
93,154,5
93,173,4
93,190,3
93,197,5
93,202,3.5
93,212,3.5
93,262,2.5
93,265,4.5
93,288,3
93,301,3.5
93,302,2
93,317,5
93,332,3.5
93,339,4
93,352,4
93,356,4
93,366,3.5
93,376,4.5
93,381,4
93,390,4.5
93,405,3.5
93,423,4
93,434,3
93,445,1.5
93,449,3.5
93,452,3.5
93,456,3
93,463,3
93,483,2.5
93,493,5
93,494,2.5
93,507,5
93,511,4.5
93,512,3
93,513,3.5
93,517,4
93,520,4
93,541,2
93,555,3
93,590,4.5
93,591,5
93,598,5
93,601,4
93,609,2.5
93,611,4.5
93,624,4.5
93,631,5
93,632,3.5
93,636,3.5
93,643,4
93,650,4
93,652,5
93,659,4
93,667,4
93,670,4
93,677,3.5
93,681,4
93,698,3.5
93,717,3
93,720,3.5
93,742,3.5
93,754,3.5
93,755,3.5
93,772,5
93,780,4
93,789,5
93,810,4
93,823,3
93,831,4.5
93,832,4
93,834,3
93,847,4
93,865,5
93,886,3
93,888,3.5
93,896,4
93,921,4.5
93,930,4.5
93,941,3.5
93,958,2.5
93,961,2.5
93,964,3
93,985,4
93,989,3
93,994,2.5
93,997,3.5
94,18,4
94,100,4.5
94,114,4
94,125,3.5
94,132,2
94,212,4
94,237,3
94,279,4
94,285,3
94,291,4.5
94,307,4
94,308,4.5
94,333,3.5
94,338,2.5
94,357,4
94,370,3.5
94,389,4.5
94,390,4.5
94,408,3
94,413,5
94,418,3.5
94,428,4
94,430,4.5
94,432,4
94,437,4
94,462,3
94,470,2.5
94,475,3
94,500,4.5
94,516,4
94,531,2.5
94,542,4.5
94,546,2.5
94,548,4.5
94,554,3.5
94,559,4
94,568,3
94,592,4.5
94,597,2.5
94,602,4
94,622,3.5
94,643,4
94,648,3.5
94,654,4
94,662,2.5
94,673,2
94,680,3.5
94,694,3.5
94,711,4.5
94,722,3.5
94,728,3.5
94,744,4.5
94,751,1.5
94,753,4
94,760,4
94,775,4
94,786,3.5
94,803,2
94,809,3
94,822,3.5
94,845,3.5
94,848,2.5
94,860,3.5
94,863,2
94,865,3.5
94,872,4.5
94,876,3.5
94,886,4
94,888,4.5
94,894,3.5
94,902,3.5
94,904,4
94,926,3.5
94,931,2.5
94,932,4
94,934,3
94,939,3.5
94,946,3
94,948,4
94,951,4
94,953,3.5
94,966,4
94,976,4
94,995,4.5
95,28,3.5
95,48,3
95,84,5
95,86,4
95,99,4.5
95,112,4
95,124,3.5
95,140,3.5
95,142,3.5
95,143,4
95,153,4.5
95,159,2.5
95,172,3
95,176,4
95,228,2.5
95,229,4.5
95,231,3
95,232,3.5
95,244,3.5
95,254,3
95,261,3
95,273,3
95,274,5
95,275,4.5
95,289,3.5
95,304,4
95,337,3.5
95,341,4.5
95,366,4
95,370,4.5
95,373,3.5
95,381,3
95,426,4.5
95,447,5
95,458,3.5
95,475,4
95,483,4
95,506,3
95,507,3.5
95,512,3.5
95,513,3.5
95,515,1.5
95,534,3.5
95,546,3.5
95,558,4
95,571,4
95,580,4
95,589,3.5
95,601,4.5
95,612,4
95,623,3
95,633,3.5
95,634,4
95,644,4
95,683,3.5
95,693,5
95,701,2.5
95,702,3
95,708,3.5
95,709,3.5
95,719,3
95,722,4.5
95,724,3
95,742,5
95,745,3.5
95,748,4
95,752,5
95,755,2.5
95,760,4.5
95,770,2.5
95,771,3.5
95,773,4
95,778,3.5
95,786,5
95,788,5
95,805,3.5
95,807,4.5
95,821,3.5
95,845,4
95,856,4.5
95,875,3
95,906,4
95,912,5
95,924,3
95,941,3.5
95,950,2.5
95,956,3
95,964,3.5
95,985,3.5
95,998,4
96,64,4
96,65,4
96,66,4
96,68,3.5
96,103,2.5
96,109,3
96,123,2
96,137,3
96,149,4
96,151,5
96,190,3.5
96,191,3.5
96,211,4.5
96,218,4.5
96,219,3.5
96,221,3.5
96,228,4
96,245,3
96,264,4
96,265,3
96,266,3
96,289,3.5
96,292,3.5
96,313,4.5
96,384,3
96,407,3.5
96,418,3.5
96,419,4
96,424,4
96,430,3.5
96,454,3
96,460,3
96,462,4.5
96,465,3.5
96,466,5
96,471,3.5
96,481,3
96,484,3
96,499,3
96,507,4
96,519,3.5
96,523,3.5
96,539,3.5
96,551,4.5
96,552,3.5
96,573,4.5
96,588,3.5
96,606,3.5
96,625,3.5
96,626,3
96,642,3
96,656,3.5
96,659,3.5
96,666,3.5
96,682,3.5
96,694,3.5
96,695,3.5
96,706,4
96,710,3.5
96,715,3.5
96,718,3
96,719,5
96,721,2.5
96,744,3.5
96,763,3.5
96,764,3
96,769,3.5
96,782,4.5
96,787,3.5
96,808,5
96,836,2
96,839,3.5
96,842,3
96,845,3.5
96,848,2.5
96,861,2.5
96,864,2.5
96,876,2.5
96,901,4.5
96,903,2.5
96,908,3
96,937,2.5
96,959,3.5
96,970,4
96,979,2
96,996,3.5
96,998,3.5
97,31,4
97,54,4.5
97,55,4
97,57,4
97,58,5
97,65,4.5
97,130,3.5
97,136,2.5
97,143,3.5
97,148,3
97,158,4
97,184,4.5
97,192,2.5
97,193,3.5
97,201,3.5
97,204,4
97,206,4
97,211,3.5
97,212,2.5
97,219,4
97,227,4
97,245,4.5
97,247,4
97,260,3
97,297,4.5
97,298,2.5
97,306,3.5
97,314,3.5
97,321,4
97,336,4
97,338,3.5
97,339,4.5
97,347,4
97,380,3
97,384,4.5
97,395,4.5
97,407,3.5
97,424,3.5
97,442,4.5
97,465,3.5
97,499,4
97,504,4
97,508,2.5
97,531,5
97,554,3.5
97,563,5
97,577,2.5
97,583,3.5
97,609,3.5
97,611,4
97,618,3.5
97,622,3.5
97,625,4.5
97,628,2
97,632,2
97,657,4
97,680,4
97,684,3.5
97,686,2.5
97,699,4.5
97,701,4.5
97,704,3.5
97,713,2.5
97,719,3.5
97,727,3
97,750,3.5
97,752,3
97,764,4.5
97,765,4
97,768,3
97,796,4.5
97,797,3.5
97,801,3.5
97,805,3.5
97,814,3.5
97,838,3.5
97,854,4
97,862,5
97,865,5
97,870,3.5
97,896,4.5
97,901,4
97,908,3
97,917,3
97,927,3.5
97,937,3
97,957,5
97,967,3
97,970,5
97,998,4
98,28,4
98,31,3.5
98,92,3
98,111,4
98,131,4
98,132,3.5
98,158,3.5
98,194,4.5
98,210,4.5
98,219,2.5
98,238,3.5
98,246,3.5
98,254,2
98,255,4
98,275,4
98,283,3.5
98,295,4.5
98,296,4
98,306,3
98,313,3
98,339,4.5
98,342,3.5
98,346,3.5
98,354,4.5
98,356,4
98,366,4
98,383,4
98,388,3
98,394,4
98,399,4.5
98,403,3.5
98,406,3.5
98,424,4
98,454,4
98,458,3.5
98,468,3.5
98,471,3.5
98,498,4
98,508,5
98,529,4
98,537,3
98,573,3
98,585,3
98,589,5
98,606,4
98,613,2.5
98,622,4
98,624,4.5
98,635,3.5
98,638,3
98,657,5
98,670,3.5
98,689,3.5
98,709,4.5
98,710,4.5
98,731,2.5
98,753,3.5
98,768,4.5
98,799,5
98,815,5
98,821,3.5
98,851,4
98,860,3
98,866,4.5
98,874,2.5
98,893,4
98,915,3.5
98,916,4
98,930,5
98,938,4.5
98,944,3.5
98,945,3
98,946,3.5
98,952,3.5
98,964,4
98,966,4
98,976,3
98,980,2.5
99,22,3
99,94,4
99,100,4
99,105,3
99,106,4
99,123,3.5
99,140,3.5
99,144,4.5
99,207,4
99,209,4
99,219,2.5
99,225,4
99,247,3.5
99,263,2.5
99,266,3.5
99,274,4
99,283,4.5
99,284,4.5
99,288,2.5
99,302,5
99,307,4.5
99,310,3.5
99,323,5
99,328,5
99,329,3
99,334,5
99,346,3
99,363,5
99,372,4
99,379,4
99,406,2
99,407,3.5
99,426,4
99,428,4
99,430,5
99,439,2.5
99,448,3.5
99,457,3.5
99,472,5
99,475,4.5
99,496,4
99,497,4
99,501,4
99,515,2.5
99,520,4
99,524,4
99,525,2.5
99,535,5
99,549,4.5
99,557,5
99,564,5
99,573,3.5
99,576,4
99,591,5
99,598,3
99,607,2.5
99,618,4.5
99,632,3
99,639,4.5
99,644,4.5
99,675,3
99,683,3
99,747,3.5
99,756,3.5
99,766,4
99,780,3.5
99,790,4
99,791,3
99,807,4.5
99,810,4
99,840,3.5
99,845,4
99,870,4
99,886,3.5
99,894,3.5
99,899,3.5
99,900,4.5
99,906,3.5
99,907,4
99,932,2.5
99,941,4.5
99,946,3.5
99,950,3.5
99,953,2.5
99,965,4
99,986,4.5
99,998,2.5
100,40,4
100,41,2.5
100,67,3.5
100,68,5
100,86,4
100,90,3.5
100,91,3
100,100,4
100,126,3.5
100,144,4.5
100,149,3.5
100,159,4
100,168,3.5
100,169,3
100,196,4
100,202,2.5
100,227,4.5
100,232,3
100,258,3
100,269,3.5
100,289,3
100,290,3.5
100,292,4.5
100,307,3.5
100,308,4
100,314,3
100,317,4
100,319,3
100,336,3.5
100,346,3
100,362,3.5
100,364,3.5
100,370,4.5
100,380,4
100,383,3
100,385,4
100,389,4.5
100,401,4.5
100,413,4
100,416,3
100,428,2.5
100,442,3.5
100,451,3
100,485,3
100,491,4
100,521,4
100,536,2.5
100,537,2.5
100,547,4
100,550,2.5
100,557,3
100,559,3
100,561,3.5
100,570,4.5
100,572,4
100,578,4
100,589,4.5
100,626,4.5
100,633,5
100,635,4
100,647,4
100,668,3.5
100,669,4.5
100,670,3
100,697,4
100,717,4
100,734,4
100,737,4
100,746,4
100,758,3.5
100,766,2.5
100,767,4.5
100,787,3
100,790,4.5
100,794,3.5
100,799,2.5
100,824,3.5
100,836,3.5
100,840,4
100,843,3
100,850,3
100,856,4.5
100,874,3.5
100,875,3.5
100,881,2.5
100,889,3
100,917,5
100,969,3.5
100,972,4.5
100,976,4
100,979,4
100,988,4.5
100,995,3.5
101,5,4
101,65,3.5
101,66,3.5
101,75,3.5
101,93,3.5
101,95,4
101,159,3
101,184,5
101,211,4
101,217,3
101,233,2.5
101,257,5
101,259,3.5
101,261,3.5
101,293,3
101,294,3
101,304,3.5
101,305,4
101,342,4
101,357,3.5
101,368,3.5
101,376,4
101,378,4
101,381,3
101,387,4
101,388,3.5
101,393,3.5
101,400,3
101,405,3
101,407,4
101,411,2.5
101,416,3
101,420,2.5
101,426,3
101,427,4.5
101,432,4.5
101,444,3
101,451,4
101,455,2
101,471,5
101,488,3.5
101,506,4.5
101,528,3
101,532,3.5
101,536,2
101,545,4.5
101,563,5
101,565,4.5
101,569,4
101,570,4
101,579,3.5
101,581,3.5
101,592,3.5
101,602,4
101,603,4
101,625,4
101,642,4
101,651,3.5
101,662,4
101,682,4
101,702,2.5
101,719,3.5
101,759,3.5
101,773,4
101,779,2
101,785,4.5
101,793,5
101,798,3.5
101,808,3
101,809,3
101,828,5
101,831,4
101,853,3.5
101,876,3
101,884,3.5
101,891,4
101,896,4
101,901,4
101,908,3
101,920,5
101,927,1
101,936,3.5
101,940,2.5
101,983,3
102,16,4.5
102,19,4.5
102,23,3.5
102,37,4
102,72,4
102,84,4.5
102,112,4.5
102,144,5
102,171,4
102,173,3.5
102,179,3.5
102,203,4
102,204,5
102,212,2.5
102,251,5
102,266,3.5
102,281,4.5
102,303,3.5
102,316,4
102,317,4.5
102,328,3.5
102,333,4.5
102,350,3.5
102,351,3
102,361,3
102,377,4.5
102,380,2.5
102,385,4
102,395,3
102,400,4
102,405,4
102,409,5
102,417,3.5
102,429,4
102,430,4.5
102,440,4
102,456,4
102,457,3
102,464,5
102,478,4.5
102,480,2.5
102,481,4
102,504,5
102,510,3.5
102,513,4
102,516,2.5
102,526,4.5
102,556,2.5
102,566,4
102,575,4.5
102,602,3.5
102,618,4
102,619,3.5
102,628,3.5
102,632,3.5
102,658,4
102,665,3
102,676,3.5
102,680,4.5
102,688,3.5
102,697,5
102,704,3.5
102,713,4.5
102,716,4.5
102,730,4.5
102,732,3
102,747,5
102,764,2
102,769,4.5
102,773,3.5
102,775,2.5
102,779,4.5
102,783,4.5
102,785,4
102,788,5
102,789,4
102,803,3.5
102,809,4
102,821,3.5
102,823,4
102,852,4.5
102,856,4
102,867,4.5
102,890,4.5
102,912,3.5
102,914,5
102,916,3
102,917,2.5
102,922,3.5
102,936,4.5
102,947,4
102,953,3.5
102,963,3.5
102,974,3.5
102,979,3.5
102,992,4.5
102,994,3
103,23,3.5
103,52,3
103,59,2.5
103,78,3.5
103,79,4.5
103,111,3
103,131,2.5
103,149,3.5
103,153,4.5
103,157,4.5
103,171,2
103,172,2
103,175,2
103,179,3.5
103,190,3.5
103,191,4.5
103,202,4
103,205,3.5
103,218,4.5
103,225,3
103,243,3
103,264,3.5
103,266,2.5
103,268,3.5
103,272,5
103,283,3.5
103,285,3
103,299,4
103,316,3.5
103,317,3
103,323,5
103,334,3
103,339,3
103,340,3
103,351,4.5
103,394,3
103,411,4.5
103,416,2.5
103,418,4
103,424,2.5
103,443,4
103,448,4.5
103,459,2.5
103,460,3.5
103,468,4
103,476,2.5
103,477,4
103,496,3.5
103,503,3.5
103,510,3.5
103,512,4.5
103,535,4
103,541,3
103,549,5
103,550,3.5
103,557,4
103,572,3.5
103,581,3.5
103,583,3.5
103,584,3.5
103,586,3.5
103,588,3.5
103,593,4
103,607,4
103,612,4.5
103,616,4
103,619,2.5
103,627,3.5
103,630,5
103,647,3.5
103,666,3.5
103,686,3.5
103,703,2.5
103,713,2.5
103,748,3.5
103,757,4.5
103,763,3
103,770,3
103,777,5
103,781,2.5
103,801,2
103,802,2
103,810,4
103,822,2
103,832,4.5
103,833,4
103,835,3.5
103,840,4
103,842,3
103,849,3.5
103,867,4.5
103,870,3.5
103,881,3.5
103,882,4.5
103,886,2.5
103,892,4
103,906,3.5
103,924,2.5
103,961,3
103,973,2.5
104,40,3
104,45,4
104,56,4.5
104,96,3
104,104,3
104,112,3
104,119,3
104,143,2
104,145,3
104,157,4
104,175,4
104,183,5
104,196,3.5
104,207,4.5
104,213,4.5
104,215,4
104,217,4
104,224,4
104,231,3
104,233,3
104,254,2
104,267,3
104,287,3
104,294,3
104,296,3
104,308,3.5
104,323,4
104,344,3
104,348,3
104,350,2.5
104,352,3.5
104,360,2.5
104,377,3.5
104,439,3.5
104,441,3.5
104,446,4.5
104,471,3
104,480,2.5
104,493,4.5
104,507,3.5
104,516,3.5
104,544,3
104,584,4.5
104,590,3.5
104,599,3.5
104,627,2.5
104,630,2.5
104,644,3.5
104,665,2.5
104,681,4
104,690,2.5
104,704,3.5
104,709,3
104,747,3
104,762,3.5
104,766,2
104,780,3
104,789,2
104,798,3.5
104,805,2.5
104,812,4
104,819,4
104,829,3
104,838,3.5
104,849,4
104,854,3.5
104,866,2
104,880,3
104,892,3.5
104,901,3
104,904,4
104,927,2
104,945,3
104,975,3
104,977,3
104,978,2.5
104,980,4
104,986,5
104,998,4
105,115,3.5
105,118,3.5
105,121,3
105,129,4.5
105,139,4.5
105,174,4.5
105,176,3.5
105,183,4.5
105,222,3
105,242,2
105,248,3
105,253,3
105,270,3.5
105,271,4
105,280,4.5
105,317,3.5
105,339,4
105,342,3
105,345,4.5
105,348,2.5
105,351,4
105,352,3
105,354,4
105,357,4.5
105,364,4.5
105,369,3.5
105,372,5
105,382,3.5
105,389,4
105,403,4
105,420,3.5
105,433,3.5
105,434,2
105,445,3.5
105,454,3
105,467,3
105,478,3.5
105,482,2.5
105,490,4.5
105,500,2
105,508,3
105,526,4.5
105,529,4.5
105,532,4
105,543,3.5
105,560,3
105,564,3.5
105,620,4
105,654,3
105,664,4.5
105,688,4
105,708,4
105,722,3
105,727,4
105,756,3.5
105,765,3
105,768,3.5
105,777,3
105,784,3
105,794,3.5
105,800,3
105,806,4
105,829,3
105,841,3.5
105,844,4.5
105,850,3
105,859,2
105,866,2.5
105,928,3
105,929,4
105,932,3.5
105,935,3.5
105,940,3
105,941,3.5
105,957,3.5
105,976,3
105,997,3.5
106,4,4.5
106,50,4
106,67,4
106,81,5
106,93,3.5
106,102,4
106,122,3.5
106,130,5
106,134,5
106,136,4
106,143,4
106,155,3
106,156,4
106,159,3
106,169,4
106,187,3.5
106,230,3.5
106,239,2.5
106,243,4.5
106,252,4.5
106,253,4
106,256,3.5
106,268,4.5
106,277,4
106,322,3.5
106,362,4
106,367,4.5
106,379,3.5
106,383,4
106,397,4
106,409,4
106,420,3
106,422,4.5
106,424,4.5
106,431,3
106,440,2.5
106,443,3.5
106,450,4
106,462,4
106,467,3.5
106,468,4
106,469,3.5
106,477,5
106,480,4.5
106,489,3.5
106,494,4
106,495,3
106,512,4
106,517,4
106,550,4.5
106,560,4
106,568,4
106,569,4
106,572,3
106,577,4.5
106,581,5
106,583,2.5
106,591,3.5
106,595,3
106,614,4.5
106,618,3.5
106,632,2
106,635,3
106,638,3
106,645,4.5
106,647,3
106,653,4
106,684,4.5
106,699,4
106,702,4.5
106,706,3
106,715,5
106,752,4
106,758,4
106,760,3.5
106,785,4
106,803,4
106,839,3
106,853,3.5
106,859,3.5
106,866,4.5
106,867,4.5
106,868,4
106,872,3.5
106,873,3.5
106,886,4.5
106,897,4.5
106,902,4.5
106,903,4
106,910,4.5
106,913,3
106,932,3.5
106,940,3
106,947,3.5
106,950,4
106,952,5
106,964,4.5
106,970,3
107,33,4
107,72,3.5
107,102,2.5
107,108,3
107,109,3.5
107,178,4
107,179,2.5
107,195,3
107,215,3
107,217,3.5
107,240,3.5
107,267,1.5
107,287,4
107,301,2.5
107,302,3
107,307,3
107,311,2.5
107,331,3.5
107,358,3
107,364,4.5
107,377,5
107,379,4
107,386,1.5
107,395,2.5
107,402,3
107,414,3
107,429,4
107,431,3.5
107,452,3.5
107,456,2.5
107,457,3.5
107,458,2.5
107,472,3
107,476,5
107,485,3
107,491,3.5
107,494,3
107,506,3
107,516,3.5
107,519,2.5
107,523,4
107,540,4
107,542,3
107,587,3
107,598,3
107,602,2.5
107,617,2.5
107,618,3
107,633,4.5
107,637,3.5
107,649,2.5
107,669,2.5
107,673,3
107,690,2.5
107,695,2.5
107,699,3.5
107,721,3.5
107,734,3
107,750,4
107,763,3.5
107,765,4
107,772,3
107,774,2.5
107,790,4
107,850,2.5
107,852,3
107,878,2.5
107,899,3
107,904,4
107,926,3.5
107,946,3.5
107,951,4
107,956,4
107,971,2
107,980,3.5
107,986,4.5
107,987,4
107,997,4
108,27,3
108,47,2.5
108,63,3
108,64,4.5
108,79,4
108,112,3
108,137,2
108,151,4
108,157,4
108,169,2.5
108,184,3
108,185,3.5
108,202,3.5
108,208,3
108,211,4
108,219,3
108,221,4.5
108,222,3
108,228,3
108,229,2
108,246,2
108,248,3
108,250,2
108,255,4
108,257,3.5
108,266,4.5
108,272,3
108,311,2
108,320,4
108,321,4
108,352,3
108,359,3
108,374,4
108,383,3.5
108,384,2.5
108,391,4
108,398,4
108,407,4.5
108,409,4
108,426,3
108,427,3
108,448,3.5
108,465,4
108,469,3
108,472,2.5
108,500,2
108,503,2
108,504,2
108,513,2.5
108,540,3.5
108,552,4
108,559,3
108,563,3.5
108,572,3.5
108,573,4.5
108,615,3
108,619,3.5
108,636,2
108,639,2.5
108,642,4
108,647,3
108,671,3.5
108,677,3.5
108,679,3.5
108,682,4
108,695,3
108,699,3
108,701,3.5
108,719,3.5
108,735,2.5
108,774,3.5
108,782,4
108,807,3
108,823,1.5
108,825,3
108,828,3
108,834,3
108,839,3.5
108,847,2.5
108,856,2.5
108,867,3.5
108,874,3.5
108,878,3
108,881,4.5
108,883,3
108,892,4
108,908,2
108,928,2
108,958,2.5
108,974,3
109,42,5
109,63,4
109,84,4.5
109,107,3
109,108,4.5
109,118,4.5
109,124,3.5
109,127,4.5
109,152,4
109,163,3.5
109,168,2.5
109,173,3
109,206,3.5
109,207,4
109,212,3.5
109,218,4.5
109,235,3
109,268,3
109,274,4
109,298,3
109,315,4.5
109,316,5
109,343,3.5
109,345,4.5
109,355,4
109,367,2.5
109,368,4
109,369,4.5
109,372,4.5
109,401,5
109,402,3.5
109,406,3
109,429,4
109,436,4
109,445,3.5
109,453,4
109,475,4.5
109,476,5
109,482,3.5
109,499,4
109,504,4.5
109,511,3
109,515,4
109,519,3
109,528,4.5
109,532,4
109,541,4.5
109,563,3.5
109,590,3.5
109,591,5
109,594,3.5
109,615,4
109,639,5
109,645,2.5
109,665,3.5
109,669,4.5
109,673,2.5
109,675,3
109,684,3.5
109,738,2.5
109,799,4
109,805,4
109,856,4.5
109,858,3
109,874,4
109,880,5
109,908,3
109,920,4
109,927,3.5
109,933,2.5
109,944,5
109,964,3.5
109,970,4.5
109,982,3
109,992,4
109,997,3.5
109,998,3.5
110,53,3.5
110,54,4
110,63,3.5
110,64,5
110,65,5
110,88,3
110,114,3.5
110,128,3.5
110,144,3
110,151,3
110,153,2.5
110,157,3.5
110,178,3.5
110,184,4
110,185,4
110,205,3.5
110,209,3.5
110,211,4
110,219,3.5
110,221,4.5
110,257,3.5
110,259,3.5
110,262,3
110,267,4.5
110,289,2.5
110,305,3.5
110,319,3
110,322,4
110,327,3
110,328,2.5
110,332,4
110,356,3
110,394,3.5
110,420,4
110,430,2.5
110,432,3.5
110,451,4.5
110,459,2.5
110,465,3
110,480,3
110,481,4
110,497,4.5
110,500,3
110,531,4.5
110,535,4
110,541,3.5
110,552,3.5
110,563,3.5
110,569,3.5
110,570,3.5
110,573,4.5
110,584,4.5
110,604,3.5
110,613,4
110,623,3.5
110,625,4
110,660,3
110,682,3
110,686,3.5
110,701,3.5
110,705,2.5
110,712,4.5
110,719,3.5
110,723,3
110,727,2
110,729,3
110,735,3.5
110,736,3
110,738,3.5
110,740,3
110,751,2.5
110,783,3
110,797,3
110,808,4
110,814,3.5
110,816,4
110,831,2.5
110,850,3
110,907,2.5
110,908,2.5
110,912,3
110,920,5
110,951,3
110,963,3
110,964,3
110,965,3
110,981,4
110,999,3.5
111,18,3.5
111,41,3
111,46,5
111,50,4.5
111,54,3.5
111,58,4
111,105,3
111,106,3
111,110,3
111,116,3.5
111,117,4.5
111,124,3.5
111,139,3
111,140,3
111,141,4
111,152,4
111,171,3
111,182,3.5
111,189,3.5
111,190,3
111,192,3
111,198,3
111,201,3.5
111,205,5
111,209,3.5
111,216,3
111,244,4
111,248,3.5
111,256,3.5
111,274,2.5
111,275,3.5
111,278,2.5
111,283,3
111,307,4
111,311,3.5
111,324,3
111,325,3.5
111,329,4
111,338,2
111,341,2.5
111,420,4.5
111,421,3
111,435,2.5
111,460,3
111,472,3
111,476,5
111,481,4
111,486,3
111,487,3.5
111,490,3.5
111,509,3.5
111,527,3
111,538,4
111,554,2.5
111,581,4
111,584,4.5
111,597,3
111,604,3.5
111,609,3.5
111,610,2.5
111,627,3
111,640,4.5
111,649,3
111,656,2.5
111,677,5
111,681,3
111,686,4
111,691,2.5
111,696,4
111,712,3.5
111,728,2.5
111,740,3
111,758,4
111,771,3.5
111,800,2.5
111,807,4
111,827,3
111,840,4.5
111,850,4
111,866,3.5
111,867,3
111,878,3
111,884,2.5
111,888,3.5
111,889,4
111,904,4
111,912,3.5
111,913,4
111,927,4
111,944,4
111,962,3.5
111,970,3.5
111,996,3.5
112,5,4.5
112,6,5
112,10,5
112,21,3
112,32,4.5
112,35,3.5
112,54,2.5
112,101,4
112,110,4.5
112,115,4
112,140,4
112,151,4
112,152,5
112,158,5
112,163,3.5
112,169,4
112,175,3.5
112,181,4
112,191,5
112,199,4
112,213,5
112,235,3.5
112,241,3
112,242,3.5
112,243,4
112,259,4
112,272,4
112,282,4.5
112,298,4
112,305,4
112,308,4.5
112,313,3
112,318,5
112,326,4
112,358,4.5
112,383,2.5
112,390,4.5
112,397,4
112,411,5
112,412,3.5
112,418,5
112,419,4
112,437,3.5
112,453,4
112,461,3.5
112,462,5
112,480,3.5
112,482,3
112,483,4
112,484,4
112,485,4.5
112,510,4.5
112,515,3
112,539,4
112,557,3
112,578,4.5
112,588,4.5
112,649,5
112,655,2
112,658,1.5
112,668,2.5
112,675,3.5
112,677,4
112,691,3.5
112,715,4
112,716,4
112,735,4
112,746,4.5
112,751,3
112,759,4
112,763,5
112,764,3.5
112,777,3.5
112,781,3
112,784,4
112,793,4.5
112,796,3.5
112,813,5
112,814,5
112,826,4
112,829,4
112,833,4
112,842,4.5
112,849,5
112,854,3
112,893,5
112,894,3
112,900,3.5
112,907,4
112,918,5
112,924,3.5
112,926,4.5
112,949,3.5
112,956,4
112,978,2
112,979,5
112,982,3.5
112,991,3.5
113,4,3.5
113,22,3.5
113,23,3
113,43,2.5
113,47,2
113,59,3
113,78,3.5
113,79,4.5
113,85,3.5
113,106,2.5
113,109,2.5
113,111,3.5
113,122,3
113,134,3
113,148,2.5
113,176,3.5
113,178,1.5
113,200,3.5
113,202,3
113,211,3
113,233,3.5
113,273,4
113,274,4.5
113,283,4
113,301,1.5
113,303,4.5
113,306,3
113,307,3
113,341,2
113,358,3
113,363,4
113,364,4.5
113,383,4
113,388,3.5
113,389,4
113,393,3
113,408,3.5
113,436,2.5
113,441,4.5
113,459,2.5
113,477,4
113,501,5
113,516,4
113,533,3
113,539,2.5
113,550,4
113,557,3.5
113,562,2.5
113,574,3.5
113,580,2.5
113,581,3.5
113,587,2.5
113,588,2.5
113,592,3
113,601,4.5
113,619,2.5
113,644,2
113,646,4
113,647,5
113,675,5
113,693,2
113,698,4
113,701,2
113,704,4.5
113,711,4
113,732,2.5
113,741,3
113,748,3.5
113,780,2.5
113,790,3.5
113,800,2
113,867,3.5
113,878,3.5
113,881,4.5
113,892,4.5
113,895,4.5
113,900,3
113,901,3.5
113,906,3
113,911,3
113,912,3
113,916,3
113,929,2
113,933,3
113,954,3.5
113,962,3
114,10,3
114,58,4.5
114,101,2.5
114,138,3
114,151,3.5
114,153,3.5
114,170,3
114,175,3.5
114,184,4.5
114,203,3.5
114,216,2
114,224,2.5
114,235,3
114,248,3.5
114,255,3
114,295,3.5
114,299,2.5
114,302,3
114,369,4
114,377,2.5
114,400,2.5
114,423,3.5
114,449,3
114,451,4
114,459,3
114,465,3
114,484,2.5
114,486,3.5
114,498,3.5
114,535,3
114,545,3
114,552,3.5
114,567,2
114,574,2.5
114,584,3
114,604,3
114,610,3.5
114,619,3
114,653,3.5
114,666,3.5
114,667,3.5
114,668,3
114,677,4
114,683,3
114,687,2
114,695,4.5
114,701,3.5
114,709,3.5
114,712,3.5
114,714,2.5
114,719,3.5
114,722,4
114,736,4
114,737,3
114,738,2.5
114,751,3
114,782,3
114,806,3
114,810,3
114,823,2
114,824,4
114,840,2.5
114,848,2
114,854,2.5
114,862,3.5
114,867,3
114,887,4
114,908,4
114,910,3
114,912,2.5
114,927,4
114,932,3
114,957,2
114,961,2.5
114,965,3.5
115,55,4.5
115,102,1.5
115,120,3
115,124,3.5
115,128,4
115,129,5
115,136,2.5
115,141,2.5
115,177,4
115,191,3
115,207,4.5
115,217,4
115,220,4
115,228,3
115,233,3
115,242,2.5
115,245,3
115,257,3
115,282,3.5
115,292,4
115,303,3.5
115,318,3
115,344,4
115,384,4.5
115,414,2.5
115,436,4
115,441,3.5
115,454,3.5
115,458,3.5
115,479,2.5
115,488,3.5
115,493,3.5
115,494,3.5
115,508,3
115,510,3
115,521,2
115,529,3.5
115,530,3.5
115,548,4
115,584,4
115,604,3
115,614,3
115,622,4
115,635,3.5
115,640,4.5
115,669,3
115,677,5
115,696,4
115,707,4
115,715,2
115,717,3
115,721,4
115,759,2
115,764,3
115,772,4
115,774,3
115,781,4
115,784,4
115,796,3.5
115,802,4
115,838,3.5
115,846,3
115,850,4
115,862,3
115,897,3.5
115,907,4
115,908,3
115,916,2.5
115,918,2.5
115,933,2
115,935,3.5
115,939,4.5
115,940,2
115,944,4.5
115,958,3
115,970,3.5
115,978,3.5
115,992,3.5
116,10,3.5
116,77,5
116,85,4
116,91,4
116,111,4
116,141,3.5
116,161,4
116,174,5
116,177,4
116,179,2.5
116,187,4
116,193,3.5
116,211,3
116,212,4.5
116,244,3.5
116,254,3.5
116,255,3.5
116,262,2.5
116,270,3.5
116,271,4
116,275,2.5
116,285,2.5
116,300,4
116,315,5
116,318,5
116,332,5
116,336,4
116,349,4.5
116,350,2.5
116,351,2
116,363,3.5
116,364,3.5
116,375,4.5
116,382,4.5
116,400,2.5
116,403,4
116,412,4
116,436,4.5
116,437,3.5
116,441,4.5
116,455,3
116,474,5
116,502,3
116,521,5
116,526,4.5
116,528,3.5
116,533,5
116,559,3
116,560,5
116,565,4
116,596,3.5
116,628,3
116,632,2.5
116,637,3
116,659,3.5
116,668,3
116,669,3.5
116,675,3.5
116,677,4.5
116,679,4
116,683,3
116,686,3.5
116,711,3.5
116,729,4.5
116,734,4
116,751,3
116,753,3.5
116,762,3
116,770,3
116,785,4.5
116,792,4
116,808,4
116,812,4.5
116,819,4.5
116,842,4.5
116,858,2.5
116,875,5
116,902,5
116,904,3.5
116,932,4.5
116,934,4
116,944,4.5
116,948,4
116,949,3.5
116,951,3.5
116,961,3.5
116,975,4
116,981,3.5
116,983,3
116,988,4
117,55,4
117,79,3.5
117,104,4.5
117,112,4
117,130,3.5
117,138,4.5
117,139,3
117,141,4
117,150,3
117,167,3.5
117,175,4
117,205,4
117,206,3
117,207,5
117,213,3.5
117,262,3.5
117,278,4
117,285,3.5
117,297,3
117,323,4.5
117,331,2.5
117,332,3.5
117,344,5
117,368,4.5
117,386,4
117,402,3.5
117,412,2.5
117,415,3.5
117,436,4.5
117,470,3.5
117,478,2.5
117,481,4.5
117,482,3
117,486,3.5
117,506,3
117,522,3.5
117,531,5
117,547,3
117,554,4
117,577,4.5
117,584,4
117,587,4.5
117,600,3.5
117,603,3
117,634,3
117,640,3
117,656,3
117,662,3.5
117,670,2.5
117,673,2.5
117,677,4.5
117,683,3
117,706,4.5
117,715,4.5
117,729,3.5
117,735,4
117,753,3.5
117,761,4.5
117,774,3
117,813,3.5
117,826,4.5
117,832,5
117,838,3.5
117,848,4
117,851,3.5
117,868,3.5
117,876,3
117,877,4.5
117,880,3.5
117,882,4.5
117,885,5
117,886,3.5
117,890,3.5
117,907,3.5
117,918,3.5
117,919,3
117,927,4
117,932,4
117,966,3.5
117,975,3.5
118,16,4
118,107,3.5
118,120,4
118,132,3
118,148,3.5
118,151,2
118,154,3.5
118,155,4
118,179,3.5
118,186,5
118,191,5
118,194,4.5
118,241,4.5
118,244,3.5
118,247,2.5
118,250,2.5
118,281,5
118,300,3.5
118,311,3.5
118,328,3.5
118,329,2.5
118,354,5
118,363,3.5
118,365,3
118,367,3.5
118,372,3.5
118,394,4
118,428,3
118,434,3
118,451,2.5
118,457,2.5
118,459,3.5
118,478,4
118,500,3
118,514,4
118,515,4
118,524,3.5
118,530,4.5
118,535,4
118,543,4
118,561,4
118,581,3.5
118,585,3.5
118,594,2.5
118,603,3
118,606,4
118,623,2.5
118,632,2.5
118,672,4.5
118,679,3.5
118,692,3
118,712,3.5
118,721,4
118,723,3
118,725,3
118,743,3.5
118,749,4
118,750,3.5
118,756,3
118,771,2.5
118,783,4
118,788,4
118,796,4
118,808,2.5
118,814,3.5
118,817,2
118,831,3
118,848,3
118,858,4
118,872,3.5
118,874,4
118,899,4
118,906,2.5
118,914,2
118,918,3
118,945,4.5
118,956,2.5
118,963,4
118,965,4
118,967,3
118,975,4.5
118,976,2.5
118,984,2.5
118,994,2.5
119,6,2.5
119,15,3.5
119,17,3.5
119,21,4.5
119,61,5
119,110,4
119,125,4.5
119,147,4
119,148,3
119,150,3
119,172,2.5
119,176,3.5
119,180,4
119,186,5
119,195,3.5
119,197,4
119,199,4
119,212,3
119,228,3
119,238,4.5
119,240,2
119,241,3.5
119,247,4
119,260,3.5
119,272,4.5
119,273,3
119,288,2.5
119,295,4
119,301,4
119,331,3.5
119,338,4
119,345,4.5
119,359,4.5
119,369,3.5
119,381,3.5
119,394,4.5
119,435,2.5
119,439,3.5
119,459,4.5
119,480,3.5
119,484,4
119,495,3.5
119,496,3
119,501,2.5
119,510,3.5
119,529,4.5
119,536,4.5
119,549,3
119,553,4
119,556,3
119,563,3.5
119,567,4
119,596,2.5
119,601,4
119,606,5
119,613,4.5
119,616,4
119,617,4
119,622,5
119,674,3.5
119,676,3.5
119,704,3.5
119,712,4
119,716,3.5
119,721,4
119,730,4.5
119,738,3
119,749,3
119,750,4
119,756,4.5
119,758,4
119,772,4.5
119,780,4
119,784,5
119,797,5
119,802,4
119,810,4
119,811,3
119,822,4
119,823,3.5
119,825,3.5
119,829,4
119,830,4
119,850,2.5
119,854,3.5
119,866,4
119,870,4
119,871,4
119,876,4
119,886,4
119,899,3.5
119,929,3.5
119,937,3.5
119,956,3.5
119,959,5
119,966,5
119,971,4.5
119,976,2.5
119,993,3.5
120,112,2.5
120,115,2.5
120,130,4
120,131,3
120,138,3
120,139,3
120,150,3
120,168,3
120,182,3
120,189,2
120,196,3
120,216,3
120,239,1.5
120,241,3
120,261,2.5
120,262,3.5
120,263,3
120,280,2.5
120,283,3
120,289,3.5
120,301,3.5
120,345,3.5
120,348,2
120,354,3.5
120,358,2
120,377,3.5
120,391,3
120,394,3.5
120,422,4
120,423,2
120,425,2.5
120,436,2
120,439,2.5
120,458,3
120,465,3.5
120,475,3.5
120,477,3.5
120,480,2.5
120,490,2.5
120,508,3.5
120,520,2.5
120,531,3
120,537,2.5
120,543,4.5
120,547,3.5
120,549,4
120,551,4.5
120,571,3
120,579,3.5
120,583,2
120,593,3
120,596,3
120,605,4
120,607,3.5
120,628,3
120,630,3.5
120,659,2
120,660,4.5
120,665,3
120,678,3.5
120,686,3
120,688,2.5
120,692,2.5
120,700,3.5
120,702,2.5
120,733,3
120,735,4
120,743,3
120,744,2.5
120,749,3
120,791,2.5
120,800,2
120,804,4
120,820,3.5
120,830,3
120,832,3
120,874,3.5
120,880,2.5
120,881,2.5
120,890,3.5
120,913,2.5
120,934,3
120,935,4
120,952,4
120,954,3
120,970,2
120,979,3.5
120,984,3.5
120,994,2.5
121,66,3.5
121,68,4.5
121,70,4
121,86,4
121,138,4
121,149,3
121,164,4.5
121,165,3.5
121,171,3.5
121,185,3
121,191,4.5
121,194,3
121,197,3
121,200,3.5
121,227,4
121,246,4
121,247,3
121,265,3
121,272,3
121,282,5
121,284,3.5
121,292,5
121,302,3.5
121,305,3
121,307,4.5
121,314,3.5
121,316,5
121,346,3
121,351,4
121,379,3.5
121,387,2.5
121,418,3.5
121,419,4.5
121,421,4
121,424,4
121,435,3
121,462,3.5
121,465,3.5
121,466,4
121,470,3
121,485,3
121,519,3
121,522,3.5
121,539,3.5
121,548,4
121,558,4
121,571,3
121,573,3.5
121,588,3.5
121,591,4.5
121,601,2.5
121,614,4
121,618,4.5
121,620,3
121,632,2.5
121,637,3
121,652,4
121,705,4
121,727,2.5
121,730,4
121,754,4.5
121,763,3.5
121,764,3.5
121,767,4.5
121,775,2.5
121,777,4.5
121,782,3
121,786,4
121,825,4
121,833,4
121,845,4.5
121,850,2.5
121,852,3.5
121,860,2.5
121,863,5
121,869,2.5
121,872,3.5
121,880,3.5
121,887,4
121,901,3.5
121,934,5
121,938,4
121,941,4.5
121,946,5
121,961,3.5
121,962,3.5
121,979,3
121,982,3
121,985,3.5
121,995,5
122,5,3
122,19,4.5
122,61,5
122,67,3.5
122,107,4
122,122,4.5
122,128,3.5
122,136,4
122,148,4.5
122,152,3
122,155,3
122,159,4
122,175,2.5
122,179,4.5
122,186,4.5
122,187,3.5
122,189,5
122,193,3.5
122,203,4
122,215,3
122,227,3.5
122,236,3.5
122,237,3.5
122,238,5
122,249,3.5
122,272,4.5
122,281,3
122,282,3
122,286,3.5
122,291,4.5
122,292,5
122,302,4
122,304,4.5
122,332,3.5
122,335,3.5
122,345,4
122,351,3.5
122,388,2.5
122,399,5
122,421,5
122,425,3
122,428,3.5
122,458,5
122,477,3.5
122,484,2.5
122,506,4.5
122,508,4.5
122,529,4.5
122,546,4
122,555,2.5
122,558,5
122,561,4
122,606,3.5
122,652,5
122,684,3.5
122,687,4
122,699,4
122,705,4.5
122,707,4
122,714,5
122,715,3.5
122,723,3.5
122,724,5
122,733,5
122,734,5
122,749,4
122,757,3.5
122,768,3.5
122,781,4.5
122,798,4
122,803,3
122,832,4.5
122,843,4
122,851,5
122,857,2.5
122,875,5
122,896,2.5
122,898,4.5
122,902,4.5
122,919,4.5
122,940,4
122,945,4
123,43,3.5
123,51,4
123,66,4.5
123,67,3.5
123,104,3.5
123,139,2.5
123,156,3
123,157,4.5
123,162,4
123,185,4
123,190,4
123,195,3.5
123,200,4
123,212,4
123,225,4
123,226,4
123,228,4
123,235,3.5
123,237,2.5
123,240,2
123,245,3.5
123,267,4.5
123,268,4.5
123,285,5
123,291,3.5
123,292,4
123,303,4.5
123,308,4.5
123,329,4.5
123,331,3
123,335,3
123,355,3
123,379,3.5
123,395,2
123,401,3.5
123,402,3
123,415,4.5
123,420,4.5
123,422,3.5
123,444,4.5
123,462,4.5
123,466,5
123,467,3
123,470,3.5
123,474,5
123,487,2.5
123,496,3
123,501,4
123,534,1.5
123,545,3
123,556,2.5
123,559,3.5
123,570,5
123,577,5
123,586,4.5
123,601,4.5
123,609,3
123,635,3.5
123,657,4.5
123,660,4
123,665,3
123,678,4.5
123,680,4.5
123,682,2.5
123,685,4
123,709,4
123,741,3.5
123,746,4
123,749,3.5
123,754,4.5
123,757,5
123,763,3.5
123,767,4.5
123,790,4.5
123,798,3.5
123,825,4
123,832,4.5
123,861,3.5
123,865,4
123,866,4
123,885,5
123,899,3.5
123,905,3
123,907,3.5
123,915,4
123,916,3
123,919,2.5
123,930,5
123,937,4
123,965,5
123,974,4
123,978,2.5
123,980,4.5
123,988,5
123,990,3
123,991,4
123,992,4
123,994,4.5
124,88,4.5
124,93,3
124,117,3.5
124,128,4
124,129,3
124,143,3.5
124,155,4
124,171,2.5
124,194,3.5
124,196,1.5
124,221,3
124,222,4
124,254,4.5
124,330,2
124,332,3
124,353,4.5
124,386,3
124,393,3.5
124,399,4
124,412,3.5
124,420,2.5
124,421,3
124,428,2.5
124,430,4
124,442,2.5
124,445,2.5
124,450,3.5
124,458,3.5
124,469,3.5
124,473,3.5
124,479,3
124,498,2.5
124,531,4
124,538,4
124,549,2.5
124,550,2.5
124,563,3.5
124,565,2.5
124,582,2
124,619,2
124,641,3.5
124,708,3
124,725,3
124,750,3.5
124,754,3.5
124,762,4
124,770,4
124,778,2
124,780,3.5
124,792,3.5
124,793,3
124,801,3
124,806,4
124,820,3.5
124,823,3.5
124,833,2.5
124,834,2.5
124,837,3.5
124,839,2.5
124,846,3.5
124,847,3.5
124,849,4.5
124,856,2.5
124,858,1.5
124,860,4
124,862,3
124,884,2.5
124,885,2.5
124,914,3
124,927,3.5
124,932,3
124,939,2.5
124,943,3.5
124,946,3
124,960,3.5
124,962,3
124,979,2.5
124,998,3.5
125,7,4
125,10,3.5
125,27,4
125,28,3.5
125,48,2.5
125,85,2.5
125,129,3
125,156,3
125,161,3
125,170,4
125,172,3.5
125,173,2.5
125,190,2.5
125,197,2.5
125,201,2.5
125,203,4
125,209,4.5
125,230,4
125,235,3.5
125,244,3
125,250,3.5
125,252,3.5
125,256,4
125,261,2.5
125,265,2.5
125,287,2.5
125,299,3
125,312,4
125,324,2
125,338,4
125,343,3
125,347,2.5
125,353,3.5
125,358,2.5
125,366,3
125,371,3.5
125,398,4
125,427,3.5
125,428,3
125,432,3
125,443,3.5
125,487,4.5
125,495,3.5
125,519,3
125,574,4
125,579,3.5
125,593,4
125,607,3
125,620,2.5
125,622,3
125,624,2
125,628,3
125,639,3.5
125,651,4
125,652,4
125,654,4.5
125,658,2.5
125,673,3
125,691,3.5
125,725,4
125,731,3
125,734,3.5
125,741,2.5
125,745,3.5
125,752,3.5
125,766,3.5
125,778,2.5
125,785,4.5
125,792,3.5
125,801,3
125,803,3.5
125,816,2.5
125,818,3.5
125,819,4
125,820,4
125,833,2.5
125,834,4
125,839,4
125,842,4
125,853,3
125,854,2.5
125,864,4
125,885,3
125,887,3
125,917,2.5
125,923,4
125,929,2.5
125,933,4
125,938,3.5
125,941,2.5
125,947,4
125,951,2
125,953,2.5
125,958,4
125,977,3.5
125,995,2.5
125,997,3.5
125,999,3
126,23,3.5
126,45,4.5
126,60,5
126,126,3.5
126,130,4
126,131,4
126,146,4
126,153,4
126,157,3.5
126,175,3.5
126,179,4
126,183,4.5
126,207,4
126,229,4
126,231,3.5
126,232,4
126,233,3
126,238,5
126,241,5
126,264,3.5
126,265,2.5
126,270,4.5
126,275,3
126,279,4
126,293,4.5
126,296,4
126,301,3.5
126,303,3.5
126,305,4
126,307,4.5
126,325,4
126,340,4.5
126,349,4.5
126,372,4.5
126,398,3.5
126,432,3.5
126,433,3.5
126,438,3.5
126,442,4.5
126,444,4.5
126,461,2.5
126,497,4.5
126,516,4
126,536,3.5
126,540,4.5
126,543,4
126,550,3
126,553,5
126,565,3.5
126,569,3.5
126,577,4.5
126,585,3.5
126,588,4
126,598,4.5
126,606,3.5
126,632,3.5
126,640,3.5
126,661,4.5
126,666,5
126,667,5
126,672,4
126,688,2.5
126,700,3.5
126,704,4.5
126,706,4
126,712,4.5
126,715,4.5
126,725,4
126,761,3.5
126,762,3
126,767,4
126,768,4
126,794,4.5
126,807,3
126,822,3.5
126,825,5
126,845,3.5
126,851,5
126,853,2.5
126,864,3.5
126,894,3.5
126,911,3
126,912,4
126,923,4.5
126,941,3.5
126,968,3.5
126,975,4
126,983,3
126,991,4.5
127,24,4
127,28,3
127,61,4.5
127,125,4
127,126,2.5
127,152,3.5
127,153,4.5
127,159,3
127,172,4.5
127,194,4
127,195,4.5
127,196,4
127,210,4
127,213,4
127,214,4
127,222,3
127,235,4
127,236,4
127,238,5
127,241,4
127,243,3
127,253,5
127,259,3.5
127,264,3.5
127,276,4.5
127,286,4
127,296,3
127,308,2.5
127,333,4
127,371,5
127,379,2
127,387,3.5
127,388,3
127,398,4
127,409,3
127,411,3
127,415,3.5
127,421,3.5
127,425,2.5
127,433,3.5
127,435,2.5
127,438,3
127,458,4
127,459,4
127,477,4
127,478,2.5
127,498,3.5
127,507,3.5
127,508,3.5
127,519,4
127,529,3
127,553,4
127,585,3.5
127,593,4
127,605,3.5
127,619,3.5
127,620,3.5
127,628,3.5
127,629,4
127,647,3.5
127,652,4.5
127,658,3.5
127,661,4
127,670,3.5
127,681,3.5
127,683,2
127,691,3.5
127,695,2
127,696,4
127,708,3.5
127,717,2.5
127,725,4.5
127,743,2.5
127,746,3
127,758,2.5
127,769,4
127,774,3
127,776,3
127,780,3.5
127,805,4.5
127,820,4
127,866,3.5
127,882,3.5
127,886,2.5
127,903,2
127,913,3
127,921,3.5
127,924,3
127,929,3.5
127,943,4
127,950,4
127,972,4.5
127,978,3.5
127,996,3.5
128,34,3
128,38,3.5
128,52,2.5
128,82,3
128,83,4
128,100,3
128,102,3.5
128,110,4
128,116,3
128,126,4
128,151,2.5
128,161,2.5
128,164,3.5
128,168,4
128,181,2
128,186,3
128,194,4
128,200,4.5
128,201,4
128,206,2.5
128,216,4
128,244,3.5
128,252,2
128,254,2.5
128,255,3
128,276,3.5
128,277,4
128,286,3
128,295,4
128,319,3.5
128,336,3.5
128,343,4
128,369,3
128,382,3
128,406,2
128,437,2.5
128,455,3
128,457,3
128,486,2
128,506,2.5
128,508,3.5
128,514,2
128,515,4
128,518,2.5
128,529,4.5
128,530,4
128,538,3
128,543,3.5
128,544,3
128,549,3
128,585,4
128,587,4
128,593,4.5
128,597,3.5
128,607,4.5
128,612,5
128,613,3
128,627,4
128,643,3
128,653,4
128,658,3.5
128,686,3
128,695,2
128,719,2.5
128,721,3.5
128,733,3.5
128,760,3.5
128,767,2.5
128,771,4
128,789,3.5
128,800,3.5
128,803,2
128,809,2.5
128,811,4
128,820,4
128,835,3
128,842,3
128,844,3
128,848,2
128,868,2.5
128,875,4
128,877,2.5
128,911,2
128,913,3.5
128,927,3
128,928,3.5
128,931,2.5
128,935,3.5
128,937,3
128,942,1
128,943,4
128,961,3.5
128,968,4
128,971,2.5
128,978,3
128,1000,3
129,25,4
129,49,4.5
129,52,4.5
129,53,4.5
129,59,4.5
129,62,5
129,108,3.5
129,119,3.5
129,123,3
129,139,4
129,145,4
129,151,2
129,173,3
129,177,3.5
129,180,4
129,182,3
129,186,4.5
129,197,3.5
129,210,5
129,229,3
129,246,4
129,250,2.5
129,267,2.5
129,270,4.5
129,301,3.5
129,309,2.5
129,330,3
129,376,4
129,381,2.5
129,382,3
129,392,4.5
129,393,3.5
129,394,4
129,408,3
129,452,3.5
129,458,4
129,462,3.5
129,467,2.5
129,477,4
129,490,4.5
129,491,3.5
129,504,5
129,515,4
129,517,3.5
129,520,2.5
129,521,3.5
129,549,4
129,550,4
129,557,3
129,572,4.5
129,574,2.5
129,576,2.5
129,585,4.5
129,606,3.5
129,618,3.5
129,620,4.5
129,670,3.5
129,671,3.5
129,676,3.5
129,700,4
129,701,4
129,705,4
129,715,4
129,717,3
129,721,3.5
129,733,2
129,739,5
129,758,5
129,761,4
129,768,4
129,776,3
129,785,4
129,799,3
129,813,2.5
129,835,4.5
129,837,3.5
129,851,4.5
129,853,3.5
129,857,3
129,858,4.5
129,860,3.5
129,863,4
129,864,4
129,866,4
129,869,3
129,870,3.5
129,878,2
129,881,3
129,886,3
129,911,2.5
129,927,3
129,931,4
129,936,4
129,949,4
129,951,3
129,967,4.5
129,980,3
130,49,4
130,51,3
130,54,2.5
130,55,3.5
130,57,3
130,99,3.5
130,102,4
130,118,2.5
130,122,3.5
130,124,4
130,131,2.5
130,141,3
130,142,2.5
130,144,3
130,154,4
130,175,3.5
130,192,3.5
130,247,4
130,267,3.5
130,272,4.5
130,275,3
130,282,3.5
130,299,3
130,300,2.5
130,308,3
130,312,2
130,317,3
130,332,4
130,342,3.5
130,344,3
130,361,4
130,362,3.5
130,364,4
130,369,2
130,378,1.5
130,393,4.5
130,408,3.5
130,416,2.5
130,425,3.5
130,433,3.5
130,439,2
130,445,2
130,470,3.5
130,477,4
130,481,3.5
130,483,2.5
130,488,3.5
130,497,3.5
130,551,3
130,571,2.5
130,612,4
130,619,2
130,620,3.5
130,621,5
130,636,4
130,648,2.5
130,650,3.5
130,658,2.5
130,669,4
130,673,2
130,676,3
130,677,3.5
130,686,4
130,742,2.5
130,754,4.5
130,758,3.5
130,764,2.5
130,765,3.5
130,766,2.5
130,787,3
130,792,2
130,802,3
130,808,3
130,811,4
130,812,3.5
130,815,4
130,822,3.5
130,832,4
130,849,4
130,882,4.5
130,915,3.5
130,922,3.5
130,927,4
130,949,3.5
130,952,5
130,963,4
130,968,5
130,970,3
130,980,2.5
130,984,4
131,10,3.5
131,45,3.5
131,62,4
131,82,3.5
131,91,4
131,102,3
131,116,3
131,127,4
131,148,3
131,156,3
131,176,4
131,178,3.5
131,181,3
131,185,2.5
131,188,3
131,196,4
131,221,3
131,241,3.5
131,254,3
131,263,2
131,270,4
131,273,4
131,293,4
131,295,3.5
131,358,3
131,366,4
131,394,3.5
131,421,2
131,426,4
131,429,2.5
131,433,4
131,438,3.5
131,439,2.5
131,441,4
131,455,2.5
131,458,3
131,459,3
131,460,3
131,469,3
131,472,4.5
131,479,3
131,488,4
131,490,3.5
131,497,4
131,504,2.5
131,508,3.5
131,540,4
131,553,3.5
131,556,3.5
131,561,4
131,564,3.5
131,568,3.5
131,573,3.5
131,578,5
131,582,4
131,588,2.5
131,606,5
131,607,2
131,629,3.5
131,640,3.5
131,643,3
131,663,4.5
131,664,3
131,671,2.5
131,713,4
131,718,3.5
131,721,5
131,726,4.5
131,732,4
131,763,3
131,768,4
131,779,2
131,781,3
131,782,3
131,786,3.5
131,799,3.5
131,801,4
131,817,1.5
131,820,3.5
131,831,3.5
131,835,3.5
131,842,3.5
131,851,4.5
131,878,4
131,890,3.5
131,904,4
131,922,3.5
131,935,4
131,956,3.5
131,959,4.5
131,963,3.5
131,968,3
131,971,3
131,981,4
131,993,4.5
132,23,2.5
132,38,2.5
132,55,3.5
132,78,3
132,101,4.5
132,103,3
132,106,3
132,140,3
132,141,3.5
132,152,2.5
132,157,4
132,160,4
132,172,4
132,174,3
132,178,3
132,195,3.5
132,202,3.5
132,210,2.5
132,216,3.5
132,227,2.5
132,232,3.5
132,234,2
132,245,3
132,274,4
132,280,3
132,283,4
132,299,3
132,304,2.5
132,310,3
132,320,4
132,321,1.5
132,323,3.5
132,332,3
132,363,3.5
132,383,3
132,415,3.5
132,420,3.5
132,423,2.5
132,436,2.5
132,439,2
132,447,2.5
132,470,3
132,490,2.5
132,534,2.5
132,541,3.5
132,603,2.5
132,604,3
132,619,3
132,624,3.5
132,625,3
132,626,2
132,628,3.5
132,651,2.5
132,658,3.5
132,659,3
132,663,3.5
132,664,2.5
132,669,3.5
132,672,3
132,682,3
132,708,3.5
132,710,2
132,714,3
132,719,3
132,727,2
132,751,4
132,754,3
132,757,3
132,773,3.5
132,785,2
132,813,3
132,815,4
132,816,3
132,869,3
132,870,4
132,893,2.5
132,905,3
132,906,4
132,909,2.5
132,915,3
132,926,4.5
132,932,3.5
132,945,3
132,962,3
132,964,1.5
133,14,4
133,66,3.5
133,68,4
133,70,4
133,103,4
133,116,3
133,160,4.5
133,209,3
133,215,2.5
133,218,5
133,237,4
133,243,3
133,250,3
133,262,3.5
133,264,3.5
133,275,3
133,291,3
133,331,4.5
133,344,3
133,352,4
133,370,3.5
133,373,4.5
133,379,3
133,418,3.5
133,419,3.5
133,436,3.5
133,440,3
133,461,3.5
133,471,3
133,479,3
133,481,3
133,484,4.5
133,497,3.5
133,512,3
133,518,4.5
133,526,4.5
133,528,2.5
133,533,3.5
133,563,2.5
133,575,3.5
133,590,4.5
133,598,4
133,599,2.5
133,612,3.5
133,616,2.5
133,617,4.5
133,640,2.5
133,661,3.5
133,665,3.5
133,670,3
133,673,3
133,674,3.5
133,687,1.5
133,731,2.5
133,750,4
133,757,4.5
133,767,4.5
133,787,4
133,790,4.5
133,802,5
133,810,4
133,814,4
133,825,4.5
133,826,3
133,845,4
133,864,3
133,866,3.5
133,896,3
133,907,3
133,910,2.5
133,924,4.5
133,934,5
133,942,3
133,962,3
133,979,2.5
133,984,3
134,3,4
134,66,3.5
134,67,3.5
134,88,3
134,97,3
134,131,1.5
134,132,4
134,148,4
134,155,4
134,180,3.5
134,191,4
134,202,2
134,213,3
134,218,4
134,228,3
134,261,2.5
134,292,3.5
134,318,3.5
134,322,5
134,348,3
134,351,4
134,377,3.5
134,381,4
134,397,3
134,409,3
134,414,5
134,415,3.5
134,417,3
134,424,5
134,439,3.5
134,441,4
134,452,5
134,457,4.5
134,462,4.5
134,466,4.5
134,493,4.5
134,512,2.5
134,539,3.5
134,540,4.5
134,551,4.5
134,552,2.5
134,567,3.5
134,586,3.5
134,588,4
134,590,4.5
134,597,4
134,614,3.5
134,622,4.5
134,626,3.5
134,631,3.5
134,635,3.5
134,636,2.5
134,641,5
134,642,3.5
134,659,2
134,663,2.5
134,667,4.5
134,669,3.5
134,689,4
134,692,2.5
134,702,3
134,705,4
134,732,3.5
134,738,3
134,747,2.5
134,752,3
134,753,3.5
134,756,4.5
134,764,4
134,770,3.5
134,781,3
134,787,4.5
134,791,3
134,810,3.5
134,813,4
134,826,3.5
134,829,4
134,838,3.5
134,844,4
134,847,3.5
134,861,3
134,862,2.5
134,863,3.5
134,866,3
134,874,4
134,879,3
134,897,3.5
134,907,3.5
134,909,4
134,919,2.5
134,920,5
134,925,3
134,939,3
134,956,3.5
134,961,3
134,962,3
134,979,3.5
134,989,4
134,997,4
135,26,4
135,43,3
135,54,3.5
135,66,4
135,67,3
135,101,4
135,124,4.5
135,127,4
135,136,3
135,138,3
135,141,2.5
135,145,4.5
135,148,4.5
135,155,3.5
135,179,4
135,181,3
135,194,4.5
135,203,4
135,210,4
135,217,5
135,227,3
135,229,3.5
135,241,4.5
135,242,3.5
135,284,3.5
135,295,5
135,296,3.5
135,300,2.5
135,332,3.5
135,345,5
135,354,3
135,366,3.5
135,385,2.5
135,388,2.5
135,389,3
135,390,2.5
135,394,4.5
135,396,5
135,423,2
135,433,4.5
135,455,4
135,458,4.5
135,462,2.5
135,466,4
135,470,3
135,481,3
135,496,3
135,501,4
135,508,4
135,526,4.5
135,541,3.5
135,543,3.5
135,544,3.5
135,566,3.5
135,581,3.5
135,606,4.5
135,620,4
135,622,2.5
135,640,4
135,641,3
135,656,2.5
135,659,4
135,669,3.5
135,672,3.5
135,677,4.5
135,693,4.5
135,700,4.5
135,713,2.5
135,732,4
135,755,3
135,757,4.5
135,762,4
135,775,4
135,807,3
135,828,3
135,839,4
135,851,4
135,863,4
135,871,5
135,890,1.5
135,896,4
135,897,5
135,906,4
135,910,3
135,934,4
135,940,3
135,943,3.5
135,945,5
135,963,4.5
135,978,4.5
135,981,4
135,982,2.5
135,989,3.5
136,38,4
136,55,4
136,58,5
136,100,4.5
136,106,3
136,112,4.5
136,124,4
136,128,3.5
136,135,3.5
136,143,3.5
136,165,3.5
136,167,3.5
136,186,4.5
136,201,3.5
136,204,3.5
136,207,4
136,217,4
136,223,4.5
136,229,4
136,239,4.5
136,245,4
136,247,5
136,254,3.5
136,256,3.5
136,257,3
136,299,3
136,305,2.5
136,306,3
136,312,3
136,337,3
136,346,3
136,355,4
136,363,4.5
136,435,4
136,441,3.5
136,445,4.5
136,451,3.5
136,453,4
136,470,3
136,477,3.5
136,478,5
136,481,4
136,488,2.5
136,509,3
136,524,4
136,552,2.5
136,557,2.5
136,558,4.5
136,571,4
136,581,3
136,611,3.5
136,621,2.5
136,630,3
136,637,2.5
136,647,4
136,651,3
136,660,4
136,679,4
136,688,2.5
136,712,3.5
136,713,4
136,716,2
136,724,2.5
136,743,4.5
136,762,4
136,781,2.5
136,788,5
136,807,3
136,813,1.5
136,814,4
136,817,2.5
136,826,3.5
136,849,4.5
136,850,3.5
136,857,1.5
136,862,4
136,869,3.5
136,894,4
136,901,2
136,913,3
136,927,4.5
136,928,2
136,932,4
136,942,4
136,945,3.5
136,946,4
136,950,4
136,962,4.5
136,981,4.5
136,984,4.5
136,987,5
136,988,4.5
136,990,3
136,998,3.5
137,78,3.5
137,89,4
137,108,2
137,127,3.5
137,163,2.5
137,173,3.5
137,177,3.5
137,194,3.5
137,201,3
137,211,3
137,228,2.5
137,238,3.5
137,247,2.5
137,255,4.5
137,256,4
137,258,3.5
137,260,4
137,266,4.5
137,270,2.5
137,274,4
137,284,2.5
137,298,2
137,300,3
137,319,3
137,321,2.5
137,341,3.5
137,349,3.5
137,350,3.5
137,360,4
137,363,5
137,365,2
137,374,3
137,376,2.5
137,380,4.5
137,393,3
137,404,4.5
137,416,3
137,426,3.5
137,432,3.5
137,434,2.5
137,439,3.5
137,452,3
137,456,3
137,462,3.5
137,473,3.5
137,476,4.5
137,503,3
137,526,4
137,527,3
137,535,5
137,549,3
137,579,4
137,592,4.5
137,605,3
137,617,4
137,644,4
137,647,4
137,652,4
137,653,4
137,654,3
137,694,3.5
137,696,4.5
137,781,4
137,806,2.5
137,807,3
137,815,4
137,883,2.5
137,897,3
137,903,2.5
137,921,4.5
137,923,3.5
137,929,3.5
137,960,3.5
137,970,3
138,42,4.5
138,66,5
138,69,3.5
138,84,4.5
138,85,3.5
138,91,4
138,130,3.5
138,135,3
138,154,4
138,155,3
138,156,4
138,161,4
138,183,3.5
138,188,3.5
138,211,2
138,217,3
138,218,5
138,222,4
138,227,4
138,233,4
138,240,4.5
138,248,4.5
138,256,3
138,259,4
138,263,3
138,281,3.5
138,282,5
138,284,3
138,288,3.5
138,292,4.5
138,295,3.5
138,301,3.5
138,326,4.5
138,346,4
138,347,3
138,361,4
138,362,3.5
138,374,3
138,389,3.5
138,398,2.5
138,415,3
138,433,4
138,439,2.5
138,450,3.5
138,456,3.5
138,462,4.5
138,492,4.5
138,493,4.5
138,521,4.5
138,527,3
138,554,3
138,558,3
138,567,5
138,569,3.5
138,586,4.5
138,598,5
138,610,3.5
138,617,3
138,626,4.5
138,635,5
138,640,4.5
138,671,3.5
138,689,3.5
138,698,3.5
138,705,5
138,719,3.5
138,752,4.5
138,763,3
138,765,4.5
138,767,4.5
138,781,2.5
138,786,3.5
138,787,4
138,794,3.5
138,798,4
138,807,3
138,810,3.5
138,829,3.5
138,834,2.5
138,855,2.5
138,856,3.5
138,868,2
138,880,4
138,888,4.5
138,890,5
138,907,4
138,923,4
138,934,3.5
138,941,3.5
138,942,3
138,943,3.5
138,948,4
138,965,4.5
138,974,4
138,988,4.5
138,997,4
138,998,2
139,55,4.5
139,63,5
139,65,4
139,85,4
139,90,4
139,92,4.5
139,110,3.5
139,118,4
139,119,3
139,124,3
139,133,4
139,135,3
139,149,3
139,156,3
139,159,4.5
139,166,3.5
139,178,4.5
139,180,2.5
139,184,4.5
139,195,2.5
139,211,4.5
139,269,4.5
139,306,4.5
139,329,4
139,341,3.5
139,381,3
139,395,3.5
139,396,3
139,404,3
139,407,4.5
139,414,3
139,445,3
139,450,3
139,456,2.5
139,466,4
139,471,4
139,479,3.5
139,486,3
139,496,3
139,497,4.5
139,510,2.5
139,540,5
139,552,4.5
139,560,4.5
139,563,4.5
139,565,3.5
139,569,4
139,582,3.5
139,604,3
139,611,3.5
139,615,3.5
139,633,3.5
139,642,4
139,648,5
139,658,2.5
139,680,4.5
139,682,4.5
139,695,4.5
139,701,3.5
139,719,3.5
139,739,2.5
139,750,3
139,760,4
139,769,4
139,781,3
139,782,4.5
139,783,3.5
139,790,3.5
139,817,2
139,829,3.5
139,842,3.5
139,845,4
139,848,3.5
139,851,4
139,865,4
139,881,4
139,882,4
139,883,5
139,892,3.5
139,901,3.5
139,908,4
139,923,3.5
139,926,3
139,941,2.5
139,949,3.5
139,967,3
139,976,3.5
139,983,2.5
140,27,4
140,33,4
140,101,4.5
140,106,3.5
140,114,3
140,119,4.5
140,126,3.5
140,141,2
140,144,3
140,160,3
140,172,3.5
140,201,4.5
140,207,4
140,208,3.5
140,212,4
140,228,2.5
140,231,4
140,240,2.5
140,247,3
140,256,4
140,261,4
140,276,4.5
140,279,4
140,291,4.5
140,303,3.5
140,311,3.5
140,319,3.5
140,343,4.5
140,346,4
140,363,3
140,377,3.5
140,378,2.5
140,382,4.5
140,412,5
140,415,3.5
140,418,3.5
140,425,4.5
140,443,4
140,444,4
140,461,3.5
140,475,5
140,493,4.5
140,542,5
140,552,2.5
140,585,3.5
140,587,4
140,590,4
140,608,4
140,615,4
140,621,4
140,623,4.5
140,649,3.5
140,651,4.5
140,654,4.5
140,658,3.5
140,663,3
140,676,4.5
140,691,5
140,708,4
140,722,4.5
140,736,4.5
140,740,4
140,755,3.5
140,757,4
140,758,3
140,771,3.5
140,782,4
140,788,3.5
140,797,3.5
140,808,3.5
140,815,4
140,821,4
140,852,4
140,865,3
140,866,3.5
140,896,3.5
140,904,3.5
140,913,2.5
140,936,3.5
140,947,3.5
140,953,3.5
140,966,3.5
140,968,4.5
140,988,4.5
140,999,2.5
141,12,2.5
141,63,4.5
141,64,5
141,65,3.5
141,79,3.5
141,80,3.5
141,108,2
141,113,3.5
141,141,2
141,151,5
141,160,4
141,185,4
141,211,2.5
141,223,3.5
141,226,3
141,241,3
141,244,3.5
141,255,4.5
141,258,4
141,324,3
141,328,2
141,329,2
141,380,3
141,423,4
141,438,3.5
141,448,4
141,451,4.5
141,456,3.5
141,469,3.5
141,473,3.5
141,479,3.5
141,493,3
141,495,3
141,501,4
141,517,4.5
141,552,4
141,555,2.5
141,569,3.5
141,601,4
141,612,3.5
141,619,3
141,622,2.5
141,635,3.5
141,642,3.5
141,655,3
141,695,3.5
141,699,4
141,743,2.5
141,749,3.5
141,755,3.5
141,756,4.5
141,766,2
141,782,4
141,801,2.5
141,807,4
141,808,4
141,812,3.5
141,832,3
141,839,4
141,841,3.5
141,843,3
141,846,4
141,856,4
141,868,3
141,879,3.5
141,882,3.5
141,892,3.5
141,901,4.5
141,920,5
141,926,4
141,944,3.5
141,951,3
141,985,4
141,987,4
141,988,3.5
142,9,2.5
142,11,1.5
142,23,3.5
142,30,3.5
142,32,3.5
142,33,3
142,78,3.5
142,80,3
142,84,2.5
142,123,3.5
142,133,4
142,146,3.5
142,154,3
142,155,3
142,157,4
142,162,5
142,168,3
142,186,4
142,194,3.5
142,209,4
142,224,2.5
142,250,4
142,258,3
142,260,3
142,283,4
142,295,3
142,314,2.5
142,315,4
142,336,3
142,352,4
142,354,2.5
142,355,2.5
142,356,3
142,361,4.5
142,383,3
142,384,3.5
142,399,3.5
142,412,2.5
142,419,3.5
142,423,3
142,426,4
142,437,2
142,448,3.5
142,450,4.5
142,451,4
142,457,4.5
142,461,4
142,484,3.5
142,507,4
142,511,3.5
142,547,5
142,567,4.5
142,576,3
142,592,4.5
142,594,3
142,595,4.5
142,601,4
142,614,3.5
142,622,4
142,647,3
142,649,3
142,665,4.5
142,686,2
142,717,3.5
142,748,3.5
142,763,3
142,772,5
142,773,4.5
142,784,4
142,791,2.5
142,794,2
142,833,3
142,835,2.5
142,849,2
142,857,3.5
142,858,2.5
142,882,2.5
142,900,3.5
142,927,3.5
142,955,3
142,956,4
142,959,2.5
142,960,4
142,969,3.5
142,975,3
142,978,4
143,22,4
143,23,3.5
143,50,4.5
143,78,4.5
143,114,4.5
143,119,4
143,125,4
143,131,4
143,135,4
143,149,3.5
143,153,4.5
143,166,3
143,192,4.5
143,216,4
143,217,4
143,221,3
143,231,4
143,239,4
143,244,3.5
143,257,5
143,264,5
143,274,3.5
143,276,4
143,283,4.5
143,286,4
143,293,3.5
143,294,3.5
143,296,4
143,299,4.5
143,305,4
143,312,3
143,323,5
143,346,3.5
143,363,4.5
143,364,4
143,371,4.5
143,374,5
143,376,4.5
143,384,3
143,388,4
143,391,4
143,444,4
143,445,3
143,452,4
143,460,4
143,467,3.5
143,478,3
143,501,4.5
143,503,4
143,523,3.5
143,529,5
143,536,3
143,543,3.5
143,549,4
143,584,4
143,593,3
143,597,4
143,605,3
143,620,4
143,630,5
143,644,4.5
143,651,3.5
143,702,4.5
143,706,4.5
143,717,3
143,751,3.5
143,779,3
143,780,3.5
143,796,3.5
143,807,3.5
143,811,4.5
143,840,4
143,870,4
143,873,2.5
143,915,4.5
143,921,3.5
143,924,2.5
143,954,4
143,955,4
143,963,4
143,970,2
143,974,3.5
144,39,3.5
144,59,3.5
144,72,3
144,74,5
144,82,3
144,84,4.5
144,101,5
144,103,3
144,104,3
144,138,3.5
144,154,3.5
144,166,2.5
144,171,3
144,175,3.5
144,186,3.5
144,189,3.5
144,197,3
144,207,3.5
144,210,4.5
144,228,2.5
144,241,3
144,246,3
144,260,3
144,262,3
144,267,3.5
144,268,3.5
144,290,4.5
144,304,3
144,316,3.5
144,332,4
144,333,3.5
144,337,3
144,343,2.5
144,344,3.5
144,354,4
144,355,3
144,411,3.5
144,413,3.5
144,415,3
144,425,3.5
144,434,2
144,436,3.5
144,460,3
144,464,4
144,470,4
144,473,3
144,480,3.5
144,481,4
144,488,2.5
144,490,3.5
144,500,3
144,505,3.5
144,523,3
144,540,3.5
144,541,4
144,542,3.5
144,553,3.5
144,580,2.5
144,585,4
144,591,4.5
144,624,3.5
144,630,3.5
144,640,4.5
144,655,3.5
144,659,3.5
144,661,4
144,667,4
144,672,4.5
144,673,3
144,678,4
144,684,4
144,694,3
144,696,3
144,715,3.5
144,720,3.5
144,762,3
144,763,3
144,766,4.5
144,768,4
144,815,2.5
144,835,3
144,853,3
144,864,3.5
144,915,3
144,918,3.5
144,939,4
144,943,3
144,945,4
144,960,3
144,961,3.5
144,970,4.5
144,985,3.5
145,1,2.5
145,33,3.5
145,54,4
145,56,5
145,58,4.5
145,101,4
145,112,2
145,120,5
145,129,5
145,139,3.5
145,141,3.5
145,148,5
145,165,3.5
145,168,4
145,182,4
145,194,4
145,196,4.5
145,207,4.5
145,215,4.5
145,216,3
145,217,3.5
145,220,3
145,247,4
145,254,3
145,261,3
145,267,4
145,270,4.5
145,273,3
145,286,3.5
145,301,3.5
145,308,2.5
145,310,3
145,324,2
145,327,3.5
145,332,4.5
145,344,4
145,354,3
145,356,2.5
145,393,3
145,436,3.5
145,437,3.5
145,442,2
145,455,3.5
145,456,3
145,459,3
145,467,3.5
145,471,3
145,475,3.5
145,481,4.5
145,488,4.5
145,496,4
145,506,3
145,543,4
145,553,4
145,572,3.5
145,585,3.5
145,596,2
145,599,3.5
145,606,4.5
145,630,3.5
145,637,2.5
145,640,4.5
145,663,2.5
145,667,4
145,669,3.5
145,690,2.5
145,691,4
145,695,3
145,700,4
145,702,3.5
145,712,4.5
145,756,3.5
145,762,5
145,765,3.5
145,767,3.5
145,769,3.5
145,781,3.5
145,800,3.5
145,836,2
145,838,4.5
145,852,3
145,862,5
145,867,2.5
145,868,3
145,878,4
145,891,3.5
145,932,4
145,945,4.5
145,949,2
145,963,4
145,967,3
145,970,4.5
145,984,4
145,989,4
145,990,2
145,991,4
145,998,3.5
146,3,4.5
146,10,3.5
146,23,4
146,54,3.5
146,55,4.5
146,101,3.5
146,104,3
146,110,4.5
146,117,3.5
146,147,3.5
146,148,2.5
146,158,3
146,162,3
146,175,4
146,180,4
146,209,4
146,210,4.5
146,220,3.5
146,232,4
146,239,3.5
146,258,3.5
146,270,2.5
146,277,4
146,296,3.5
146,331,3.5
146,333,3
146,344,3
146,359,3
146,368,2.5
146,378,4
146,389,2.5
146,393,3
146,410,3
146,434,3
146,445,2.5
146,456,5
146,464,4.5
146,470,4
146,475,3
146,488,3.5
146,491,2.5
146,501,4.5
146,505,1.5
146,524,3
146,527,3.5
146,530,4
146,536,2.5
146,538,2.5
146,541,4
146,557,4
146,562,2.5
146,577,3
146,587,3.5
146,589,3.5
146,590,3
146,601,3.5
146,604,3.5
146,617,2.5
146,619,3.5
146,665,4
146,669,3
146,671,3.5
146,687,3.5
146,695,3
146,698,3
146,702,3
146,703,3.5
146,714,4
146,726,3.5
146,727,2.5
146,728,2.5
146,739,1.5
146,760,3.5
146,765,4.5
146,778,4
146,793,4
146,803,3
146,805,2.5
146,827,3.5
146,850,3.5
146,855,4
146,862,3.5
146,891,4.5
146,898,3.5
146,902,5
146,905,5
146,910,4.5
146,915,2.5
146,918,5
146,926,4
146,937,3
146,955,3
146,983,4.5
146,998,2.5
147,20,5
147,59,4
147,82,3.5
147,120,3
147,129,4.5
147,135,5
147,136,2.5
147,140,2.5
147,145,4
147,164,2.5
147,165,2.5
147,215,2.5
147,226,3
147,230,3
147,238,3.5
147,270,4
147,284,1.5
147,301,3.5
147,310,4.5
147,315,4.5
147,317,4
147,321,4
147,347,2
147,354,3.5
147,360,3.5
147,366,3
147,367,3.5
147,373,3.5
147,385,4
147,390,3.5
147,391,3
147,396,4.5
147,408,3
147,466,3.5
147,471,2
147,473,3.5
147,504,3.5
147,532,4.5
147,547,2
147,567,3
147,571,2.5
147,586,3.5
147,597,3.5
147,608,3
147,613,3.5
147,616,3
147,620,4
147,629,3.5
147,641,3
147,657,3
147,674,3.5
147,695,3.5
147,701,3.5
147,713,3.5
147,720,2.5
147,722,2
147,759,3
147,777,3.5
147,817,3
147,820,3.5
147,833,4
147,839,3.5
147,845,2.5
147,870,3.5
147,875,3.5
147,893,3.5
147,897,3.5
147,899,3
147,901,1.5
147,914,4
147,927,2.5
147,964,3.5
147,973,3.5
147,985,4
148,41,5
148,44,5
148,95,2.5
148,108,3.5
148,109,2.5
148,122,4
148,147,3
148,150,3.5
148,167,4
148,180,4
148,206,2.5
148,226,3
148,229,4
148,230,4
148,236,3
148,249,1
148,263,4
148,264,4
148,279,4.5
148,289,3
148,301,3
148,319,3
148,321,3.5
148,325,5
148,341,3.5
148,354,4
148,360,3
148,381,2.5
148,389,4
148,395,2.5
148,405,5
148,406,2.5
148,410,3
148,412,4
148,416,3
148,430,4
148,431,3.5
148,442,3.5
148,457,4.5
148,462,4
148,464,2.5
148,466,3
148,504,3
148,511,2.5
148,514,2.5
148,535,3.5
148,537,4
148,545,5
148,565,4
148,573,2.5
148,623,3.5
148,650,2.5
148,654,3.5
148,663,4
148,668,4.5
148,678,5
148,684,3
148,686,2.5
148,704,4
148,707,5
148,715,3.5
148,716,3.5
148,738,4
148,740,4
148,763,3.5
148,765,4
148,783,3
148,785,4
148,796,5
148,839,4.5
148,852,4
148,861,4.5
148,877,2.5
148,920,3.5
148,932,3.5
148,963,2.5
148,972,3.5
149,78,3.5
149,80,3.5
149,90,2.5
149,101,3.5
149,133,2.5
149,152,4.5
149,192,2.5
149,200,4.5
149,202,3.5
149,209,3.5
149,212,3
149,239,3
149,258,3
149,262,4
149,268,4
149,294,3.5
149,299,3
149,310,3
149,314,2.5
149,331,3.5
149,332,3
149,337,3.5
149,353,3.5
149,362,2.5
149,374,2.5
149,376,3
149,383,2.5
149,413,2.5
149,426,3
149,436,2.5
149,456,2.5
149,460,2.5
149,465,4
149,503,4
149,505,4
149,509,2.5
149,516,1.5
149,523,3.5
149,538,3
149,557,4
149,570,3.5
149,577,4.5
149,586,2
149,588,2
149,592,4.5
149,593,3.5
149,614,2.5
149,638,3
149,647,3.5
149,650,4.5
149,653,2.5
149,657,4
149,660,3
149,673,3
149,674,2.5
149,690,3.5
149,715,4
149,720,3
149,729,3
149,744,3
149,762,3
149,782,3.5
149,804,3
149,807,4
149,811,3.5
149,838,3
149,840,2.5
149,848,3.5
149,858,2.5
149,863,3.5
149,867,4
149,870,4
149,886,4.5
149,890,2.5
149,914,3.5
149,923,3.5
149,925,3.5
149,926,4
149,931,4
149,941,2.5
149,943,3
149,944,3
149,945,3.5
149,946,2.5
149,949,3.5
149,955,3
149,961,4
149,964,3
149,967,3
149,982,2
149,988,3
149,990,3
149,997,3.5
149,999,3.5
150,110,3
150,113,3
150,125,3.5
150,136,2.5
150,143,3
150,147,3.5
150,155,2.5
150,164,2.5
150,166,3.5
150,188,2.5
150,198,2
150,211,2.5
150,236,3.5
150,268,3.5
150,277,4
150,289,3.5
150,291,3.5
150,296,3.5
150,303,3.5
150,307,5
150,308,4
150,322,2.5
150,324,3.5
150,325,4
150,330,1.5
150,355,3.5
150,358,2.5
150,367,3
150,386,4
150,393,2.5
150,400,3
150,406,2
150,417,3
150,428,2
150,441,3.5
150,448,2.5
150,472,3
150,473,3.5
150,494,2.5
150,505,3
150,516,3.5
150,532,3.5
150,539,3
150,540,3.5
150,542,2.5
150,543,4
150,554,2.5
150,558,3
150,571,3
150,582,3.5
150,596,2.5
150,621,5
150,633,4.5
150,650,3.5
150,663,5
150,669,3.5
150,692,3.5
150,700,4
150,702,4
150,715,4.5
150,729,3
150,739,4.5
150,745,2.5
150,761,3.5
150,764,3
150,803,2
150,819,2.5
150,824,3.5
150,848,3
150,851,2.5
150,862,2.5
150,873,2.5
150,879,3
150,883,3.5
150,889,3.5
150,920,3
150,927,2.5
150,928,3
150,952,4
150,965,3.5
150,967,4
150,985,3
150,990,2
150,995,4
150,1000,1.5
151,54,4.5
151,94,4.5
151,95,3.5
151,108,3
151,127,3
151,131,3
151,139,4
151,144,3
151,182,3.5
151,184,5
151,207,4.5
151,208,2.5
151,210,5
151,214,2
151,236,4.5
151,245,4.5
151,264,4
151,267,4
151,274,3
151,293,3
151,327,3
151,330,2
151,332,4.5
151,338,3.5
151,344,4.5
151,349,3.5
151,392,4
151,393,3
151,396,5
151,397,3.5
151,399,4
151,401,4
151,404,4
151,407,4
151,414,3.5
151,430,3.5
151,437,4
151,447,4
151,448,4
151,459,3.5
151,470,4
151,490,4.5
151,498,2.5
151,499,3.5
151,502,3
151,509,2.5
151,529,4
151,541,4.5
151,551,4
151,576,2.5
151,586,3
151,600,4
151,606,4
151,612,4
151,621,4
151,640,5
151,641,3.5
151,662,3.5
151,665,3
151,666,4.5
151,669,4
151,700,4.5
151,703,3.5
151,712,4.5
151,716,2.5
151,731,3.5
151,740,3.5
151,818,3.5
151,820,3.5
151,845,4
151,849,4
151,860,2.5
151,878,2.5
151,881,4
151,895,3.5
151,903,2.5
151,908,2.5
151,909,3
151,917,3
151,928,4
151,943,4
151,981,4
151,998,4.5
151,999,3.5
152,30,3
152,48,3.5
152,66,4.5
152,110,3
152,123,3.5
152,145,4.5
152,149,4
152,178,3.5
152,179,3.5
152,190,3.5
152,191,4
152,192,4.5
152,195,4.5
152,200,3.5
152,218,5
152,225,4.5
152,236,4.5
152,245,3.5
152,282,4
152,292,5
152,298,3
152,330,3.5
152,367,4
152,376,4
152,389,5
152,393,5
152,396,3.5
152,424,4.5
152,453,2.5
152,463,4.5
152,469,3
152,473,3.5
152,481,4.5
152,485,5
152,495,2.5
152,499,3
152,500,4.5
152,510,3.5
152,511,2.5
152,538,4
152,539,4.5
152,549,4
152,570,3.5
152,588,4
152,606,3
152,614,4
152,638,4
152,640,3.5
152,641,5
152,695,4
152,702,4
152,706,4
152,710,3
152,720,4
152,722,3.5
152,735,3.5
152,745,4
152,758,4
152,763,5
152,793,4
152,797,4
152,800,3.5
152,801,3.5
152,814,3.5
152,816,4
152,820,4
152,827,4
152,835,4
152,851,4
152,862,3.5
152,882,5
152,898,3.5
152,913,4
152,932,2.5
152,961,3
152,968,4.5
152,977,4
152,983,3
152,985,4.5
152,987,4
152,991,4
153,67,4.5
153,91,4.5
153,95,4.5
153,108,3
153,111,3.5
153,119,4
153,120,3
153,123,3
153,126,3
153,151,4
153,160,4
153,161,4.5
153,171,3
153,187,4
153,192,3
153,194,4
153,200,4
153,208,3.5
153,220,4
153,259,3.5
153,262,3
153,267,3.5
153,285,3
153,313,4
153,322,4.5
153,328,3.5
153,355,3
153,362,4.5
153,375,4.5
153,388,4.5
153,427,4.5
153,431,4
153,444,3.5
153,462,5
153,463,4
153,465,3.5
153,466,4.5
153,488,4
153,525,3.5
153,534,3
153,541,2.5
153,546,3.5
153,554,2.5
153,588,4
153,594,5
153,602,3.5
153,608,4
153,626,3.5
153,635,5
153,659,4.5
153,661,3.5
153,662,3
153,672,3
153,673,3.5
153,674,4.5
153,687,4.5
153,690,3.5
153,705,5
153,707,5
153,714,3.5
153,715,4
153,719,3
153,723,2.5
153,731,4.5
153,744,4.5
153,750,2.5
153,757,3.5
153,760,3
153,770,3
153,791,3
153,795,4.5
153,817,3
153,822,3
153,833,4
153,861,4
153,878,4
153,881,3.5
153,899,3
153,910,4
153,919,3.5
153,928,3
153,951,3.5
153,954,4
153,969,3.5
153,972,4.5
153,979,4.5
153,983,3.5
153,989,4.5
154,13,4
154,17,5
154,36,3.5
154,37,4.5
154,69,3
154,90,3
154,105,3.5
154,163,4.5
154,164,4
154,174,4
154,180,3
154,190,3.5
154,191,4
154,193,4
154,202,3
154,204,4
154,234,3.5
154,253,5
154,260,3
154,283,3.5
154,296,3
154,310,3.5
154,312,4
154,313,4
154,324,3.5
154,335,2.5
154,344,2
154,345,3
154,351,4.5
154,356,4
154,364,4.5
154,367,5
154,374,2.5
154,399,3.5
154,400,4
154,406,4.5
154,408,3
154,415,3
154,418,3.5
154,419,3.5
154,424,5
154,435,3.5
154,445,4.5
154,469,4
154,515,3
154,520,3
154,542,3.5
154,562,4
154,577,4
154,588,4.5
154,597,3.5
154,602,4.5
154,613,4
154,614,4
154,635,4
154,644,3
154,646,4.5
154,667,4
154,677,3.5
154,699,3
154,705,4
154,722,3.5
154,734,2.5
154,745,4
154,748,4
154,766,4
154,783,4.5
154,790,4
154,799,4.5
154,804,4
154,820,3.5
154,822,3.5
154,833,4
154,847,4
154,874,3
154,877,3
154,899,4
154,901,2.5
154,907,3.5
154,911,3
154,919,3
154,924,2.5
154,927,2
154,934,4.5
154,941,4
154,947,3.5
154,959,4
154,966,4
154,972,4.5
154,987,5
154,990,4
154,998,2
155,29,5
155,35,4.5
155,67,3.5
155,86,4.5
155,102,2.5
155,105,4.5
155,141,2.5
155,144,3.5
155,164,3.5
155,181,3.5
155,191,4
155,204,3.5
155,213,4.5
155,214,3.5
155,219,3.5
155,223,4
155,225,3.5
155,231,3.5
155,237,3.5
155,240,3
155,243,4
155,249,3.5
155,252,3
155,258,4
155,269,5
155,306,4
155,314,4
155,333,3.5
155,334,4
155,341,3.5
155,372,4
155,390,4
155,419,4
155,431,3.5
155,444,3.5
155,454,4.5
155,456,3
155,463,4
155,470,3
155,475,4.5
155,485,3.5
155,488,2.5
155,489,4.5
155,500,3.5
155,534,4
155,544,3
155,558,5
155,580,3
155,591,4.5
155,597,4.5
155,600,3.5
155,614,4
155,615,5
155,626,2.5
155,634,4
155,640,4
155,647,3
155,649,4
155,663,4.5
155,676,4.5
155,695,3
155,697,3.5
155,706,3.5
155,736,3.5
155,740,5
155,749,3
155,752,3
155,770,3.5
155,789,4
155,804,3
155,837,5
155,852,4
155,856,4
155,865,4.5
155,878,4
155,888,3.5
155,891,3
155,893,4.5
155,908,3
155,942,3.5
155,973,5
155,982,4.5
155,984,4
155,986,5
155,997,4
156,13,3.5
156,43,3.5
156,46,3.5
156,73,3.5
156,102,2.5
156,126,3
156,135,4.5
156,138,3.5
156,155,3.5
156,159,4.5
156,162,5
156,168,3.5
156,178,5
156,190,3.5
156,203,3.5
156,217,4
156,243,3
156,268,3.5
156,296,4
156,315,4.5
156,320,4
156,326,3.5
156,336,4.5
156,345,3.5
156,359,3.5
156,362,4
156,403,4.5
156,420,4
156,423,3
156,433,3
156,443,4.5
156,461,3
156,469,3.5
156,471,3.5
156,472,5
156,479,4
156,482,5
156,483,2.5
156,487,4.5
156,495,2.5
156,497,4.5
156,502,4.5
156,505,4
156,507,4
156,512,4.5
156,513,3
156,516,4.5
156,529,4.5
156,544,3
156,548,3.5
156,549,4.5
156,553,3
156,570,4.5
156,572,4.5
156,579,4.5
156,594,4
156,595,4
156,610,3.5
156,629,4
156,645,4
156,649,3.5
156,660,4
156,667,4
156,706,3.5
156,722,3
156,737,3
156,744,5
156,746,3.5
156,753,4
156,754,3.5
156,757,3
156,758,3
156,774,4
156,797,3.5
156,805,2.5
156,818,3.5
156,849,5
156,866,4.5
156,873,2.5
156,877,3
156,880,4.5
156,883,4.5
156,902,3.5
156,909,4.5
156,939,2.5
156,968,3.5
156,994,4.5
156,997,3.5
157,28,4
157,102,3.5
157,132,3
157,141,1.5
157,154,4
157,201,4
157,204,1.5
157,228,2
157,240,3
157,241,3
157,258,3.5
157,265,4
157,270,3
157,276,3.5
157,286,2.5
157,297,3
157,305,3.5
157,310,4.5
157,326,2.5
157,328,3.5
157,339,3.5
157,365,2
157,370,4
157,383,2.5
157,397,3
157,400,3.5
157,405,3.5
157,451,2
157,473,3
157,477,3
157,486,3
157,518,3.5
157,523,2
157,562,3.5
157,563,3
157,564,3
157,567,2.5
157,577,2.5
157,608,2.5
157,609,3
157,610,2.5
157,616,4.5
157,621,3.5
157,623,3.5
157,624,5
157,640,3
157,643,3
157,647,2
157,658,3.5
157,666,4
157,691,4
157,697,4.5
157,703,2.5
157,708,3.5
157,714,3
157,726,2
157,742,3
157,757,4
157,774,3
157,778,3.5
157,782,3
157,783,3
157,820,4.5
157,834,4
157,838,3.5
157,844,3.5
157,849,4
157,853,4
157,856,4
157,872,4
157,873,2
157,875,2.5
157,893,2.5
157,896,2.5
157,898,4
157,899,3
157,909,3.5
157,915,2
157,917,2.5
157,921,5
157,923,3
157,924,3
157,928,3.5
157,933,3
157,944,3.5
158,60,4
158,68,4
158,82,4
158,90,4
158,108,3.5
158,111,3.5
158,116,4.5
158,118,3.5
158,129,4
158,151,4
158,154,3.5
158,162,3
158,171,3.5
158,172,3
158,179,3.5
158,183,3.5
158,188,2
158,196,4
158,200,2
158,228,3.5
158,233,3.5
158,236,3
158,242,3
158,252,2
158,255,2.5
158,298,4
158,301,3
158,306,3.5
158,329,4
158,338,3.5
158,345,3
158,346,3
158,350,3
158,357,3
158,385,3.5
158,396,5
158,401,4.5
158,413,3.5
158,415,4
158,419,2
158,420,4.5
158,425,3.5
158,427,3.5
158,433,4.5
158,452,4
158,492,3
158,500,3.5
158,525,2.5
158,527,3
158,561,3.5
158,584,3
158,590,3
158,596,2.5
158,604,3
158,636,2.5
158,704,3.5
158,712,4
158,726,4
158,727,3
158,739,3
158,765,3.5
158,793,3.5
158,795,4
158,796,4.5
158,806,4
158,830,3
158,874,3.5
158,878,4
158,912,4
158,922,4
158,925,4
158,945,3.5
158,946,3.5
158,947,3.5
158,951,4
158,957,2
158,958,4
158,962,3.5
158,990,4
158,991,4
158,993,4.5
159,4,3.5
159,6,3.5
159,113,3
159,121,4
159,143,3
159,147,4
159,150,3.5
159,153,5
159,160,4
159,187,4.5
159,191,5
159,197,3.5
159,205,4
159,207,4
159,208,4
159,212,2
159,230,3.5
159,254,3
159,306,2.5
159,316,3.5
159,317,5
159,334,4
159,335,4
159,343,2.5
159,359,2
159,361,3
159,362,4
159,380,4.5
159,389,3
159,406,3.5
159,410,2.5
159,446,4.5
159,448,4
159,464,4.5
159,495,3
159,503,3.5
159,505,2
159,510,3
159,518,3.5
159,523,3.5
159,528,2.5
159,532,4.5
159,546,3
159,568,3
159,576,3
159,585,3
159,588,3.5
159,598,3
159,599,4.5
159,604,2.5
159,622,3.5
159,673,4
159,729,2.5
159,735,2.5
159,737,4
159,757,4.5
159,759,3.5
159,763,3
159,775,4
159,796,3
159,801,4.5
159,817,3.5
159,827,4
159,834,4.5
159,838,2.5
159,841,4
159,851,4.5
159,859,3.5
159,893,3.5
159,900,3
159,910,4.5
159,911,3.5
159,915,3
159,921,4
159,922,3.5
159,953,2.5
159,966,4
159,981,2.5
159,992,3.5
159,996,4
159,998,3.5
160,59,3
160,60,4
160,69,3.5
160,93,3.5
160,107,3.5
160,120,4
160,125,4.5
160,127,5
160,136,3
160,137,3
160,151,3.5
160,161,4.5
160,164,3.5
160,198,4.5
160,224,3.5
160,227,5
160,252,2.5
160,263,3.5
160,264,4
160,273,3
160,281,1.5
160,286,3.5
160,292,4
160,334,3.5
160,336,3
160,347,3.5
160,352,4
160,355,3
160,366,4
160,372,4
160,396,4
160,411,4
160,419,3.5
160,432,3.5
160,446,3.5
160,448,4.5
160,449,3
160,452,2.5
160,456,2.5
160,465,3.5
160,473,4
160,482,2.5
160,496,3
160,506,3.5
160,548,3.5
160,551,4.5
160,559,3.5
160,561,4.5
160,567,4
160,586,4
160,588,3.5
160,592,3.5
160,605,4
160,611,4
160,616,3.5
160,628,3
160,681,4
160,689,4.5
160,710,3.5
160,744,4
160,767,4.5
160,770,3.5
160,771,3.5
160,778,4.5
160,783,2.5
160,788,2.5
160,802,2.5
160,803,4
160,804,3.5
160,807,2.5
160,837,3.5
160,853,3
160,863,4
160,864,4.5
160,880,3.5
160,883,3.5
160,887,2.5
160,896,3
160,898,4
160,910,4
160,965,4.5
160,968,3
161,63,4.5
161,88,5
161,113,5
161,114,5
161,141,3.5
161,143,4
161,146,5
161,151,4
161,162,3.5
161,166,4
161,184,5
161,193,4
161,195,3
161,203,4.5
161,217,4
161,221,4.5
161,224,5
161,232,4.5
161,253,4
161,255,4
161,262,3
161,266,3.5
161,267,2.5
161,278,4
161,285,3.5
161,294,4
161,309,4.5
161,318,4
161,333,3.5
161,337,2.5
161,339,5
161,340,3
161,349,5
161,370,5
161,375,4.5
161,391,5
161,394,4
161,398,4
161,404,4
161,407,4.5
161,415,4
161,434,3.5
161,440,4
161,443,4
161,471,4.5
161,502,3
161,516,2.5
161,518,4
161,524,4
161,526,5
161,531,3
161,552,4.5
161,569,4
161,573,5
161,581,4
161,625,4.5
161,642,4.5
161,649,4
161,670,4
161,674,4
161,678,3.5
161,682,4
161,694,4.5
161,727,4
161,742,5
161,760,4
161,779,4
161,782,5
161,784,4
161,805,2.5
161,808,4.5
161,828,4.5
161,833,2.5
161,837,3.5
161,851,3
161,890,5
161,894,4
161,895,4
161,906,3
161,908,4
161,932,3.5
161,942,4
161,962,3.5
161,965,4
161,971,3
161,979,3
161,993,4
162,47,3.5
162,53,4
162,78,4.5
162,79,3
162,98,4.5
162,102,4
162,104,4.5
162,105,3.5
162,109,2.5
162,117,3
162,145,3
162,156,3.5
162,202,4.5
162,204,3
162,232,3
162,242,4
162,272,4
162,287,2
162,289,4
162,298,2.5
162,301,3
162,317,3.5
162,320,2.5
162,323,4.5
162,334,3
162,336,4
162,337,3.5
162,351,3
162,353,4
162,357,5
162,365,3
162,369,3.5
162,373,4
162,380,3
162,389,3
162,390,3.5
162,434,3
162,436,2
162,454,4
162,471,3.5
162,474,2.5
162,479,2.5
162,482,2.5
162,485,3.5
162,492,4
162,493,4.5
162,508,4
162,534,3.5
162,539,3
162,562,3
162,572,5
162,574,2
162,578,4.5
162,579,3
162,592,3.5
162,598,4
162,601,3.5
162,605,3
162,611,4
162,620,3.5
162,622,4
162,635,3.5
162,644,3.5
162,665,4.5
162,671,4.5
162,674,3
162,682,2.5
162,689,3
162,692,3.5
162,694,3
162,706,4.5
162,722,3.5
162,733,4
162,754,5
162,773,4
162,778,3
162,796,4.5
162,804,5
162,807,4
162,848,3
162,870,5
162,874,5
162,893,4.5
162,908,3.5
162,915,4
162,924,3
162,925,4.5
162,926,4
162,933,4
162,948,4.5
162,952,4.5
162,968,4
162,990,3
162,998,3
162,999,3
163,65,4.5
163,115,2.5
163,121,3.5
163,136,2
163,143,3.5
163,151,3
163,184,3.5
163,199,3
163,201,3.5
163,207,3
163,219,3.5
163,221,4.5
163,225,3.5
163,279,3.5
163,287,4
163,306,4
163,313,2
163,315,4
163,327,3
163,329,3.5
163,375,4
163,377,3.5
163,394,3.5
163,407,5
163,438,3
163,451,3.5
163,479,3.5
163,491,4
163,494,3.5
163,510,3
163,528,3
163,547,4
163,552,3.5
163,554,3.5
163,563,5
163,569,3.5
163,602,2
163,633,4
163,639,4.5
163,642,4.5
163,648,4.5
163,657,2.5
163,661,3
163,668,3
163,674,3.5
163,682,3
163,699,3.5
163,701,3.5
163,710,3.5
163,716,3
163,719,3.5
163,725,4
163,726,3.5
163,772,4.5
163,782,4
163,783,2.5
163,796,5
163,798,4.5
163,800,2.5
163,808,3.5
163,833,3
163,837,4
163,844,4
163,863,3.5
163,901,2.5
163,914,2.5
163,920,4.5
163,925,3.5
163,937,3
163,952,4
163,965,3.5
163,973,4.5
163,983,2.5
163,989,2.5
163,994,3
164,10,2.5
164,21,3
164,36,3.5
164,40,4
164,46,4.5
164,65,4.5
164,66,5
164,67,4.5
164,86,4
164,91,3.5
164,114,4
164,123,2.5
164,147,3.5
164,151,5
164,157,4
164,173,4
164,177,4
164,190,4
164,211,3
164,218,4.5
164,221,4
164,229,3.5
164,230,5
164,234,2.5
164,246,3
164,285,3.5
164,293,4
164,302,4
164,307,5
164,315,4.5
164,331,4.5
164,340,3.5
164,344,2.5
164,354,3.5
164,358,3.5
164,375,4.5
164,376,4.5
164,389,4.5
164,407,3
164,439,3
164,451,4
164,457,3.5
164,462,4
164,466,4.5
164,469,3
164,485,5
164,486,4.5
164,489,4
164,494,3.5
164,512,2.5
164,518,3.5
164,547,4
164,551,5
164,552,4.5
164,567,4.5
164,586,4
164,589,4.5
164,595,4
164,596,4
164,613,3.5
164,625,4.5
164,626,3
164,639,4.5
164,646,3
164,659,2.5
164,661,3.5
164,665,4
164,699,5
164,701,4.5
164,737,3.5
164,754,3.5
164,757,4.5
164,767,4.5
164,783,3.5
164,812,3
164,814,5
164,837,2.5
164,857,3
164,873,4
164,883,4
164,890,4.5
164,897,3
164,904,4
164,906,3.5
164,908,4
164,913,3
164,933,4
164,938,4.5
164,959,3.5
164,979,3
165,29,3
165,115,2
165,122,2.5
165,129,3
165,130,4.5
165,132,3.5
165,148,3.5
165,153,4.5
165,163,3
165,166,2.5
165,194,4
165,214,3
165,231,3.5
165,255,4
165,270,5
165,276,2.5
165,282,4
165,291,2.5
165,321,3
165,323,4
165,330,3.5
165,338,2.5
165,347,3.5
165,359,3
165,409,3.5
165,448,4
165,452,2.5
165,458,4
165,459,3.5
165,471,4.5
165,492,3
165,498,3
165,507,4
165,535,4
165,540,3.5
165,543,4
165,562,3.5
165,573,4
165,575,3.5
165,587,3.5
165,601,4
165,611,3
165,614,3
165,619,2.5
165,634,3.5
165,638,5
165,643,4
165,649,3
165,660,4
165,665,4
165,678,3
165,689,3.5
165,690,3
165,724,3.5
165,730,3
165,732,3.5
165,739,3
165,744,4.5
165,773,2.5
165,786,3
165,794,4.5
165,821,2
165,827,3
165,831,4
165,848,3
165,852,3
165,856,2.5
165,859,3
165,875,3
165,878,2.5
165,896,3
165,899,3.5
165,901,3.5
165,913,2.5
165,916,3.5
165,939,4
165,944,3
165,960,3.5
165,962,3
165,979,3
165,992,3
165,995,4.5
166,44,4.5
166,81,3.5
166,83,2.5
166,86,4
166,118,3.5
166,127,4
166,155,3
166,156,3
166,184,3.5
166,198,2
166,205,3.5
166,211,2.5
166,215,5
166,226,3
166,241,3.5
166,242,4
166,243,3
166,254,2.5
166,277,3.5
166,282,3.5
166,289,4
166,291,3.5
166,296,3.5
166,298,3
166,309,3.5
166,314,3.5
166,330,3.5
166,346,4
166,349,3
166,361,4
166,370,3
166,372,3.5
166,395,3.5
166,396,4
166,399,4.5
166,403,2.5
166,405,3.5
166,412,3
166,421,4
166,435,2
166,437,3
166,442,3
166,475,5
166,483,3
166,517,3
166,543,3.5
166,548,4.5
166,549,3.5
166,550,4.5
166,552,4
166,555,2.5
166,571,3
166,588,3.5
166,590,3
166,610,3
166,611,3
166,620,4.5
166,623,3.5
166,624,2.5
166,629,4
166,639,3
166,655,3
166,661,4.5
166,672,3.5
166,677,3.5
166,685,4
166,686,4
166,687,2.5
166,702,4
166,708,2
166,709,4
166,732,3.5
166,736,4.5
166,740,4.5
166,761,3.5
166,766,3.5
166,788,5
166,796,3.5
166,809,3.5
166,817,4
166,822,3
166,836,3.5
166,858,2.5
166,871,3.5
166,888,3.5
166,899,3
166,909,3
166,913,3
166,921,4
166,924,4.5
166,927,2.5
166,929,3.5
166,938,3.5
166,945,5
166,951,2
166,961,3
166,973,4.5
166,981,3.5
166,987,4
166,995,5
167,62,4.5
167,63,4.5
167,65,4
167,127,3.5
167,148,5
167,168,4
167,169,3.5
167,174,4
167,183,3.5
167,185,4.5
167,201,4
167,205,5
167,207,3.5
167,215,3.5
167,221,4.5
167,238,5
167,243,3.5
167,249,3.5
167,274,4
167,285,3
167,288,2.5
167,301,3.5
167,309,2.5
167,345,4.5
167,354,4.5
167,366,5
167,396,5
167,398,3
167,416,2.5
167,437,3
167,448,4
167,458,3.5
167,459,4.5
167,466,5
167,468,3.5
167,477,4
167,481,4.5
167,482,2.5
167,508,4.5
167,525,2.5
167,552,3.5
167,557,3.5
167,566,4.5
167,580,2.5
167,582,3.5
167,585,3
167,586,3
167,591,4.5
167,620,4.5
167,623,4
167,629,3
167,636,3.5
167,640,4
167,642,4
167,650,4
167,653,2.5
167,682,3.5
167,699,4
167,700,4.5
167,704,4
167,732,3
167,746,3
167,749,2.5
167,763,2.5
167,775,4
167,782,3.5
167,787,3.5
167,792,2
167,800,4
167,801,3
167,833,3
167,851,5
167,864,4.5
167,872,3.5
167,874,4
167,897,3
167,908,3.5
167,916,3
167,917,3
167,963,3.5
167,969,2.5
167,970,3.5
167,983,2.5
167,986,3
167,990,3
167,991,4.5
167,993,3.5
168,16,4
168,25,3.5
168,28,3.5
168,106,4
168,113,5
168,151,3.5
168,152,3.5
168,170,4
168,186,4
168,197,5
168,198,3
168,208,2.5
168,249,3.5
168,250,3
168,252,2.5
168,278,4
168,281,5
168,292,3
168,297,3.5
168,319,3.5
168,327,3.5
168,339,4.5
168,340,4.5
168,343,4
168,350,4
168,360,4
168,370,5
168,371,4.5
168,383,3
168,391,4.5
168,392,3.5
168,409,3.5
168,412,4
168,437,3.5
168,455,2
168,463,2
168,485,3.5
168,516,4
168,532,5
168,535,3.5
168,536,3.5
168,562,3.5
168,571,3.5
168,576,1.5
168,577,4
168,589,4
168,615,3.5
168,627,3.5
168,646,4
168,685,4.5
168,697,4.5
168,724,4
168,737,5
168,738,3.5
168,749,4
168,778,2
168,786,4
168,797,4
168,799,3
168,803,2.5
168,814,3
168,818,4
168,834,3.5
168,845,3
168,847,4
168,851,4
168,860,3
168,870,4.5
168,888,4
168,892,3.5
168,902,4
168,924,3.5
168,942,3.5
168,951,2.5
168,957,3
168,975,3.5
168,979,2
168,983,3.5
169,19,3
169,23,2.5
169,113,2
169,132,3.5
169,133,3.5
169,148,2.5
169,166,2.5
169,169,3.5
169,179,4
169,181,3
169,201,3.5
169,231,2.5
169,235,2
169,240,3.5
169,271,4
169,274,3
169,287,3
169,294,3
169,299,4.5
169,325,3
169,380,3.5
169,387,3
169,413,3.5
169,434,3.5
169,448,3.5
169,466,4.5
169,477,4.5
169,479,3
169,503,3.5
169,505,4
169,515,3
169,521,2.5
169,548,3.5
169,551,4
169,555,3.5
169,566,2.5
169,568,3
169,584,3
169,592,3.5
169,596,3.5
169,603,2.5
169,617,3.5
169,625,3
169,630,4
169,649,2.5
169,653,4.5
169,656,3
169,676,3.5
169,677,3
169,689,3
169,701,2
169,710,3
169,712,4
169,729,3
169,735,3.5
169,742,3
169,757,4.5
169,787,3.5
169,796,3.5
169,807,3
169,815,2.5
169,825,4.5
169,830,2.5
169,852,3
169,855,3
169,867,3
169,906,3.5
169,915,5
169,926,4
169,953,2.5
169,956,3
169,961,4.5
169,979,3.5
169,987,4
169,1000,2.5
170,22,2.5
170,48,4
170,49,3.5
170,50,4
170,52,3.5
170,104,4.5
170,109,4.5
170,119,3
170,144,3
170,163,4
170,168,2.5
170,178,4
170,185,4.5
170,188,1.5
170,196,4
170,200,4
170,203,3
170,216,3.5
170,234,3
170,236,2
170,238,3
170,267,3
170,269,4
170,284,3.5
170,285,4
170,326,3
170,340,3.5
170,413,3
170,417,3.5
170,418,2.5
170,421,2.5
170,422,3.5
170,461,3
170,473,3
170,499,3.5
170,507,3
170,512,4
170,531,3
170,552,3
170,553,2.5
170,559,3.5
170,560,4
170,579,3
170,590,3.5
170,612,3.5
170,636,2.5
170,641,4
170,643,3.5
170,644,1.5
170,653,4
170,656,2.5
170,657,4.5
170,660,4
170,679,2.5
170,687,2.5
170,688,3
170,709,4
170,739,3.5
170,768,2.5
170,776,3.5
170,779,3
170,801,3.5
170,835,3.5
170,840,4
170,841,3.5
170,860,3.5
170,866,4
170,869,4
170,875,3
170,902,3.5
170,932,3.5
170,936,4.5
170,937,3.5
170,952,4.5
170,954,4
171,4,4
171,30,3.5
171,31,3
171,35,4
171,36,4.5
171,75,3
171,87,4
171,98,1.5
171,106,3.5
171,147,3.5
171,151,3
171,158,3.5
171,159,1.5
171,177,3
171,180,4.5
171,191,3.5
171,198,3
171,209,3.5
171,213,3.5
171,214,2.5
171,223,3.5
171,235,3
171,256,3.5
171,287,3
171,293,3
171,294,2.5
171,295,3
171,311,3
171,321,2.5
171,322,4
171,330,3
171,333,2
171,336,3
171,338,3.5
171,379,3.5
171,395,4
171,397,3.5
171,398,3.5
171,401,3.5
171,402,2.5
171,409,3
171,423,3
171,443,2.5
171,452,4.5
171,493,3.5
171,496,3.5
171,497,3
171,514,4
171,523,3.5
171,595,4
171,622,3
171,631,4
171,634,4.5
171,638,4
171,645,4
171,658,3
171,682,2.5
171,687,4
171,714,3
171,751,2.5
171,753,4
171,754,3.5
171,755,4
171,769,4.5
171,776,3.5
171,785,3.5
171,793,3.5
171,802,3
171,803,2
171,807,3
171,822,2
171,824,3.5
171,827,3.5
171,829,3.5
171,840,2.5
171,841,3.5
171,845,4
171,862,3
171,868,3.5
171,871,3.5
171,875,4
171,888,2.5
171,891,3.5
171,902,3.5
171,903,3.5
171,905,3
171,918,4.5
171,919,3
171,925,4
171,930,2.5
171,933,4
171,957,2.5
171,959,3.5
171,963,2.5
171,977,3.5
171,980,4
171,982,2
171,988,4
171,989,4.5
172,63,4.5
172,64,4.5
172,65,4
172,103,5
172,143,3.5
172,146,4
172,151,4.5
172,152,3.5
172,154,4.5
172,163,4
172,170,3
172,184,4
172,185,5
172,186,4
172,193,4.5
172,206,4.5
172,210,4
172,211,3.5
172,232,3
172,249,4.5
172,280,4.5
172,283,3.5
172,322,3.5
172,330,2.5
172,350,4
172,357,4
172,367,4.5
172,370,4.5
172,371,4
172,380,3.5
172,389,4
172,391,5
172,400,4.5
172,407,5
172,409,3.5
172,451,4
172,457,4
172,459,2
172,465,4
172,476,3
172,479,3
172,490,3.5
172,492,4.5
172,513,5
172,559,4.5
172,560,5
172,563,5
172,569,3.5
172,573,4.5
172,583,5
172,589,4.5
172,602,4
172,604,3.5
172,612,4
172,615,4.5
172,621,4
172,625,4
172,643,4
172,651,3.5
172,655,4.5
172,659,3.5
172,660,2.5
172,663,3
172,672,3.5
172,682,3.5
172,687,2.5
172,695,4
172,696,4.5
172,699,4
172,701,5
172,719,3.5
172,725,4
172,731,3
172,733,4.5
172,736,4
172,747,4
172,770,2
172,780,4
172,782,4
172,791,2.5
172,797,4.5
172,808,4
172,815,4.5
172,841,3.5
172,846,5
172,865,3.5
172,888,3.5
172,901,3
172,908,4
172,909,4
172,917,3
172,920,4.5
172,921,4.5
172,933,3
172,937,2
172,952,4.5
172,971,3.5
172,984,4
172,1000,4
173,10,3
173,53,4.5
173,54,2.5
173,117,4.5
173,151,4.5
173,161,2
173,166,3.5
173,173,2.5
173,184,4
173,205,5
173,262,4
173,271,3
173,275,2.5
173,290,4
173,319,5
173,323,3
173,340,3
173,344,4
173,346,3
173,352,4.5
173,360,3.5
173,393,3
173,401,2.5
173,407,4.5
173,420,4
173,448,3.5
173,451,5
173,459,2
173,464,3
173,465,3.5
173,470,3.5
173,488,4
173,490,2.5
173,499,2.5
173,506,2
173,509,4
173,529,3
173,538,4
173,543,2
173,552,4
173,563,3.5
173,568,3.5
173,584,3.5
173,586,3
173,587,5
173,598,3
173,604,3.5
173,608,4
173,620,3.5
173,625,4
173,660,3.5
173,661,3
173,669,4
173,690,4
173,693,5
173,694,2.5
173,745,2.5
173,781,3
173,782,4.5
173,800,3
173,808,4
173,811,3.5
173,813,3
173,816,3
173,825,3
173,832,3
173,838,4.5
173,850,3
173,862,4
173,869,4
173,903,3.5
173,908,4
173,909,3
173,920,4
173,932,4.5
173,941,3
173,942,2.5
173,946,4
173,952,5
173,968,4
173,989,3
173,993,3.5
173,994,3
173,996,3
173,998,2.5
174,63,4
174,65,3.5
174,78,3.5
174,79,4
174,102,2
174,109,3
174,140,3.5
174,158,3.5
174,174,3.5
174,199,3.5
174,212,3
174,214,3
174,227,3
174,255,3.5
174,257,5
174,258,3
174,274,4
174,277,4
174,289,3
174,294,2.5
174,320,3
174,327,3.5
174,337,3.5
174,346,4.5
174,363,4.5
174,370,4
174,374,4.5
174,376,4
174,382,3
174,383,3.5
174,387,3
174,407,4.5
174,426,4
174,448,5
174,455,2.5
174,456,4
174,471,4.5
174,480,3.5
174,482,2.5
174,494,3
174,496,4
174,503,3.5
174,520,2
174,521,3
174,535,3.5
174,536,2.5
174,540,3.5
174,544,2
174,545,3
174,552,3.5
174,557,3.5
174,563,3.5
174,565,2.5
174,569,3.5
174,577,3.5
174,591,3.5
174,630,4
174,636,3
174,637,3
174,647,4
174,652,3.5
174,661,2.5
174,682,4
174,698,3.5
174,699,4
174,723,4
174,737,4
174,751,4
174,762,3.5
174,790,4.5
174,800,3
174,818,3.5
174,832,2.5
174,867,5
174,870,4
174,879,2.5
174,892,4.5
174,894,4
174,933,3
174,945,3.5
174,993,3
175,63,4
175,79,4.5
175,80,3
175,100,4.5
175,129,3
175,146,3
175,152,2
175,153,4
175,157,4.5
175,162,4
175,174,2.5
175,183,3
175,196,3.5
175,199,3.5
175,204,5
175,217,3
175,219,2.5
175,223,3
175,242,3
175,252,2.5
175,254,2.5
175,255,4
175,257,5
175,258,4
175,266,4
175,268,4.5
175,275,3
175,283,4.5
175,285,3.5
175,313,3.5
175,323,4.5
175,337,3
175,341,3.5
175,352,3.5
175,353,4
175,363,4.5
175,367,3.5
175,374,3
175,392,3
175,403,3
175,426,4
175,432,2.5
175,433,4
175,434,3.5
175,440,4
175,446,5
175,457,3.5
175,459,4
175,467,3.5
175,473,3.5
175,489,3
175,498,2.5
175,501,2.5
175,522,2.5
175,524,3.5
175,533,4
175,535,3.5
175,541,3.5
175,543,3.5
175,574,3
175,584,3.5
175,590,3.5
175,597,3
175,607,3.5
175,610,3.5
175,613,4
175,614,3.5
175,629,3.5
175,642,3.5
175,665,3
175,668,4
175,673,3
175,676,4
175,697,3
175,722,4.5
175,748,4
175,751,4.5
175,768,2.5
175,773,4.5
175,783,2
175,788,3
175,819,4.5
175,821,3.5
175,843,3.5
175,850,2.5
175,852,3.5
175,860,2.5
175,872,3
175,877,3.5
175,892,3.5
175,900,4
175,917,3
175,931,4
175,962,3.5
175,963,3
175,974,4
175,989,4
175,992,3.5
176,6,3.5
176,25,4.5
176,27,5
176,86,3
176,107,4
176,136,4
176,147,4.5
176,148,3.5
176,149,2.5
176,170,4
176,176,3
176,187,3.5
176,195,4.5
176,203,4.5
176,214,4
176,220,3.5
176,258,2.5
176,264,3.5
176,267,4
176,276,5
176,288,3
176,305,5
176,318,3.5
176,321,4
176,325,3.5
176,366,3
176,394,3
176,406,3
176,412,4
176,424,3
176,427,4
176,435,4
176,443,3
176,458,4
176,463,4
176,484,3
176,519,4.5
176,557,3.5
176,562,2
176,574,4
176,576,2.5
176,598,3.5
176,604,3
176,610,3.5
176,615,3.5
176,632,2
176,640,3.5
176,654,4
176,667,4
176,671,3.5
176,703,4
176,706,2.5
176,708,3
176,709,5
176,713,3
176,721,3
176,728,3
176,729,3.5
176,748,3
176,755,2.5
176,765,4
176,784,2.5
176,792,3.5
176,805,4
176,818,4.5
176,831,3.5
176,833,3
176,855,3.5
176,857,2.5
176,858,2.5
176,859,3.5
176,873,3.5
176,884,3
176,889,3
176,901,4
176,910,4
176,918,5
176,932,2
176,935,4
176,937,4.5
176,938,3.5
176,941,3.5
176,958,3
176,965,4
176,972,3.5
176,976,2
177,26,3.5
177,27,4.5
177,37,4.5
177,116,3
177,120,2.5
177,126,3.5
177,127,3.5
177,130,4
177,138,5
177,144,3
177,151,4
177,154,3.5
177,160,3.5
177,164,3.5
177,175,3
177,203,4.5
177,205,3
177,219,3
177,222,3.5
177,223,3
177,234,2.5
177,235,3.5
177,256,4.5
177,257,3.5
177,311,5
177,318,3.5
177,327,3
177,330,3
177,344,3
177,355,5
177,371,4.5
177,377,2.5
177,402,4.5
177,408,2.5
177,416,2.5
177,427,2.5
177,429,3.5
177,434,2
177,472,3
177,502,4.5
177,504,3.5
177,519,4.5
177,534,4.5
177,562,2.5
177,582,2.5
177,587,5
177,603,4
177,605,3.5
177,612,3
177,615,5
177,618,4
177,621,4
177,628,3.5
177,658,4
177,664,3
177,679,3.5
177,693,4
177,694,3.5
177,700,4.5
177,703,4
177,708,4
177,720,4
177,728,2.5
177,733,3
177,736,4
177,741,1.5
177,771,4
177,798,4
177,805,4
177,821,4
177,833,3
177,843,5
177,850,2.5
177,886,2
177,888,3.5
177,921,3.5
177,924,2.5
177,929,3
177,935,4
177,943,4
177,957,3.5
177,973,4.5
178,3,5
178,5,3.5
178,8,4
178,10,5
178,23,2.5
178,26,4.5
178,27,5
178,50,3.5
178,69,3
178,105,3.5
178,115,4
178,116,3.5
178,119,4
178,139,3.5
178,158,4
178,170,4
178,180,5
178,195,3
178,196,3
178,198,5
178,209,5
178,211,3.5
178,214,5
178,252,4.5
178,261,4.5
178,264,3
178,276,3
178,291,5
178,311,4
178,314,5
178,323,3
178,327,3
178,338,3
178,341,4.5
178,373,3.5
178,377,3
178,395,3
178,406,3.5
178,412,4.5
178,414,4
178,416,3.5
178,423,3
178,480,4
178,487,3.5
178,494,4
178,498,4.5
178,505,3.5
178,506,4
178,509,2.5
178,517,4
178,519,4.5
178,547,2.5
178,566,4.5
178,572,3
178,589,3.5
178,594,2.5
178,595,4
178,623,3.5
178,628,4.5
178,658,4.5
178,671,4.5
178,673,4
178,706,4
178,709,4.5
178,725,4.5
178,726,3.5
178,730,3.5
178,731,3.5
178,759,5
178,763,3
178,769,3.5
178,772,3.5
178,780,3.5
178,786,4
178,809,3.5
178,812,4
178,813,3.5
178,814,5
178,816,5
178,824,3.5
178,827,4
178,835,4
178,836,3.5
178,839,5
178,843,5
178,854,5
178,863,4
178,872,2.5
178,883,3.5
178,902,4
178,918,5
178,922,4.5
178,923,4.5
178,948,3.5
178,956,3.5
178,968,3
178,978,3
178,986,3.5
179,6,3.5
179,59,5
179,62,5
179,66,4
179,78,4.5
179,80,4.5
179,82,3
179,110,4.5
179,116,4
179,120,4.5
179,126,3
179,139,4
179,145,3.5
179,171,2.5
179,182,2.5
179,202,4.5
179,243,4
179,246,3.5
179,255,5
179,257,4
179,279,4.5
179,297,4
179,315,3
179,319,3
179,323,4.5
179,342,4
179,345,5
179,362,4
179,366,4
179,377,4
179,420,4
179,426,5
179,460,4
179,467,4
179,496,3.5
179,501,3.5
179,503,4.5
179,518,3.5
179,520,4.5
179,535,4
179,543,4
179,544,4.5
179,553,3.5
179,561,4.5
179,576,4
179,585,3
179,601,3.5
179,606,4
179,626,2.5
179,635,3.5
179,638,4.5
179,655,3.5
179,664,4.5
179,665,4
179,672,4
179,694,3.5
179,699,3
179,704,5
179,718,3.5
179,721,4
179,733,4
179,743,3.5
179,748,4.5
179,760,3.5
179,769,5
179,833,2.5
179,843,2.5
179,861,3
179,883,3.5
179,892,5
179,894,4
179,897,4
179,902,3.5
179,939,3.5
179,945,4.5
179,955,3
179,981,3
179,990,3.5
179,998,3.5
180,7,3
180,34,4.5
180,36,4
180,63,2.5
180,114,4.5
180,139,3
180,146,3.5
180,151,4
180,159,3
180,165,4
180,166,3
180,179,2.5
180,184,4
180,188,3
180,199,2.5
180,218,3.5
180,219,3
180,228,2.5
180,234,2
180,263,2.5
180,269,4
180,279,4.5
180,300,2
180,306,3.5
180,325,4
180,340,3.5
180,347,3.5
180,357,4.5
180,398,3
180,407,3.5
180,424,3
180,425,2
180,461,3
180,468,4
180,471,4.5
180,472,4.5
180,473,4
180,515,3
180,516,4
180,526,3
180,542,3.5
180,561,3.5
180,567,3.5
180,582,3
180,648,3.5
180,663,3.5
180,682,3.5
180,699,4
180,709,2.5
180,714,2.5
180,731,1.5
180,744,3.5
180,768,3
180,804,2.5
180,808,5
180,811,2.5
180,815,4
180,832,3
180,836,3
180,860,2
180,861,3.5
180,887,3.5
180,893,3
180,901,4
180,906,2.5
180,908,2.5
180,919,3
180,925,3.5
180,933,3
180,938,4
180,945,2.5
180,956,4
180,963,3
180,976,4
180,985,3
180,986,3.5
180,996,2.5
181,78,3.5
181,101,4
181,114,3
181,151,4
181,153,5
181,157,4.5
181,184,3.5
181,195,2
181,197,3
181,201,3
181,202,3
181,218,3.5
181,219,3.5
181,221,4.5
181,246,3.5
181,253,2.5
181,255,4
181,256,3.5
181,257,3.5
181,270,4.5
181,271,3.5
181,281,2.5
181,284,2.5
181,291,3.5
181,323,3.5
181,337,2.5
181,352,3
181,363,5
181,371,2.5
181,384,3.5
181,400,3
181,418,2
181,433,3
181,446,4
181,451,4
181,465,4
181,467,3
181,471,3.5
181,493,3
181,496,4.5
181,503,3.5
181,522,2.5
181,539,3
181,540,4
181,547,2.5
181,552,3.5
181,560,4.5
181,576,3
181,584,4
181,592,3.5
181,594,3
181,601,3
181,606,4
181,623,3.5
181,625,3.5
181,629,3.5
181,642,4.5
181,644,4
181,645,3
181,660,3
181,667,3
181,699,4
181,701,4.5
181,708,3
181,719,3.5
181,744,3.5
181,746,3
181,751,3.5
181,782,4
181,797,4
181,799,4
181,804,2.5
181,807,3.5
181,808,4.5
181,827,3
181,829,2
181,839,3
181,855,3
181,868,3.5
181,876,2
181,892,4.5
181,896,3.5
181,900,3
181,901,3.5
181,920,4.5
181,942,3.5
181,945,4
181,968,3.5
181,970,2.5
181,979,4
181,989,3.5
181,998,4
181,999,2.5
182,24,1.5
182,35,2
182,68,4.5
182,73,4.5
182,114,3.5
182,129,2
182,134,3
182,146,3
182,149,3.5
182,164,3.5
182,181,3
182,191,4
182,206,2.5
182,220,3
182,268,3
182,275,4
182,292,3.5
182,320,3.5
182,349,3
182,354,3
182,365,2.5
182,375,2.5
182,408,2.5
182,409,3.5
182,418,4
182,424,4
182,425,2.5
182,428,2.5
182,436,2.5
182,455,3.5
182,466,4.5
182,477,2.5
182,485,4.5
182,510,3
182,527,2
182,531,3.5
182,539,3
182,546,3
182,548,4
182,551,3.5
182,554,3.5
182,568,3.5
182,570,4
182,578,2.5
182,588,3.5
182,597,4
182,618,3.5
182,626,4
182,641,3.5
182,649,3.5
182,664,3
182,666,2.5
182,672,2.5
182,674,3.5
182,679,4.5
182,685,2.5
182,698,4
182,722,3.5
182,727,3.5
182,743,4
182,746,3
182,763,3.5
182,765,3.5
182,766,3.5
182,767,3
182,770,3.5
182,771,3.5
182,774,2
182,809,3.5
182,812,3
182,823,2.5
182,825,4
182,833,4
182,840,3
182,845,4
182,852,4
182,858,4
182,863,4
182,864,3
182,873,4
182,915,4
182,930,4
182,959,3
182,961,2.5
182,970,2
182,981,2
182,983,3
182,992,3
183,61,4
183,80,5
183,101,3
183,129,4.5
183,171,3.5
183,179,4.5
183,181,3
183,208,4
183,210,3.5
183,231,4
183,234,3
183,279,3
183,283,5
183,295,4.5
183,296,3.5
183,306,3.5
183,325,3
183,349,2.5
183,360,2.5
183,366,3.5
183,388,3.5
183,422,3.5
183,433,4.5
183,434,4.5
183,441,3.5
183,488,3.5
183,490,4
183,509,2
183,513,3.5
183,514,3.5
183,540,3.5
183,558,4
183,595,3.5
183,613,3
183,626,2.5
183,643,4
183,645,2
183,659,3.5
183,666,3.5
183,670,3
183,682,4
183,703,2.5
183,705,4
183,722,3.5
183,727,3.5
183,731,4
183,732,2.5
183,736,4.5
183,748,3.5
183,758,4
183,773,4
183,775,3.5
183,786,4
183,800,4
183,801,3
183,812,3
183,827,3.5
183,869,3
183,870,4
183,876,2.5
183,880,3.5
183,882,3.5
183,891,3
183,926,3.5
183,927,4
183,943,4
183,945,4
183,949,3.5
183,951,2.5
183,955,3.5
183,972,4
183,981,2
183,992,3.5
183,996,3.5
183,997,3
184,31,4.5
184,63,5
184,64,3
184,65,4
184,66,4
184,67,4
184,68,4.5
184,115,4.5
184,121,4.5
184,137,4
184,139,3.5
184,152,4
184,175,3.5
184,192,3.5
184,201,4.5
184,206,3
184,211,3.5
184,221,5
184,223,4
184,227,5
184,236,4
184,242,4
184,253,3.5
184,282,4.5
184,304,4.5
184,309,4.5
184,318,4
184,351,4.5
184,352,4.5
184,353,3.5
184,357,4
184,385,4.5
184,390,4.5
184,399,3.5
184,407,5
184,411,4
184,419,5
184,423,4
184,424,4
184,442,3
184,444,3
184,447,2.5
184,465,4
184,472,3.5
184,489,3
184,493,4.5
184,511,4.5
184,517,3.5
184,523,4.5
184,545,3.5
184,552,4.5
184,558,5
184,563,3.5
184,567,4.5
184,569,4
184,586,3
184,588,3.5
184,590,4
184,593,4
184,595,4
184,600,4.5
184,604,2
184,614,4
184,616,3.5
184,619,4
184,622,4.5
184,635,3.5
184,642,4.5
184,647,3.5
184,672,2.5
184,675,3.5
184,687,3
184,701,4
184,719,4
184,728,4
184,746,4
184,752,3.5
184,756,4.5
184,759,4
184,764,3
184,769,4
184,777,4.5
184,782,4.5
184,808,3.5
184,810,4.5
184,814,3.5
184,815,4.5
184,818,4
184,825,4
184,826,3.5
184,855,3.5
184,873,4
184,901,5
184,954,4.5
184,966,3.5
184,972,4.5
184,980,4
184,997,3.5
185,5,2.5
185,22,5
185,23,4.5
185,52,3
185,79,4.5
185,80,4
185,107,3.5
185,145,4.5
185,152,3.5
185,155,3.5
185,180,3.5
185,197,4.5
185,212,3
185,215,3.5
185,221,4
185,228,3
185,243,4.5
185,245,5
185,264,4.5
185,274,4.5
185,278,4.5
185,294,4.5
185,300,3
185,302,3.5
185,304,4.5
185,308,3
185,314,2.5
185,323,4
185,325,4.5
185,335,4
185,337,3.5
185,344,2.5
185,360,4
185,369,3
185,373,4
185,383,4
185,399,4.5
185,406,3
185,416,3.5
185,423,2.5
185,446,4
185,453,3.5
185,456,4
185,467,4
185,473,4.5
185,477,5
185,496,3
185,501,5
185,503,4
185,509,2.5
185,511,3
185,518,5
185,523,4
185,527,4
185,529,4
185,535,4.5
185,536,3.5
185,576,4
185,578,5
185,592,4
185,601,5
185,609,3
185,616,4.5
185,623,3.5
185,647,5
185,659,4.5
185,665,4.5
185,675,4
185,685,4
185,689,3.5
185,699,3.5
185,701,3.5
185,724,3.5
185,737,4
185,741,4.5
185,756,4.5
185,761,4
185,773,3.5
185,785,4
185,789,4.5
185,803,2.5
185,819,3.5
185,834,2.5
185,864,3.5
185,868,3
185,891,5
185,892,5
185,893,4
185,914,4.5
185,920,4
185,921,5
185,924,4.5
185,926,3
185,929,3.5
185,930,4.5
185,938,5
185,943,2.5
185,964,3.5
185,966,3.5
185,999,4.5
186,28,3.5
186,48,3
186,78,3
186,100,4
186,118,4
186,119,5
186,125,4
186,128,4
186,229,4.5
186,234,3
186,255,3.5
186,274,5
186,277,4
186,298,2.5
186,305,3.5
186,309,4
186,311,4
186,316,5
186,328,2.5
186,337,3.5
186,345,3.5
186,346,4
186,347,3
186,351,3
186,361,3
186,371,3.5
186,398,3.5
186,415,4
186,434,4
186,435,4.5
186,440,3
186,446,5
186,460,3
186,476,3
186,484,4
186,495,2
186,501,5
186,513,2.5
186,519,4
186,553,3.5
186,555,2.5
186,556,3.5
186,576,4
186,579,3.5
186,580,3.5
186,592,4
186,619,4
186,624,3.5
186,628,3.5
186,663,4
186,679,4
186,681,3.5
186,687,3.5
186,749,3
186,763,3
186,773,3.5
186,783,2
186,784,2
186,795,4
186,810,3.5
186,811,3
186,823,3.5
186,831,3.5
186,835,2.5
186,843,5
186,847,2.5
186,885,4
186,887,4.5
186,888,2
186,895,3
186,897,3.5
186,902,4.5
186,928,3.5
186,931,5
186,934,4
186,943,4.5
186,967,4
186,985,4.5
186,987,5
186,990,4.5
186,993,3
186,999,4
187,71,4
187,73,4
187,84,3
187,86,4
187,142,2.5
187,167,3.5
187,179,2
187,188,3.5
187,190,4.5
187,222,3.5
187,242,4
187,251,4.5
187,260,2.5
187,261,3.5
187,265,4
187,290,5
187,292,4
187,298,2.5
187,302,4
187,308,2
187,310,3.5
187,312,4
187,329,2.5
187,349,3
187,364,3
187,399,3
187,409,4.5
187,411,3.5
187,419,3
187,426,3.5
187,428,3
187,429,2.5
187,431,2.5
187,432,3.5
187,434,2.5
187,443,3
187,456,3
187,460,3.5
187,475,4.5
187,510,3.5
187,524,4
187,539,4
187,542,4
187,546,3.5
187,564,5
187,586,2.5
187,588,3.5
187,599,4
187,601,3
187,605,3.5
187,647,3
187,656,2.5
187,657,3.5
187,667,4
187,669,3.5
187,680,3.5
187,691,2.5
187,692,3.5
187,701,3.5
187,705,4
187,713,3
187,757,4.5
187,762,3.5
187,763,3.5
187,777,4.5
187,814,4
187,822,2.5
187,841,3.5
187,845,4.5
187,852,4.5
187,873,3.5
187,889,2
187,895,3
187,899,4
187,907,3.5
187,915,2.5
187,930,3
187,973,5
187,977,3
187,978,3
187,979,4
187,983,3
187,991,2.5
187,993,4
187,999,2.5
188,48,4.5
188,52,4
188,54,2.5
188,60,3
188,71,4
188,74,3.5
188,141,3.5
188,142,4
188,144,3.5
188,171,3.5
188,172,2
188,185,3
188,200,4
188,229,3
188,233,3
188,234,3
188,238,3
188,244,4.5
188,267,3
188,277,3.5
188,288,2.5
188,300,4
188,303,3
188,327,2.5
188,328,4
188,333,3
188,334,4
188,346,3
188,352,3.5
188,386,2.5
188,401,3.5
188,402,5
188,404,3
188,409,3
188,410,2.5
188,422,4
188,425,2.5
188,426,3
188,428,4
188,433,3
188,437,2.5
188,440,4
188,447,4
188,449,4
188,477,4.5
188,492,3.5
188,518,2
188,531,3
188,549,4
188,550,4.5
188,554,3.5
188,567,4
188,594,1.5
188,601,2.5
188,609,3.5
188,611,3
188,612,5
188,622,3.5
188,648,3.5
188,650,4
188,658,2.5
188,683,4
188,693,4.5
188,708,2.5
188,713,3
188,720,3.5
188,730,3
188,743,3.5
188,748,3.5
188,758,3
188,760,4.5
188,761,3.5
188,782,2.5
188,792,2.5
188,811,4
188,831,3
188,832,3
188,850,2.5
188,866,4
188,874,3.5
188,877,3
188,882,4
188,892,4
188,899,3
188,909,2
188,918,3
188,924,2
188,927,3
188,934,2.5
188,949,4
188,958,2.5
188,961,5
188,978,2
188,981,2
188,995,4
189,1,4
189,29,4.5
189,31,2.5
189,36,4.5
189,66,4
189,68,5
189,70,4.5
189,101,4
189,119,4
189,122,3.5
189,126,3.5
189,132,3.5
189,133,4
189,135,4
189,164,4
189,176,3.5
189,194,4.5
189,203,5
189,210,5
189,211,3
189,223,5
189,228,4.5
189,233,3
189,250,4
189,259,3.5
189,261,3.5
189,263,3.5
189,269,4
189,284,4
189,292,5
189,296,2.5
189,298,3
189,314,4
189,324,4.5
189,369,4.5
189,371,4
189,390,3.5
189,395,4
189,396,2.5
189,417,3.5
189,418,4.5
189,419,4
189,440,3.5
189,446,3.5
189,453,2.5
189,458,3.5
189,462,3
189,479,3.5
189,489,3.5
189,491,3.5
189,514,4
189,517,4
189,539,3
189,635,5
189,654,4
189,658,3
189,684,4
189,689,3
189,696,3.5
189,708,4
189,720,2.5
189,740,3.5
189,743,3
189,777,4
189,779,3
189,782,2.5
189,809,2.5
189,825,4.5
189,841,4.5
189,843,4.5
189,852,3
189,863,4.5
189,865,4.5
189,873,4
189,883,3.5
189,889,3.5
189,890,4
189,908,3
189,909,4.5
189,916,5
189,921,3.5
189,938,3.5
189,949,3
189,950,3
189,956,4
189,957,5
189,958,3.5
189,972,4.5
189,973,4
189,983,4
190,1,3.5
190,57,3.5
190,62,4
190,83,3.5
190,104,5
190,120,3.5
190,123,3.5
190,129,4
190,133,3.5
190,138,3.5
190,144,2.5
190,149,3
190,166,2.5
190,167,3
190,179,4
190,198,3.5
190,213,3
190,216,4
190,222,2.5
190,230,2
190,238,3.5
190,241,3.5
190,243,4
190,254,4
190,257,3.5
190,296,3.5
190,306,3.5
190,354,4
190,365,4
190,366,3.5
190,370,3
190,371,3
190,374,2.5
190,376,4
190,382,3
190,401,3
190,411,3
190,412,4
190,414,3.5
190,427,4
190,476,3.5
190,493,3.5
190,508,4
190,541,4.5
190,542,2
190,550,3
190,553,4.5
190,561,2.5
190,567,3.5
190,577,4
190,596,2
190,598,2.5
190,610,3
190,621,4.5
190,644,2.5
190,648,3.5
190,654,3
190,658,3
190,664,4.5
190,667,4
190,672,3.5
190,677,5
190,702,4.5
190,703,3.5
190,704,4
190,744,3.5
190,761,3.5
190,771,3.5
190,773,3
190,775,3.5
190,789,3.5
190,800,2.5
190,806,3
190,809,2.5
190,811,4
190,815,3.5
190,823,4
190,832,3.5
190,835,3.5
190,838,4
190,839,3
190,841,3
190,862,4.5
190,864,5
190,877,3
190,885,4
190,886,4.5
190,937,3
190,945,3.5
190,960,4.5
190,995,3.5
190,996,2
191,18,4
191,36,4
191,96,4
191,110,3.5
191,112,4
191,116,3
191,122,4
191,126,3
191,127,3
191,142,4
191,157,3
191,167,4
191,177,4
191,189,3
191,202,4
191,236,3.5
191,242,3.5
191,245,2.5
191,251,5
191,257,3
191,260,3
191,273,5
191,276,3.5
191,279,5
191,311,4
191,319,3
191,373,4
191,376,3.5
191,389,4.5
191,403,2.5
191,408,4
191,413,5
191,423,3.5
191,431,4.5
191,452,4.5
191,459,3
191,469,4
191,479,4
191,530,3
191,534,4
191,540,3.5
191,542,4.5
191,556,4
191,559,2.5
191,562,2.5
191,563,3.5
191,580,3
191,584,4
191,586,2.5
191,599,4.5
191,600,4
191,608,5
191,631,4.5
191,649,3.5
191,656,5
191,669,3
191,680,4.5
191,717,4
191,725,3.5
191,734,4.5
191,735,4
191,748,2.5
191,758,4
191,776,2.5
191,777,3.5
191,784,4
191,795,4
191,806,4.5
191,848,3.5
191,861,4
191,879,3.5
191,912,3
191,918,3
191,948,4
191,953,2
191,958,4.5
191,975,4
191,993,4
192,4,3
192,56,2.5
192,59,4
192,61,4
192,69,2.5
192,103,3
192,127,4
192,149,3.5
192,157,4.5
192,172,2.5
192,179,3
192,180,3
192,197,3
192,202,3.5
192,210,5
192,217,2.5
192,218,4.5
192,228,3
192,256,3.5
192,259,3.5
192,268,2.5
192,282,4
192,288,2.5
192,290,2.5
192,292,4.5
192,297,2.5
192,300,2.5
192,316,3.5
192,333,3
192,337,3
192,338,3
192,340,3.5
192,344,2.5
192,355,3
192,410,3
192,474,3.5
192,490,3.5
192,493,3.5
192,495,2.5
192,515,4
192,519,3
192,526,3
192,529,4
192,538,3
192,542,3
192,558,3.5
192,561,4
192,574,4
192,590,2.5
192,595,3.5
192,605,3.5
192,610,3.5
192,617,3
192,618,3
192,619,3
192,620,4
192,625,3
192,643,2.5
192,654,2.5
192,670,2.5
192,680,4
192,684,4
192,685,3.5
192,700,5
192,711,3
192,733,3.5
192,774,4
192,805,4
192,821,3
192,854,3.5
192,868,3
192,871,3.5
192,875,4
192,879,2
192,889,3.5
192,900,3.5
192,933,3.5
192,935,3
192,943,3
192,944,3.5
192,980,3.5
192,988,4.5
193,8,4.5
193,10,3
193,22,3
193,31,3
193,54,3
193,55,4.5
193,56,4.5
193,58,4
193,61,3.5
193,72,3.5
193,101,4.5
193,124,5
193,127,3
193,129,4
193,141,3
193,152,3.5
193,156,5
193,159,3.5
193,166,3.5
193,169,4.5
193,177,3
193,180,5
193,182,3.5
193,199,4
193,203,4
193,207,3
193,210,3
193,218,3.5
193,236,3.5
193,239,3
193,283,3.5
193,330,3
193,335,4.5
193,344,3.5
193,382,3.5
193,399,4
193,407,3.5
193,414,3
193,417,3
193,419,2.5
193,426,3.5
193,431,3
193,436,4
193,438,3
193,453,4
193,463,4
193,488,4.5
193,494,4.5
193,498,4.5
193,524,2.5
193,531,3.5
193,541,4.5
193,544,3
193,579,3
193,584,3.5
193,649,3.5
193,669,3.5
193,673,3.5
193,678,4.5
193,679,3.5
193,682,3.5
193,685,4
193,692,3
193,709,4
193,712,5
193,773,3.5
193,778,3.5
193,785,4
193,789,3.5
193,796,3.5
193,807,3.5
193,812,3.5
193,826,4
193,828,5
193,836,2
193,838,4.5
193,842,3.5
193,857,3.5
193,862,4
193,871,3.5
193,872,2.5
193,877,3
193,889,4.5
193,895,4
193,907,3
193,910,4
193,923,4.5
193,926,3.5
193,932,5
193,955,2
193,957,3.5
193,958,4
193,981,3.5
193,998,4
194,7,3.5
194,34,3.5
194,65,5
194,108,3
194,146,4.5
194,150,3
194,211,3.5
194,219,3
194,223,3.5
194,231,3
194,241,4
194,311,3.5
194,313,3.5
194,316,4
194,329,4.5
194,348,3
194,354,3
194,364,4.5
194,366,3
194,370,2.5
194,371,2.5
194,374,4.5
194,377,4
194,383,3
194,388,3
194,405,5
194,407,4
194,410,4
194,412,3.5
194,444,3.5
194,461,2.5
194,503,3.5
194,509,2
194,533,4.5
194,564,3.5
194,566,4
194,573,4
194,578,3
194,584,3.5
194,594,4
194,606,3
194,637,3.5
194,647,3
194,648,4.5
194,654,3
194,666,3.5
194,679,4.5
194,683,2.5
194,725,4
194,738,5
194,742,4.5
194,745,4
194,748,3.5
194,751,3.5
194,761,3
194,773,3.5
194,779,4
194,782,3
194,787,4.5
194,793,2.5
194,799,3
194,805,4
194,807,4
194,823,2.5
194,842,3.5
194,846,3
194,872,2.5
194,887,4
194,892,4.5
194,895,5
194,910,3.5
194,919,3
194,921,4
194,939,2.5
194,954,4
194,969,3
194,980,3.5
194,981,3
194,988,4
194,999,3.5
195,1,3.5
195,7,3
195,20,4
195,41,4
195,42,4
195,91,4.5
195,92,5
195,111,5
195,116,4.5
195,117,4
195,131,4
195,132,3
195,139,4
195,167,3.5
195,177,4
195,185,4.5
195,188,3
195,221,3.5
195,227,4
195,231,4.5
195,236,4.5
195,263,3
195,270,5
195,271,4
195,275,4
195,286,3
195,293,3.5
195,295,5
195,298,4
195,303,4.5
195,326,2
195,337,3.5
195,339,4.5
195,341,3
195,343,4.5
195,356,4
195,370,5
195,380,4.5
195,390,4
195,401,3.5
195,404,3.5
195,405,5
195,433,4.5
195,437,3.5
195,447,1.5
195,449,3.5
195,467,2.5
195,474,5
195,491,4.5
195,526,4
195,532,4
195,536,4
195,561,4.5
195,565,4.5
195,570,4
195,578,4
195,580,3.5
195,581,5
195,589,4.5
195,601,3
195,602,3.5
195,617,4
195,633,4.5
195,648,2.5
195,655,3
195,657,3.5
195,663,4
195,701,3
195,704,4
195,710,3.5
195,716,3
195,738,3
195,741,5
195,759,3.5
195,777,3.5
195,780,5
195,784,4
195,786,4
195,794,3.5
195,822,3
195,826,3
195,842,2.5
195,844,3
195,846,4.5
195,852,3.5
195,864,4.5
195,885,3.5
195,895,4.5
195,909,3
195,921,4
195,924,4.5
195,930,4.5
195,947,4
195,959,3.5
195,964,3.5
195,967,3.5
195,974,4.5
195,983,2
195,999,3
195,1000,3.5
196,29,4.5
196,37,3.5
196,48,4.5
196,75,3.5
196,108,2.5
196,158,3.5
196,160,4
196,162,4
196,179,3.5
196,182,4.5
196,190,3
196,206,3.5
196,223,4
196,227,3.5
196,256,3.5
196,264,5
196,277,5
196,286,1.5
196,307,3.5
196,313,2.5
196,322,4.5
196,329,3.5
196,336,4
196,343,4
196,347,3.5
196,353,4.5
196,357,4.5
196,368,4
196,377,3.5
196,384,4.5
196,389,3.5
196,463,3.5
196,484,4.5
196,490,4
196,493,4.5
196,499,4
196,508,3.5
196,526,3
196,530,4
196,534,3.5
196,540,3.5
196,542,3.5
196,546,4
196,549,3.5
196,557,3.5
196,569,4
196,590,4
196,606,2.5
196,607,4
196,610,3
196,611,4
196,616,3
196,642,3.5
196,650,5
196,675,3
196,676,4.5
196,693,4.5
196,715,4.5
196,716,3.5
196,721,3
196,735,4.5
196,741,3
196,767,4
196,772,4.5
196,777,2
196,788,4
196,840,4
196,856,3
196,877,4.5
196,879,3.5
196,880,3.5
196,889,3.5
196,890,4
196,894,4
196,925,3.5
196,932,3.5
196,937,4
196,938,3.5
196,950,3.5
196,953,3
196,957,4.5
196,961,2.5
196,969,3.5
196,980,3
196,987,3.5
197,24,2
197,25,3
197,120,3
197,124,4
197,126,3
197,129,3.5
197,139,4
197,148,3.5
197,160,4.5
197,161,2.5
197,170,2.5
197,172,3
197,176,2.5
197,195,2.5
197,203,4.5
197,205,2.5
197,210,4.5
197,213,3
197,234,3
197,238,3
197,248,4
197,253,2.5
197,256,4.5
197,262,3
197,270,4
197,309,3
197,311,4
197,320,4
197,323,3
197,326,2
197,327,2
197,344,3
197,360,3
197,366,4.5
197,371,4
197,398,4.5
197,406,2.5
197,413,2.5
197,414,2
197,417,2.5
197,431,2.5
197,433,4
197,442,3
197,458,4
197,497,3
197,503,2.5
197,521,3
197,550,3.5
197,556,2.5
197,561,4.5
197,587,4
197,593,4
197,605,4
197,608,3
197,609,3.5
197,620,4.5
197,626,2
197,628,3.5
197,688,3
197,696,3.5
197,698,3
197,700,4.5
197,701,3.5
197,725,4.5
197,727,3.5
197,729,3
197,739,2.5
197,793,4
197,816,3.5
197,818,2.5
197,841,3
197,854,3.5
197,867,3
197,875,4
197,900,3.5
197,910,3
197,929,4.5
197,935,4
197,939,3.5
197,971,2.5
197,978,3.5
197,982,3
198,2,5
198,45,3.5
198,53,4.5
198,89,3.5
198,102,4
198,104,4.5
198,105,3.5
198,113,5
198,125,4.5
198,129,4
198,145,5
198,150,3.5
198,182,5
198,186,3.5
198,188,3.5
198,192,3.5
198,193,3.5
198,226,3
198,227,2.5
198,249,3
198,265,5
198,281,3
198,285,4.5
198,303,4.5
198,310,4
198,312,4
198,316,3
198,319,3.5
198,333,4
198,344,2.5
198,350,3.5
198,358,4
198,373,4.5
198,376,3
198,386,4
198,410,2
198,417,4
198,431,3.5
198,459,3.5
198,483,2.5
198,492,5
198,519,3.5
198,525,3.5
198,527,4
198,542,2.5
198,544,3.5
198,577,5
198,581,5
198,589,5
198,593,3.5
198,607,4
198,608,4
198,612,5
198,613,4
198,621,4
198,627,4
198,646,4.5
198,667,3.5
198,692,3
198,696,4
198,702,4.5
198,715,4
198,717,3.5
198,731,4
198,733,4
198,735,4.5
198,739,4.5
198,758,4.5
198,761,4.5
198,767,4.5
198,779,3.5
198,783,3
198,810,3
198,811,4.5
198,815,5
198,816,2.5
198,837,3
198,840,4
198,854,4
198,876,5
198,886,3.5
198,888,4
198,889,3.5
198,892,5
198,895,3.5
198,907,3.5
198,912,3.5
198,914,5
198,948,4
198,959,3
198,961,4.5
198,967,5
198,969,5
198,974,4.5
198,985,5
198,990,3
198,1000,4.5
199,10,3.5
199,63,3
199,94,3
199,120,4
199,121,4
199,127,3
199,154,2.5
199,158,3
199,159,5
199,164,2.5
199,165,3
199,179,3.5
199,184,3
199,192,2.5
199,196,3.5
199,210,4
199,228,2.5
199,235,1.5
199,237,2
199,249,2
199,290,3.5
199,295,3.5
199,301,2.5
199,307,3
199,314,3
199,325,4
199,329,2.5
199,350,2
199,360,2.5
199,364,3.5
199,374,2.5
199,378,2.5
199,388,3
199,392,3
199,399,4
199,405,4
199,453,2.5
199,455,3.5
199,470,4
199,479,3
199,497,4
199,498,3
199,500,3
199,505,2.5
199,508,3.5
199,512,3
199,524,2.5
199,536,3.5
199,557,2.5
199,560,2
199,606,4
199,633,4.5
199,650,3.5
199,655,3
199,659,2
199,666,4
199,667,4
199,672,2
199,684,3
199,693,4.5
199,721,3
199,732,2.5
199,736,3.5
199,737,2.5
199,741,4
199,742,3.5
199,771,4
199,809,2.5
199,819,2.5
199,840,2
199,851,4
199,860,3
199,863,3.5
199,864,4
199,881,3
199,883,4.5
199,884,3
199,903,2
199,904,4.5
199,939,2.5
199,965,3.5
199,975,3.5
199,976,3.5
199,984,2.5
199,985,4
200,17,4
200,30,3.5
200,109,3.5
200,123,4.5
200,134,5
200,149,4
200,153,2.5
200,162,4
200,179,4
200,223,4
200,246,5
200,250,5
200,253,4
200,260,4
200,268,3.5
200,278,4
200,281,3.5
200,285,2.5
200,289,3
200,294,4.5
200,305,4
200,328,3.5
200,347,4.5
200,355,4
200,368,3.5
200,373,4
200,377,4
200,381,3.5
200,419,2.5
200,441,3
200,443,5
200,449,4
200,452,4.5
200,457,4.5
200,472,4
200,480,5
200,494,4
200,499,4
200,510,3.5
200,517,4.5
200,526,4.5
200,536,3.5
200,553,3
200,586,4
200,590,3
200,610,3.5
200,630,4
200,638,3.5
200,651,3
200,662,4
200,673,4
200,692,3.5
200,700,3.5
200,708,2.5
200,720,2
200,733,4
200,745,3.5
200,751,2.5
200,768,3
200,778,4
200,791,3
200,794,4
200,800,3
200,813,4.5
200,825,4
200,859,4
200,876,4.5
200,890,3
200,892,3.5
200,900,3
200,908,2
200,916,3.5
200,923,4.5
200,935,3
200,975,3.5
200,976,3.5
200,977,4
200,991,4
200,1000,3.5
